WayPoint_Count 1 

Leader Index 4 

Leader Contour 379.5 

Contour Threshold 220 

Converging Before Rutherford Scattering [ 9.22979533  6.56894609  5.13399683  9.28001486 -0.3603163  11.04359073
  1.9441719   2.02698594  2.50121182 -0.52611981]_[-7.98321501 -3.79770437  0.51911907  3.66484267  1.22237638 -3.93090574
 -6.08372498 -2.10017674  2.43265407 -0.6795101 ] 

Minimum Distance Within Rutherford Scattering 4.2 

Converging After Rutherford Scattering [ 9.59202174  6.90346514  5.83917606  9.9412165  -1.50856772 12.04859448
  1.49065197  1.9904519   2.55700338 -2.01173606]_[-8.91528005 -4.19791993  0.87006375  4.32710041  2.50480776 -3.89287091
 -7.22452967 -2.57202292  3.78140183 -1.41699502] 

drones next lat [48.33575656 48.33579878 48.33584429 48.33587571 48.33585842 48.33580193
 48.33577113 48.33581302 48.33587022 48.3358231 ] drones next lon [14.32677448 14.32673764 14.32672268 14.32677762 14.32662335 14.32680703
 14.32666497 14.32667116 14.32667805 14.32661702] 
WayPoint_Count 2 

Leader Index 4 

Leader Contour 362.5 

Contour Threshold 220 

Converging Before Rutherford Scattering [ 9.13215262  5.31294902  2.90360537  8.27182549 -0.68863682 11.17712193
 -0.01338106 -0.02068944  1.16472476 -0.8863866 ]_[-7.124243   -1.95192901  1.48637805  3.06063461  1.93234525 -2.69066272
 -5.71704985 -0.44325248  2.32557234  1.05831965] 

Minimum Distance Within Rutherford Scattering 4.2 

Converging After Rutherford Scattering [ 9.41686176  5.81260429  4.12333838  9.01625379 -2.15045551 11.99457445
 -0.37609237  0.0181208   1.53372922 -3.03564955]_[-7.8686484  -2.58529889  1.57285311  3.71214867  4.03859307 -2.70333851
 -6.70649825 -1.87594239  4.01472153  0.3375229 ] 

drones next lat [48.33576596 48.3358132  48.33585048 48.33587011 48.33587216 48.33581263
 48.33577564 48.33581913 48.33587224 48.3358388 ] drones next lon [14.32677199 14.32672273 14.32669945 14.32676521 14.32661451 14.32680616
 14.32663972 14.32664447 14.32666422 14.326603  ] 
WayPoint_Count 3 

Leader Index 4 

Leader Contour 306.0 

Contour Threshold 220 

Converging Before Rutherford Scattering [ 7.11094941  5.23876253  3.09636239  7.74279928 -2.62675322 10.85796311
  0.24926451  0.0384849  -1.25259215 -2.2139836 ]_[-6.02463638 -1.03945     1.75329855  3.08257082  3.15930899 -1.09938568
 -4.42467392  0.70717926  4.64544446  3.21697957] 

Minimum Distance Within Rutherford Scattering 4.2 

Converging After Rutherford Scattering [ 7.43657226  5.69474125  3.54511486  8.47257975 -5.4225606  11.74991981
 -0.15573968 -0.25574175 -0.99809764 -1.8255311 ]_[-6.83940465 -1.6013449   2.40055618  3.82948933  3.10376572 -1.2401424
 -5.34744284 -0.26454362  6.79202149  3.14368135] 

drones next lat [48.33577506 48.33582205 48.33585788 48.33587112 48.3358635  48.33582577
 48.33578788 48.3358336  48.33589702 48.33586414] drones next lon [14.32674515 14.32672103 14.32669155 14.32675786 14.32657047 14.32680268
 14.32664253 14.32664058 14.32662973 14.326619  ] 
WayPoint_Count 4 

Leader Index 4 

Leader Contour 296.0 

Contour Threshold 220 

Converging Before Rutherford Scattering [ 5.20077998  3.15706158  2.37172726  5.73698566 -5.41094473 10.6577122
 -1.66094638 -1.30066958 -1.95557643 -4.5711052 ]_[-6.37283239 -1.54002935  3.12856694  3.05071975  2.10383319 -1.28171371
 -4.5444096   0.05148983  6.32690528  3.78777401] 

Minimum Distance Within Rutherford Scattering 4.2 

Converging After Rutherford Scattering [ 5.52868642  3.54014361  2.41029759  6.71657084 -6.71194125 11.33032754
 -2.08085299 -1.55804628 -1.82456944 -5.1255917 ]_[-7.11190539 -1.9497651   3.71136299  3.53784378  1.28426885 -1.38545018
 -5.41391201 -0.19823266  7.46504623  4.77104745] 

drones next lat [48.33577246 48.33581874 48.33586958 48.33586836 48.33584703 48.33582443
 48.33578713 48.3358341  48.33590301 48.33587852] drones next lon [14.32671944 14.326692   14.32667608 14.3267342  14.32655329 14.32679704
 14.32661657 14.326623   14.3266185  14.32657428] 
WayPoint_Count 5 

Leader Index 5 

Leader Contour 298.0 

Contour Threshold 220 

Converging Before Rutherford Scattering [ 6.85144662  6.01567036  3.65141244  7.36400131 -3.73979681 11.95952506
 -0.23886972 -0.39267241 -0.62300565 -2.90415524]_[-6.70186741 -0.92840956  1.85047133  1.38469347  1.10370819 -2.16269563
 -5.83584455  0.18169822  7.23765905  3.13283855] 

Minimum Distance Within Rutherford Scattering 4.2 

Converging After Rutherford Scattering [ 7.08766922  6.18589152  3.61346628  8.37495271 -5.06514498 12.74907861
 -0.55305412 -0.42497266 -0.61247695 -3.41185369]_[-7.43398821 -1.68510093  2.54036391  2.23109574  0.41378897 -2.31663492
 -6.53207507 -0.28140457  8.18247412  4.14373261] 

drones next lat [48.33576969 48.33582133 48.33585914 48.33585673 48.33583932 48.33581617
 48.3357772  48.33583344 48.33590956 48.33587301] drones next lon [14.32674051 14.32672766 14.32669245 14.32675673 14.32657561 14.32681629
 14.32663731 14.3266383  14.32663477 14.32659747] 
WayPoint_Count 6 

Leader Index 4 

Leader Contour 332.0 

Contour Threshold 220 

Converging Before Rutherford Scattering [ 5.854286    3.45652793  1.35069314  6.78916059 -4.89555137 10.30756951
 -0.85982703 -3.03735268 -0.7767475  -3.57695959]_[-7.24368389 -1.96439228  3.01170913  1.04492746 -0.57172511 -2.8991522
 -4.23254126  0.78788891  7.00464781  3.07919054] 

Minimum Distance Within Rutherford Scattering 4.2 

Converging After Rutherford Scattering [ 6.0867796   3.6778791   1.81774518  7.47006077 -6.34409785 11.06143134
 -1.13183922 -2.77259651 -0.77268697 -4.48087645]_[-7.9646338  -2.27905175  3.46208063  1.53737697 -1.31953821 -3.08342857
 -5.09561477  0.49449814  8.06992862  4.19525185] 

drones next lat [48.33576483 48.33581579 48.33586729 48.33585042 48.33582363 48.33580914
 48.33579007 48.33584023 48.33590854 48.33587339] drones next lon [14.32672707 14.32669389 14.32666812 14.32674461 14.32655856 14.32679361
 14.32662933 14.32660653 14.32663262 14.32658304] 
WayPoint_Count 7 

Leader Index 4 

Leader Contour 331.5 

Contour Threshold 220 

Converging Before Rutherford Scattering [ 5.02245269  2.23088118 -0.61932109  4.87947286 -5.3525804   8.84885011
 -1.98437949 -4.94666938 -0.79530829 -5.61358975]_[-6.30711322 -2.92759262  3.15388489  1.90726799 -1.18956451 -1.90690937
 -4.56378504  0.50922269  6.28625454  3.17076023] 

Minimum Distance Within Rutherford Scattering 4.2 

Converging After Rutherford Scattering [ 5.45199189  2.42852498 -0.30979554  5.46784984 -6.4194304   9.63585988
 -2.20547904 -5.07709408 -0.70319038 -6.59942871]_[-7.11864848 -3.08892628  3.20839981  2.37126831 -2.51385733 -1.96291097
 -5.45174198  0.82525868  7.53184642  4.3317374 ] 

drones next lat [48.33577239 48.33580841 48.33586484 48.33585777 48.33581288 48.3358191
 48.33578678 48.33584303 48.3359037  48.33587445] drones next lon [14.3267184  14.32667713 14.32663944 14.32671749 14.32655768 14.32677424
 14.32661489 14.3265754  14.32663362 14.32655444] 
WayPoint_Count 8 

Leader Index 5 

Leader Contour 321.0 

Contour Threshold 220 

Converging Before Rutherford Scattering [ 5.94857875  3.54184566  1.04946544  6.68006291 -5.34134118 10.42863043
 -0.82939784 -4.09788169 -0.22976731 -5.72745162]_[-6.211277   -2.27450658  3.19548306  1.91441894 -2.05507635 -2.57243115
 -4.04637063  0.28504102  6.15287696  3.48872749] 

Minimum Distance Within Rutherford Scattering 4.2 

Converging After Rutherford Scattering [ 6.2729158   3.74721465  1.34816464  7.29229361 -6.35654826 11.17335283
 -0.98784945 -4.15519812 -0.34403161 -6.56757054]_[-7.01233493 -2.4110207   3.30111877  2.40154885 -2.95066602 -2.68385514
 -4.81963813  0.51032056  7.2909463   4.25046622] 

drones next lat [48.33577341 48.33581461 48.33586581 48.33585818 48.33580896 48.33581274
 48.33579257 48.33584026 48.33590156 48.33587372] drones next lon [14.32672947 14.32669484 14.3266618  14.32674211 14.32655858 14.32679507
 14.32663124 14.32658788 14.32663849 14.32655488] 
WayPoint_Count 9 

Leader Index 5 

Leader Contour 236.5 

Contour Threshold 220 

Converging Before Rutherford Scattering [ 8.38395947  5.08823107  3.10734117  7.5836491  -5.30523444 10.80044276
  0.58762444 -1.46501695  2.08168511 -5.43342958]_[-6.4791174  -3.23778726  3.25935615  1.19882758 -2.60331574 -1.75598765
 -3.55473925 -0.5787249   6.38757059  4.20729233] 

Minimum Distance Within Rutherford Scattering 4.2 

Converging After Rutherford Scattering [ 8.80040741  5.21058846  3.21597902  8.11056756 -6.14635456 11.72615281
  0.39105303 -1.83671813  1.94795643 -5.99037989]_[-7.29442251 -3.57550735  3.39910317  1.70859677 -3.01879942 -1.82356829
 -4.39384281 -0.28820643  7.48304191  4.64697941] 

drones next lat [48.33577108 48.33580425 48.33586683 48.33585201 48.33580836 48.33582052
 48.33579651 48.33583326 48.33590347 48.33587733] drones next lon [14.3267636  14.32671473 14.32668699 14.32675323 14.32656143 14.32680243
 14.3266498  14.32661925 14.3266694  14.32656262] 
WayPoint_Count 10 

Leader Index 5 

Leader Contour 194.5 

Contour Threshold 220 

Previous Drone Positions [ 8.80040741  5.21058846  3.21597902  8.11056756 -6.14635456 11.72615281
  0.39105303 -1.83671813  1.94795643 -5.99037989]_[-7.29442251 -3.57550735  3.39910317  1.70859677 -3.01879942 -1.82356829
 -4.39384281 -0.28820643  7.48304191  4.64697941] 

Mean Previous Drone Positions [2.54292522 2.54292522 2.54292522 2.54292522 2.54292522 2.54292522
 2.54292522 2.54292522 2.54292522 2.54292522]_[-0.31566256 -0.31566256 -0.31566256 -0.31566256 -0.31566256 -0.31566256
 -0.31566256 -0.31566256 -0.31566256 -0.31566256] 

relative Drone Positions [ 14.62337826  11.37373865   8.12409903   4.87445942   1.62481981
  -1.62481981  -4.87445942  -8.12409903 -11.37373865 -14.62337826]_[-11.97358795  -9.31279062  -6.6519933   -3.99119598  -1.33039866
   1.33039866   3.99119598   6.6519933    9.31279062  11.97358795] 

current starting Drone Positions [ 17.16630347  13.91666386  10.66702425   7.41738463   4.16774502
   0.91810541  -2.3315342   -5.58117382  -8.83081343 -12.08045304]_[-12.2892505   -9.62845318  -6.96765586  -4.30685854  -1.64606122
   1.01473611   3.67553343   6.33633075   8.99712807  11.65792539] 

scanning direction vector [0.52165727 0.52165727 0.52165727 0.52165727 0.52165727 0.52165727
 0.52165727 0.52165727 0.52165727 0.52165727]_[0.63710157 0.63710157 0.63710157 0.63710157 0.63710157 0.63710157
 0.63710157 0.63710157 0.63710157 0.63710157] 

changing back speed 0.3 

velocity vector [ 3.03142609  3.13347989  2.75697084  0.3137024   3.61588715 -2.72075695
 -0.2951189  -0.60167943 -2.71197368 -1.30536467]_[-0.86134683 -1.17878218 -2.47292614 -1.16753503  1.04892303  1.48859289
  3.05791444  2.62446272  1.09132741  2.74038536] 

Moving Straight [11.8318335   8.34406836  5.97294986  8.42426996 -2.53046741  9.00539586
  0.09593413 -2.43839756 -0.76401726 -7.29574456]_[-8.15576934 -4.75428953  0.92617703  0.54106174 -1.96987639 -0.33497541
 -1.33592837  2.33625629  8.57436933  7.38736477] 

drones next lat [48.33576357 48.33579389 48.33584481 48.33584153 48.33581808 48.3358337
 48.33582399 48.33585683 48.33591308 48.33590188] drones next lon [14.32680461 14.32675715 14.32672448 14.3267576  14.32661009 14.32676555
 14.32664545 14.32661082 14.32663268 14.32654469] 
WayPoint_Count 11 

Leader Index 4 

Leader Contour 145.0 

Contour Threshold 220 

Previous Drone Positions [11.8318335   8.34406836  5.97294986  8.42426996 -2.53046741  9.00539586
  0.09593413 -2.43839756 -0.76401726 -7.29574456]_[-8.15576934 -4.75428953  0.92617703  0.54106174 -1.96987639 -0.33497541
 -1.33592837  2.33625629  8.57436933  7.38736477] 

Mean Previous Drone Positions [3.06458249 3.06458249 3.06458249 3.06458249 3.06458249 3.06458249
 3.06458249 3.06458249 3.06458249 3.06458249]_[0.32143901 0.32143901 0.32143901 0.32143901 0.32143901 0.32143901
 0.32143901 0.32143901 0.32143901 0.32143901] 

relative Drone Positions [ 14.62337826  11.37373865   8.12409903   4.87445942   1.62481981
  -1.62481981  -4.87445942  -8.12409903 -11.37373865 -14.62337826]_[-11.97358795  -9.31279062  -6.6519933   -3.99119598  -1.33039866
   1.33039866   3.99119598   6.6519933    9.31279062  11.97358795] 

current starting Drone Positions [ 17.68796075  14.43832113  11.18868152   7.93904191   4.6894023
   1.43976268  -1.80987693  -5.05951654  -8.30915616 -11.55879577]_[-11.65214893  -8.99135161  -6.33055429  -3.66975697  -1.00895965
   1.65183767   4.31263499   6.97343231   9.63422964  12.29502696] 

scanning direction vector [0.52165727 0.52165727 0.52165727 0.52165727 0.52165727 0.52165727
 0.52165727 0.52165727 0.52165727 0.52165727]_[0.63710157 0.63710157 0.63710157 0.63710157 0.63710157 0.63710157
 0.63710157 0.63710157 0.63710157 0.63710157] 

changing back speed 0.3 

velocity vector [ 2.27849545  2.34993311  2.08637677  0.37608886  2.68761818 -1.74803268
 -0.05008605 -0.26467842 -1.7418844  -0.75725809]_[-0.41181231 -0.63401706 -1.53991783 -0.62614405  0.92537659  1.23314549
  2.33167058  2.02825437  0.95505966  2.10940022] 

Moving Straight [14.11032895 10.69400146  8.05932664  8.80035882  0.15715078  7.25736318
  0.04584809 -2.70307598 -2.50590165 -8.05300265]_[-8.56758165 -5.38830659 -0.6137408  -0.0850823  -1.0444998   0.89817008
  0.9957422   4.36451066  9.52942898  9.49676499] 

drones next lat [48.33576004 48.33578837 48.33583112 48.33583593 48.33582662 48.33584466
 48.33584496 48.33587505 48.33592153 48.3359208 ] drones next lon [14.3268354  14.32678893 14.32675281 14.32676275 14.32664624 14.32674181
 14.3266445  14.32660701 14.32660906 14.32653422] 
WayPoint_Count 12 

Leader Index 4 

Leader Contour 128.0 

Contour Threshold 220 

Previous Drone Positions [14.11032895 10.69400146  8.05932664  8.80035882  0.15715078  7.25736318
  0.04584809 -2.70307598 -2.50590165 -8.05300265]_[-8.56758165 -5.38830659 -0.6137408  -0.0850823  -1.0444998   0.89817008
  0.9957422   4.36451066  9.52942898  9.49676499] 

Mean Previous Drone Positions [3.58623976 3.58623976 3.58623976 3.58623976 3.58623976 3.58623976
 3.58623976 3.58623976 3.58623976 3.58623976]_[0.95854058 0.95854058 0.95854058 0.95854058 0.95854058 0.95854058
 0.95854058 0.95854058 0.95854058 0.95854058] 

relative Drone Positions [ 14.62337826  11.37373865   8.12409903   4.87445942   1.62481981
  -1.62481981  -4.87445942  -8.12409903 -11.37373865 -14.62337826]_[-11.97358795  -9.31279062  -6.6519933   -3.99119598  -1.33039866
   1.33039866   3.99119598   6.6519933    9.31279062  11.97358795] 

current starting Drone Positions [ 18.20961802  14.95997841  11.7103388    8.46069918   5.21105957
   1.96141996  -1.28821966  -4.53785927  -7.78749888 -11.0371385 ]_[-11.01504737  -8.35425005  -5.69345273  -3.0326554   -0.37185808
   2.28893924   4.94973656   7.61053388  10.2713312   12.93212852] 

scanning direction vector [0.52165727 0.52165727 0.52165727 0.52165727 0.52165727 0.52165727
 0.52165727 0.52165727 0.52165727 0.52165727]_[0.63710157 0.63710157 0.63710157 0.63710157 0.63710157 0.63710157
 0.63710157 0.63710157 0.63710157 0.63710157] 

changing back speed 0.3 

velocity vector [ 1.75144399  1.80145036  1.61696092  0.41975938  2.03782991 -1.06712569
  0.12143695 -0.02877771 -1.0628219  -0.37358348]_[-0.09713815 -0.25268147 -0.88681201 -0.24717036  0.83889408  1.05433231
  1.82329987  1.61090853  0.85967223  1.66771063] 

Moving Straight [15.86177295 12.49545182  9.67628756  9.2201182   2.19498069  6.19023749
  0.16728504 -2.7318537  -3.56872355 -8.42658613]_[-8.6647198  -5.64098806 -1.50055281 -0.33225267 -0.20560572  1.9525024
  2.81904208  5.97541919 10.38910122 11.16447562] 

drones next lat [48.33575931 48.33578624 48.33582327 48.33583374 48.33583433 48.33585406
 48.33586138 48.33588954 48.33592918 48.33593577] drones next lon [14.32685904 14.32681326 14.32677474 14.32676844 14.32667364 14.32672729
 14.32664592 14.32660643 14.32659462 14.32652898] 
WayPoint_Count 13 

Leader Index 4 

Leader Contour 223.0 

Contour Threshold 220 

Converging Before Rutherford Scattering [14.31290352  9.73719971  8.25151356  6.72855854  2.86248668  4.84169267
  0.29878808 -1.07343485 -2.82523262 -6.36861772]_[-6.62370418 -4.5624771  -0.32160718  0.57445726  0.5389987   1.91354729
  1.34576269  5.32273586  7.65503794 10.42421875] 

Minimum Distance Within Rutherford Scattering 4.2 

Converging After Rutherford Scattering [14.90517245  9.86285269  9.92317198  6.96986968  2.52239179  4.84934993
 -0.94697577 -1.07244431 -3.24778111 -6.99974976]_[-6.99892326 -5.32649426 -0.695077    0.65315467 -0.57606978  3.45202358
  0.96838188  5.43653681  8.40258139 10.95085599] 

drones next lat [48.33577422 48.33578886 48.33583053 48.33584243 48.33583102 48.33586744
 48.33584464 48.33588482 48.33591134 48.33593396] drones next lon [14.32684594 14.32677771 14.32677797 14.32673796 14.3266781  14.32670902
 14.32663111 14.32662889 14.32659918 14.32654826] 
WayPoint_Count 14 

Leader Index 4 

Leader Contour 165.5 

Contour Threshold 220 

Previous Drone Positions [14.90517245  9.86285269  9.92317198  6.96986968  2.52239179  4.84934993
 -0.94697577 -1.07244431 -3.24778111 -6.99974976]_[-6.99892326 -5.32649426 -0.695077    0.65315467 -0.57606978  3.45202358
  0.96838188  5.43653681  8.40258139 10.95085599] 

Mean Previous Drone Positions [3.67658576 3.67658576 3.67658576 3.67658576 3.67658576 3.67658576
 3.67658576 3.67658576 3.67658576 3.67658576]_[1.626697 1.626697 1.626697 1.626697 1.626697 1.626697 1.626697 1.626697
 1.626697 1.626697] 

relative Drone Positions [ 7.91431238  6.15557629  4.39684021  2.63810413  0.87936804 -0.87936804
 -2.63810413 -4.39684021 -6.15557629 -7.91431238]_[-17.1631483  -13.34911534  -9.53508239  -5.72104943  -1.90701648
   1.90701648   5.72104943   9.53508239  13.34911534  17.1631483 ] 

current starting Drone Positions [11.59089814  9.83216205  8.07342597  6.31468988  4.5559538   2.79721771
  1.03848163 -0.72025445 -2.47899054 -4.23772662]_[-15.5364513  -11.72241834  -7.90838539  -4.09435243  -0.28031948
   3.53371348   7.34774644  11.16177939  14.97581235  18.7898453 ] 

scanning direction vector [0.74775257 0.74775257 0.74775257 0.74775257 0.74775257 0.74775257
 0.74775257 0.74775257 0.74775257 0.74775257]_[0.34480547 0.34480547 0.34480547 0.34480547 0.34480547 0.34480547
 0.34480547 0.34480547 0.34480547 0.34480547] 

changing back speed 0.3 

velocity vector [-0.24652972  0.73854538  0.19282877  0.55119863  1.35782117  0.1321129
  1.34338979  0.85340953  0.97838974  1.57635951]_[-2.21645294 -1.57397176 -1.81918705 -1.07944666  0.43353056  0.36931244
  2.25861484  2.06237824  2.31677476  2.69650226] 

Moving Straight [14.65864272 10.60139807 10.11600074  7.52106831  3.88021296  4.98146284
  0.39641402 -0.21903478 -2.26939137 -5.42339025]_[-9.2153762  -6.90046601 -2.51426405 -0.42629199 -0.14253922  3.82133602
  3.22699672  7.49891506 10.71935614 13.64735826] 

drones next lat [48.33575426 48.33577476 48.33581418 48.33583276 48.33583503 48.33587077
 48.33586506 48.33590345 48.33593225 48.33595835] drones next lon [14.32684287 14.32678786 14.32678079 14.32674553 14.32669637 14.32671076
 14.32664897 14.32664016 14.32661211 14.32656921] 
WayPoint_Count 15 

Leader Index 4 

Leader Contour 185.5 

Contour Threshold 220 

Previous Drone Positions [14.65864272 10.60139807 10.11600074  7.52106831  3.88021296  4.98146284
  0.39641402 -0.21903478 -2.26939137 -5.42339025]_[-9.2153762  -6.90046601 -2.51426405 -0.42629199 -0.14253922  3.82133602
  3.22699672  7.49891506 10.71935614 13.64735826] 

Mean Previous Drone Positions [4.42433833 4.42433833 4.42433833 4.42433833 4.42433833 4.42433833
 4.42433833 4.42433833 4.42433833 4.42433833]_[1.97150247 1.97150247 1.97150247 1.97150247 1.97150247 1.97150247
 1.97150247 1.97150247 1.97150247 1.97150247] 

relative Drone Positions [ 7.91431238  6.15557629  4.39684021  2.63810413  0.87936804 -0.87936804
 -2.63810413 -4.39684021 -6.15557629 -7.91431238]_[-17.1631483  -13.34911534  -9.53508239  -5.72104943  -1.90701648
   1.90701648   5.72104943   9.53508239  13.34911534  17.1631483 ] 

current starting Drone Positions [12.3386507  10.57991462  8.82117854  7.06244245  5.30370637  3.54497028
  1.7862342   0.02749812 -1.73123797 -3.48997405]_[-15.19164583 -11.37761287  -7.56357992  -3.74954696   0.06448599
   3.87851895   7.69255191  11.50658486  15.32061782  19.13465077] 

scanning direction vector [0.74775257 0.74775257 0.74775257 0.74775257 0.74775257 0.74775257
 0.74775257 0.74775257 0.74775257 0.74775257]_[0.34480547 0.34480547 0.34480547 0.34480547 0.34480547 0.34480547
 0.34480547 0.34480547 0.34480547 0.34480547] 

changing back speed 0.3 

velocity vector [0.05175496 0.74130753 0.35930591 0.61016481 1.17480059 0.3168048
 1.16469862 0.82171244 0.90919859 1.32777743]_[-1.44807542 -0.99833859 -1.16998929 -0.65217102  0.40691303  0.36196035
  1.68447203  1.54710641  1.72518397  1.99099322] 

Moving Straight [14.71039769 11.3427056  10.47530665  8.13123312  5.05501355  5.29826764
  1.56111264  0.60267766 -1.36019278 -4.09561282]_[-10.66345162  -7.8988046   -3.68425334  -1.07846301   0.26437381
   4.18329637   4.91146874   9.04602147  12.44454012  15.63835148] 

drones next lat [48.33574124 48.33576584 48.33580369 48.33582694 48.33583878 48.33587405
 48.33588031 48.33591743 48.33594785 48.33597636] drones next lon [14.32684374 14.32679798 14.32678577 14.32675384 14.32671217 14.32671499
 14.32666448 14.32665106 14.32662417 14.32658689] 
WayPoint_Count 16 

Leader Index 4 

Leader Contour 294.0 

Contour Threshold 220 

Converging Before Rutherford Scattering [12.74260451 10.88901886  8.30407961  6.49569673  5.51650043  4.68155439
  1.81900455  0.59154852 -0.42005239 -3.76007916]_[-9.93009141 -5.67239145 -1.67456735 -1.25864637  1.15152085  3.05727603
  3.64284302  7.66442362  9.67501174 14.64602848] 

Minimum Distance Within Rutherford Scattering 4.2 

Converging After Rutherford Scattering [13.06793599 11.2733623   9.69032153  5.66472748  5.71428067  5.10648683
  0.73555945  0.64101877 -0.94399019 -4.08982678]_[-10.57060816  -6.06252257  -1.79365149  -2.51440041   1.05403024
   4.37824652   3.29765442   7.61030795  10.75793827  15.14441239] 

drones next lat [48.33574194 48.33578235 48.33582063 48.33581383 48.33584594 48.33587579
 48.33586573 48.33590452 48.33593271 48.33597192] drones next lon [14.32682157 14.32679682 14.32677496 14.32672073 14.32672098 14.32671238
 14.32665353 14.32665175 14.32662999 14.32658702] 
WayPoint_Count 17 

Leader Index 4 

Leader Contour 257.5 

Contour Threshold 220 

Converging Before Rutherford Scattering [11.19730276  9.69350497  8.04283648  5.52559043  6.60657152  6.43528579
  1.73590901  2.31714079 -0.59687999 -2.17047212]_[-9.47850155 -5.42364183 -1.62887268 -1.50056578  0.60256923  2.16413625
  3.04391285  5.13662546  8.4885902  12.87329106] 

Minimum Distance Within Rutherford Scattering 4.2 

Converging After Rutherford Scattering [11.5389061  10.09795949  9.32329868  4.3179442   6.94373572  6.98545014
  0.7059249   2.44112868 -1.09560326 -2.47195499]_[-10.27720694  -6.03700546  -2.11687527  -2.68210309   0.5674657
   3.94730604   2.33705966   6.12837489   8.86508633  13.54544135] 

drones next lat [48.33574446 48.33578249 48.33581769 48.33581221 48.33584166 48.33587206
 48.33585708 48.33589133 48.33591567 48.33595766] drones next lon [14.32680091 14.32678096 14.32677005 14.32670258 14.32673762 14.32673778
 14.32665325 14.32667621 14.32662817 14.32660904] 
WayPoint_Count 18 

Leader Index 4 

Leader Contour 332.0 

Contour Threshold 220 

Converging Before Rutherford Scattering [10.2334593   8.39288185  7.00627391  5.57297777  7.65503831  7.86847317
  2.27561825  4.68075625  0.14773764 -1.34980432]_[-7.58469386 -4.76993855 -0.48150994 -0.12648942  1.27035163  2.36706637
  2.72632349  4.38038767  8.41763038 10.92798533] 

Minimum Distance Within Rutherford Scattering 4.2 

Converging After Rutherford Scattering [ 1.08452495e+01  8.43391747e+00  7.61639525e+00  3.95473712e+00
  8.86113711e+00  9.13178244e+00  9.64374107e-01  4.64681757e+00
 -4.98890752e-03 -1.96600956e+00]_[-8.61129774 -5.54004349 -1.99845197 -0.73011546  1.12222203  4.45283024
  2.58544701  5.48689986  8.45985905 11.89976358] 

drones next lat [48.33575939 48.33578683 48.33581863 48.33582975 48.3358468  48.33587678
 48.33585934 48.33588573 48.33591211 48.3359429 ] drones next lon [14.32679135 14.32675845 14.326747   14.32669745 14.32676343 14.32676668
 14.32665671 14.32670605 14.32664293 14.32661606] 
WayPoint_Count 19 

Leader Index 4 

Leader Contour 311.5 

Contour Threshold 220 

Converging Before Rutherford Scattering [ 9.8596446   8.40162116  7.44585445  5.16478639  9.11220118  8.60450944
  1.98883265  6.42138235  2.26792594 -0.53937637]_[-5.84138357 -4.53121384 -0.55205001  0.72663425  0.15425156  1.52850591
  2.55648569  4.97089156  7.86586273  9.48884292] 

Minimum Distance Within Rutherford Scattering 4.2 

Converging After Rutherford Scattering [10.98348255  7.75566019  7.02222124  4.10581056 11.16128868  9.39991102
  0.7266646   6.66729977  2.32945842 -1.42441524]_[-7.18763236 -5.33573436 -1.50420786  0.56706796 -0.41169967  2.9654511
  2.57946217  6.07475642  8.42501094 10.19435284] 

drones next lat [48.33577221 48.33578861 48.33582302 48.33584143 48.33583318 48.33586342
 48.33585926 48.33589118 48.33591198 48.3359276 ] drones next lon [14.32679305 14.32674928 14.32673893 14.32669933 14.32679464 14.32677048
 14.3266535  14.32673324 14.32667443 14.32662357] 
WayPoint_Count 20 

Leader Index 4 

Leader Contour 388.5 

Contour Threshold 220 

Converging Before Rutherford Scattering [12.03128383  9.76963401  8.70516329  7.0682062  10.22254867  9.59396802
  2.54633251  7.31081599  3.7433639  -0.63840222]_[-5.28477222 -3.20907166 -0.02575695  0.48439469 -0.75632584  0.50958063
  1.03365216  5.29939052  6.01040681  8.23664797] 

Minimum Distance Within Rutherford Scattering 4.2 

Converging After Rutherford Scattering [13.04190495  9.28998497  8.17632396  5.44408342 12.3167637  11.02826882
  1.32358124  7.80048602  3.250637   -1.31911989]_[-6.50295977 -4.79076488 -0.89746227  0.85735331 -1.30929744  2.45242399
  0.70214794  6.35147756  6.70005208  8.73517559] 

drones next lat [48.33577853 48.33579364 48.33582857 48.33584414 48.3358252  48.33585894
 48.33584242 48.33589376 48.33589653 48.33591448] drones next lon [14.32682074 14.32676991 14.32675443 14.32671735 14.32681034 14.32679251
 14.32666178 14.3267485  14.32668707 14.32662517] 
WayPoint_Count 21 

Leader Index 4 

Leader Contour 370.5 

Contour Threshold 220 

Converging Before Rutherford Scattering [13.42481812 10.22591024 10.61837422  7.613929   11.50237546 12.05195217
  2.34817044  9.00914419  3.80632845 -0.45519779]_[-5.27390282 -4.2079312  -0.20333522  1.22097914 -0.72897702 -0.366444
  0.00867914  5.6097939   5.70818343  8.21455127] 

Minimum Distance Within Rutherford Scattering 4.2 

Converging After Rutherford Scattering [14.39922571  9.47338957  9.9662775   6.56218482 11.98639012 14.44600877
  1.53098497  9.3759042   3.46448033 -1.05904149]_[-6.30224373 -5.54344728  0.69095789  1.45640593 -2.26144196  0.8583875
 -0.38176495  6.60185567  6.19554221  8.66734534] 

drones next lat [48.33578044 48.33578688 48.33584301 48.33584962 48.3358166  48.33584487
 48.33583269 48.33589613 48.33589201 48.33591389] drones next lon [14.32683903 14.32677248 14.32677839 14.32673237 14.32680599 14.32683881
 14.3266647  14.32676972 14.32669001 14.32662868] 
WayPoint_Count 22 

Leader Index 4 

Leader Contour 341.0 

Contour Threshold 220 

Converging Before Rutherford Scattering [13.0895805   9.69016955 10.34576599  7.51845135 12.92547373 13.54388814
  2.81049682 10.08869332  5.7756546  -0.28950692]_[-5.54381534 -3.913227   -1.62119694 -0.39485276 -2.60513072  0.22961084
 -0.01082449  3.69431038  4.33385062  6.73726602] 

Minimum Distance Within Rutherford Scattering 4.2 

Converging After Rutherford Scattering [13.79396414  8.88963176 10.34963414  6.60629782 14.22906964 14.77749069
  1.82040371 10.48636455  5.35279441 -0.80698377]_[-7.03713224 -5.38965034 -1.29137901 -0.3243894  -2.96959418  1.19592584
 -0.27282474  4.72175351  5.14745068  7.1258305 ] 

drones next lat [48.33577379 48.33578822 48.3358252  48.33583361 48.33581041 48.33584793
 48.33583369 48.33587931 48.33588273 48.33590004] drones next lon [14.32683095 14.32676458 14.3267838  14.32673317 14.32683634 14.32684324
 14.32666859 14.32678493 14.32671561 14.32663227] 
WayPoint_Count 23 

Leader Index 4 

Leader Contour 306.5 

Contour Threshold 220 

Converging Before Rutherford Scattering [13.1547868  11.56773607 11.29924578  8.10061977 13.34716732 15.51474402
  4.72807806 12.11879085  6.05758589  0.95262922]_[-4.52477994 -5.08019705 -2.54914325 -0.06144317 -3.44102637 -0.84498917
 -0.99960459  2.27031891  3.16109537  5.01590669] 

Minimum Distance Within Rutherford Scattering 4.2 

Converging After Rutherford Scattering [14.4890183  10.3259046  10.63206194  7.73651489 14.55318462 17.03184122
  3.57458373 12.51276587  5.6966523   0.28885632]_[-6.6281862  -6.77179445 -2.31073605  0.18389843 -2.90815489 -0.07986262
 -1.52754303  3.40931235  4.15230641  5.42689748] 

drones next lat [48.33577752 48.3357759  48.33581605 48.33583827 48.33581099 48.33583663
 48.33582254 48.33586766 48.33587381 48.33588485] drones next lon [14.32684028 14.32678412 14.32678773 14.32674836 14.3268407  14.32687381
 14.32669241 14.32681242 14.32672037 14.32664725] 
WayPoint_Count 24 

Leader Index 4 

Leader Contour 299.0 

Contour Threshold 220 

Converging Before Rutherford Scattering [15.18122877 10.84148771 13.57686294 10.36864505 15.54489291 14.75676629
  6.34337542 12.46057526  6.36760234  1.62216625]_[-5.38174802 -5.14491836 -2.86439774 -0.05689049 -3.03666427 -1.87443421
 -2.39731617  0.76095731  3.35580304  5.33719846] 

Minimum Distance Within Rutherford Scattering 4.2 

Converging After Rutherford Scattering [15.8068005  10.01266694 12.89760511  9.43551057 17.76100623 15.90430668
  5.3107826  12.92200428  6.01224418  1.00067583]_[-7.23075764 -6.41065383 -3.40378424  0.23740193 -3.53921525 -0.2800329
 -2.79804332  2.40985946  4.00169165  5.71112368] 

drones next lat [48.3357722  48.33577912 48.3358064  48.33583888 48.33580557 48.33583474
 48.33581125 48.3358587  48.33587248 48.33588746] drones next lon [14.32685813 14.32677986 14.32681842 14.32677128 14.32688406 14.32685862
 14.32671599 14.32681806 14.32672465 14.32665683] 
WayPoint_Count 25 

Leader Index 5 

Leader Contour 195.5 

Contour Threshold 220 

Previous Drone Positions [15.8068005  10.01266694 12.89760511  9.43551057 17.76100623 15.90430668
  5.3107826  12.92200428  6.01224418  1.00067583]_[-7.23075764 -6.41065383 -3.40378424  0.23740193 -3.53921525 -0.2800329
 -2.79804332  2.40985946  4.00169165  5.71112368] 

Mean Previous Drone Positions [10.70636029 10.70636029 10.70636029 10.70636029 10.70636029 10.70636029
 10.70636029 10.70636029 10.70636029 10.70636029]_[-1.13024105 -1.13024105 -1.13024105 -1.13024105 -1.13024105 -1.13024105
 -1.13024105 -1.13024105 -1.13024105 -1.13024105] 

relative Drone Positions [-6.15095051 -4.78407262 -3.41719473 -2.05031684 -0.68343895  0.68343895
  2.05031684  3.41719473  4.78407262  6.15095051]_[-17.8710886  -13.89973558  -9.92838256  -5.95702953  -1.98567651
   1.98567651   5.95702953   9.92838256  13.89973558  17.8710886 ] 

current starting Drone Positions [ 4.55540978  5.92228767  7.28916556  8.65604346 10.02292135 11.38979924
 12.75667713 14.12355502 15.49043292 16.85731081]_[-19.00132965 -15.02997662 -11.0586236   -7.08727058  -3.11591756
   0.85543547   4.82678849   8.79814151  12.76949453  16.74084756] 

scanning direction vector [1.54036705 1.54036705 1.54036705 1.54036705 1.54036705 1.54036705
 1.54036705 1.54036705 1.54036705 1.54036705]_[-0.53017036 -0.53017036 -0.53017036 -0.53017036 -0.53017036 -0.53017036
 -0.53017036 -0.53017036 -0.53017036 -0.53017036] 

changing back speed 0.3 

velocity vector [-1.83505017  0.31325327 -0.14216482  1.30652691 -0.78105842  0.18601481
  3.77413541  1.90083227  4.38382367  6.29735754]_[-4.06134196 -3.1159672  -2.82662217 -2.72757211 -0.40318105 -0.18952985
  1.75727918  1.38631426  2.1001705   2.7787468 ] 

Moving Straight [13.97175033 10.3259202  12.75544029 10.74203749 16.97994782 16.0903215
  9.08491801 14.82283655 10.39606785  7.29803337]_[-11.2920996   -9.52662103  -6.23040641  -2.49017018  -3.9423963
  -0.46956275  -1.04076414   3.79617371   6.10186216   8.48987048] 

drones next lat [48.33573552 48.33575112 48.33578096 48.33581445 48.33580188 48.33583305
 48.33582736 48.33587132 48.33589172 48.33591295] drones next lon [14.32683385 14.32678445 14.32681684 14.32678923 14.32687357 14.32686115
 14.3267667  14.32684355 14.32678355 14.32674146] 
WayPoint_Count 26 

Leader Index 3 

Leader Contour 206.5 

Contour Threshold 220 

Previous Drone Positions [13.97175033 10.3259202  12.75544029 10.74203749 16.97994782 16.0903215
  9.08491801 14.82283655 10.39606785  7.29803337]_[-11.2920996   -9.52662103  -6.23040641  -2.49017018  -3.9423963
  -0.46956275  -1.04076414   3.79617371   6.10186216   8.48987048] 

Mean Previous Drone Positions [12.24672734 12.24672734 12.24672734 12.24672734 12.24672734 12.24672734
 12.24672734 12.24672734 12.24672734 12.24672734]_[-1.66041141 -1.66041141 -1.66041141 -1.66041141 -1.66041141 -1.66041141
 -1.66041141 -1.66041141 -1.66041141 -1.66041141] 

relative Drone Positions [-6.15095051 -4.78407262 -3.41719473 -2.05031684 -0.68343895  0.68343895
  2.05031684  3.41719473  4.78407262  6.15095051]_[-17.8710886  -13.89973558  -9.92838256  -5.95702953  -1.98567651
   1.98567651   5.95702953   9.92838256  13.89973558  17.8710886 ] 

current starting Drone Positions [ 6.09577683  7.46265472  8.82953261 10.1964105  11.5632884  12.93016629
 14.29704418 15.66392207 17.03079996 18.39767786]_[-19.53150001 -15.56014698 -11.58879396  -7.61744094  -3.64608792
   0.32526511   4.29661813   8.26797115  12.23932417  16.21067719] 

scanning direction vector [1.54036705 1.54036705 1.54036705 1.54036705 1.54036705 1.54036705
 1.54036705 1.54036705 1.54036705 1.54036705]_[-0.53017036 -0.53017036 -0.53017036 -0.53017036 -0.53017036 -0.53017036
 -0.53017036 -0.53017036 -0.53017036 -0.53017036] 

changing back speed 0.3 

velocity vector [-0.822425    0.6813874   0.36259474  1.37667895 -0.08463078  0.59232048
  3.1040049   1.7926927   3.53078668  4.87026039]_[-3.00199048 -2.34022815 -2.13768663 -2.06835159 -0.44127784 -0.291722
  1.07104432  0.81136887  1.31106824  1.78607165] 

Moving Straight [13.14932533 11.00730761 13.11803504 12.11871644 16.89531704 16.68264198
 12.18892291 16.61552925 13.92685453 12.16829377]_[-14.29409008 -11.86684917  -8.36809304  -4.55852177  -4.38367415
  -0.76128475   0.03028018   4.60754258   7.4129304   10.27594214] 

drones next lat [48.33570845 48.33573012 48.33576176 48.33579595 48.3357979  48.33583047
 48.33583724 48.33587876 48.33590379 48.33592941] drones next lon [14.32682311 14.32679392 14.32682199 14.32680805 14.32687248 14.32686918
 14.32680846 14.32686764 14.32683103 14.32680696] 
WayPoint_Count 27 

Leader Index 4 

Leader Contour 120.0 

Contour Threshold 220 

Previous Drone Positions [13.14932533 11.00730761 13.11803504 12.11871644 16.89531704 16.68264198
 12.18892291 16.61552925 13.92685453 12.16829377]_[-14.29409008 -11.86684917  -8.36809304  -4.55852177  -4.38367415
  -0.76128475   0.03028018   4.60754258   7.4129304   10.27594214] 

Mean Previous Drone Positions [13.78709439 13.78709439 13.78709439 13.78709439 13.78709439 13.78709439
 13.78709439 13.78709439 13.78709439 13.78709439]_[-2.19058177 -2.19058177 -2.19058177 -2.19058177 -2.19058177 -2.19058177
 -2.19058177 -2.19058177 -2.19058177 -2.19058177] 

relative Drone Positions [-6.15095051 -4.78407262 -3.41719473 -2.05031684 -0.68343895  0.68343895
  2.05031684  3.41719473  4.78407262  6.15095051]_[-17.8710886  -13.89973558  -9.92838256  -5.95702953  -1.98567651
   1.98567651   5.95702953   9.92838256  13.89973558  17.8710886 ] 

current starting Drone Positions [ 7.63614387  9.00302177 10.36989966 11.73677755 13.10365544 14.47053333
 15.83741123 17.20428912 18.57116701 19.9380449 ]_[-20.06167037 -16.09031734 -12.11896432  -8.1476113   -4.17625828
  -0.20490525   3.76644777   7.73780079  11.70915381  15.68050683] 

scanning direction vector [1.54036705 1.54036705 1.54036705 1.54036705 1.54036705 1.54036705
 1.54036705 1.54036705 1.54036705 1.54036705]_[-0.53017036 -0.53017036 -0.53017036 -0.53017036 -0.53017036 -0.53017036
 -0.53017036 -0.53017036 -0.53017036 -0.53017036] 

changing back speed 0.3 

velocity vector [-0.11358739  0.93908129  0.71592643  1.42578538  0.40286857  0.87673445
  2.63491354  1.71699501  2.93366079  3.87129239]_[-2.26044445 -1.79721081 -1.65543175 -1.60689722 -0.4679456  -0.36325651
  0.59067992  0.4089071   0.75869666  1.09119905] 

Moving Straight [13.03573794 11.9463889  13.83396147 13.54450182 17.29818561 17.55937643
 14.82383645 18.33252426 16.86051532 16.03958615]_[-16.55453453 -13.66405998 -10.02352478  -6.16541899  -4.85161975
  -1.12454126   0.6209601    5.01644969   8.17162706  11.36714119] 

drones next lat [48.33568811 48.33571402 48.33574692 48.33578161 48.33579372 48.33582727
 48.33584276 48.33588258 48.33591085 48.33593953] drones next lon [14.32682185 14.32680681 14.32683184 14.32682748 14.32687797 14.32688105
 14.32684394 14.32689076 14.32687052 14.32685907] 
WayPoint_Count 28 

Leader Index 4 

Leader Contour 230.0 

Contour Threshold 220 

Converging Before Rutherford Scattering [13.05855089 12.39309271 14.21393549 14.63420648 18.05444927 18.25867009
 14.73415532 17.64192173 16.66937009 16.99593528]_[-15.42511938 -11.14826186  -7.68166493  -4.90207015  -4.19735278
  -2.57568523  -0.79491267   2.15123652   5.20669639   9.9709815 ] 

Minimum Distance Within Rutherford Scattering 4.2 

Converging After Rutherford Scattering [13.06480033 11.78495615 14.12779648 13.88643732 18.96512509 19.30061895
 13.81176881 18.2472406  16.42446386 17.04107976]_[-16.24371029 -11.67810124  -8.4469882   -4.71429159  -5.49586488
  -1.80556459  -0.26171788   2.49061342   6.01175036  10.74772231] 

drones next lat [48.3356909  48.33573188 48.33576113 48.33579469 48.33578806 48.33582128
 48.33583474 48.33585985 48.33589138 48.33593403] drones next lon [14.3268222  14.32680439 14.32683562 14.32683192 14.32690054 14.32690463
 14.32683039 14.32688991 14.3268649  14.32687265] 
WayPoint_Count 29 

Leader Index 4 

Leader Contour 225.5 

Contour Threshold 220 

Converging Before Rutherford Scattering [14.81442235 12.79790122 16.22828824 15.34365488 19.91371841 18.3816174
 15.56853372 19.06179058 17.78943238 16.30776224]_[-15.10726933 -11.23761996  -8.32485769  -4.1640328   -5.81236247
  -3.12246618  -0.7514883    1.27074797   4.41660223   8.51287332] 

Minimum Distance Within Rutherford Scattering 4.2 

Converging After Rutherford Scattering [14.90894577 12.04818563 16.30120979 14.34563052 21.05445184 19.02863185
 14.66193216 19.95770217 17.80928278 16.09114892]_[-15.9038832  -11.5549753   -8.98867362  -4.46500786  -6.53189222
  -2.93084302  -0.06676844   1.59357767   5.1690173    9.35957546] 

drones next lat [48.33569411 48.335733   48.33575643 48.33579697 48.3357789  48.33581114
 48.33583656 48.33585191 48.33588391 48.33592147] drones next lon [14.32684704 14.32680793 14.32686501 14.32683809 14.32692885 14.32690109
 14.32684183 14.32691309 14.32688368 14.32686   ] 
WayPoint_Count 30 

Leader Index 4 

Leader Contour 282.0 

Contour Threshold 220 

Converging Before Rutherford Scattering [16.85772713 14.29819061 18.75603711 15.92990002 20.5673118  20.64389322
 16.01094372 19.22932643 18.59219941 17.01682189]_[-14.75480887 -11.44489357  -7.33540395  -5.9988619   -7.40521609
  -3.90115046  -2.48730815  -0.29802389   2.27310978   8.39470135] 

Minimum Distance Within Rutherford Scattering 4.2 

Converging After Rutherford Scattering [17.02435839 13.56649186 18.40345609 14.77197867 22.21609203 21.66656726
 15.06893023 19.77085403 18.50252612 16.91109667]_[-1.56061014e+01 -1.18656333e+01 -8.09364099e+00 -6.18290163e+00
 -8.19528993e+00 -3.64274469e+00 -1.89813510e+00  1.42784912e-02
  3.51707888e+00  8.99523392e+00] 

drones next lat [48.33569695 48.33573033 48.33576464 48.33578155 48.33576403 48.33580494
 48.33582012 48.33583769 48.3358691  48.33591826] drones next lon [14.32687555 14.32682845 14.32689327 14.32684404 14.32694472 14.32693677
 14.32684754 14.32691076 14.32689323 14.32687111] 
WayPoint_Count 31 

Leader Index 4 

Leader Contour 264.0 

Contour Threshold 220 

Converging Before Rutherford Scattering [17.20018411 14.92242763 19.97833682 15.71396011 21.26778078 21.20386314
 15.57327771 20.9204443  19.05334358 16.64325091]_[-14.2042193  -11.95880886  -9.05241485  -6.85464155  -8.51263165
  -6.34013525  -3.30644316  -1.08694347   2.60917195   7.59847828] 

Minimum Distance Within Rutherford Scattering 4.2 

Converging After Rutherford Scattering [17.41660737 13.9614784  19.31846728 14.94316032 23.1120627  21.79948864
 14.91775528 21.49853847 19.05175971 16.4575509 ]_[-15.3284389  -12.31401771  -9.95378104  -6.97525716  -9.22508079
  -5.42996158  -2.61623439  -0.69885768   3.25293742   8.18010397] 

drones next lat [48.33569948 48.33572633 48.33574798 48.33577443 48.33575484 48.33578888
 48.33581364 48.33583141 48.33586677 48.33591089] drones next lon [14.32688081 14.32683383 14.32690583 14.32684645 14.32695693 14.32693877
 14.32684559 14.32693415 14.32690067 14.32686508] 
WayPoint_Count 32 

Leader Index 4 

Leader Contour 232.0 

Contour Threshold 220 

Converging Before Rutherford Scattering [18.06730842 15.23937972 21.43448893 17.432093   22.4847523  21.71871241
 17.09998216 21.03808729 20.32158055 17.8664366 ]_[-13.16586375 -12.46127426  -8.58811282  -6.67830922  -8.44631146
  -6.6414962   -3.09153681  -3.21825078   0.59198481   5.59263702] 

Minimum Distance Within Rutherford Scattering 4.2 

Converging After Rutherford Scattering [18.36210386 14.15015736 20.68983714 16.44663192 24.73396096 22.36851411
 16.10564739 21.61813219 20.55489115 17.67294529]_[-14.23201964 -12.8707566   -9.82761299  -6.92534762  -9.28526941
  -5.96424095  -2.42657784  -2.42882373   1.58177199   6.2723433 ] 

drones next lat [48.33570942 48.33572133 48.33574923 48.335775   48.33575442 48.33578411
 48.33581544 48.33581586 48.33585186 48.33589382] drones next lon [14.32689344 14.32683645 14.32692432 14.32686673 14.32697882 14.32694651
 14.32686159 14.32693597 14.32692115 14.32688171] 
WayPoint_Count 33 

Leader Index 4 

Leader Contour 226.5 

Contour Threshold 220 

Converging Before Rutherford Scattering [19.10262668 15.4246049  22.23317548 17.77748983 25.01788744 22.70902833
 16.73222284 23.44528336 20.57760731 19.4635828 ]_[-12.4618497  -11.4442832   -8.66325159  -6.66765396  -8.32642336
  -8.16594372  -3.32730545  -4.27381187  -1.00380854   4.71681684] 

Minimum Distance Within Rutherford Scattering 4.2 

Converging After Rutherford Scattering [19.04831877 14.42973459 21.54165967 17.1225402  26.90620617 23.3526477
 15.80585608 24.24164827 20.64206379 19.39283372]_[-13.65546784 -11.90531624 -10.25491501  -6.80324404  -8.90875048
  -7.28098665  -2.65958574  -3.36873056  -0.1879237    5.40740571] 

drones next lat [48.33571466 48.33573004 48.33574545 48.33577615 48.33575798 48.33577235
 48.33581332 48.33580761 48.33583594 48.33588618] drones next lon [14.32690263 14.3268401  14.32693587 14.32687583 14.32700809 14.32695995
 14.32685758 14.32697148 14.32692254 14.32690502] 
WayPoint_Count 34 

Leader Index 5 

Leader Contour 59.5 

Contour Threshold 220 

Previous Drone Positions [19.04831877 14.42973459 21.54165967 17.1225402  26.90620617 23.3526477
 15.80585608 24.24164827 20.64206379 19.39283372]_[-13.65546784 -11.90531624 -10.25491501  -6.80324404  -8.90875048
  -7.28098665  -2.65958574  -3.36873056  -0.1879237    5.40740571] 

Mean Previous Drone Positions [20.2483509 20.2483509 20.2483509 20.2483509 20.2483509 20.2483509
 20.2483509 20.2483509 20.2483509 20.2483509]_[-5.96175145 -5.96175145 -5.96175145 -5.96175145 -5.96175145 -5.96175145
 -5.96175145 -5.96175145 -5.96175145 -5.96175145] 

relative Drone Positions [-18.87685521 -14.6819985  -10.48714179  -6.29228507  -2.09742836
   2.09742836   6.29228507  10.48714179  14.6819985   18.87685521]_[ 0.93506003  0.72726891  0.5194778   0.31168668  0.10389556 -0.10389556
 -0.31168668 -0.5194778  -0.72726891 -0.93506003] 

current starting Drone Positions [ 1.37149568  5.5663524   9.76120911 13.95606582 18.15092254 22.34577925
 26.54063597 30.73549268 34.93034939 39.12520611]_[-5.02669142 -5.23448254 -5.44227366 -5.65006478 -5.8578559  -6.06564701
 -6.27343813 -6.48122925 -6.68902037 -6.89681149] 

scanning direction vector [-0.0836713 -0.0836713 -0.0836713 -0.0836713 -0.0836713 -0.0836713
 -0.0836713 -0.0836713 -0.0836713 -0.0836713]_[-1.68914398 -1.68914398 -1.68914398 -1.68914398 -1.68914398 -1.68914398
 -1.68914398 -1.68914398 -1.68914398 -1.68914398] 

changing back speed 0.3 

velocity vector [-5.38671823 -2.74268596 -3.61780647 -1.03361361 -2.71025639 -0.38573183
  3.13676267  1.86448202  4.20281438  5.83604042]_[ 0.89948895  0.31210613 -0.24535157 -1.3431902  -0.7738756  -1.32454209
 -2.77329969 -2.62289358 -3.63947298 -5.38040913] 

Moving Straight [13.66160054 11.68704863 17.9238532  16.08892659 24.19594978 22.96691586
 18.94261875 26.10613029 24.84487817 25.22887413]_[-12.75597889 -11.59321011 -10.50026658  -8.14643424  -9.68262608
  -8.60552873  -5.43288543  -5.99162414  -3.82739668   0.02699658] 

drones next lat [48.33572233 48.33573263 48.33574296 48.33576399 48.33575081 48.3357604
 48.33578862 48.33578416 48.33580353 48.33583824] drones next lon [14.32682984 14.32680306 14.32688708 14.32686204 14.32697161 14.3269549
 14.32690023 14.32699695 14.32697967 14.3269844 ] 
WayPoint_Count 35 

Leader Index 4 

Leader Contour 267.0 

Contour Threshold 220 

Converging Before Rutherford Scattering [15.33253529 14.57238159 19.18120788 17.54784281 23.98558119 23.54472264
 20.39240737 24.19576577 25.22697953 24.38312577]_[-13.16433598 -11.70963935 -10.92956839  -7.65632129 -10.66024822
 -10.30044955  -7.68521188  -7.90080102  -5.01703896  -1.18859541] 

Minimum Distance Within Rutherford Scattering 4.2 

Converging After Rutherford Scattering [15.07942591 13.13285714 18.89233082 16.28668776 25.97779847 22.87949289
 20.24778792 25.21761357 26.2096934  24.43886192]_[-14.77036915 -11.20129401 -11.85110934  -6.80986646 -12.54276986
 -10.64159168  -6.72463734  -7.51787703  -4.08758202  -0.06511319] 

drones next lat [48.33570432 48.33573627 48.33573088 48.33577603 48.33572522 48.33574208
 48.33577711 48.33577036 48.3358013  48.33583735] drones next lon [14.32684921 14.32682252 14.32690031 14.32686455 14.32699599 14.32695396
 14.32691799 14.32698514 14.32699812 14.32697375] 
WayPoint_Count 36 

Leader Index 5 

Leader Contour 199.5 

Contour Threshold 220 

Previous Drone Positions [15.07942591 13.13285714 18.89233082 16.28668776 25.97779847 22.87949289
 20.24778792 25.21761357 26.2096934  24.43886192]_[-14.77036915 -11.20129401 -11.85110934  -6.80986646 -12.54276986
 -10.64159168  -6.72463734  -7.51787703  -4.08758202  -0.06511319] 

Mean Previous Drone Positions [20.83625498 20.83625498 20.83625498 20.83625498 20.83625498 20.83625498
 20.83625498 20.83625498 20.83625498 20.83625498]_[-8.62122101 -8.62122101 -8.62122101 -8.62122101 -8.62122101 -8.62122101
 -8.62122101 -8.62122101 -8.62122101 -8.62122101] 

relative Drone Positions [-18.34259997 -14.26646664 -10.19033332  -6.11419999  -2.03806666
   2.03806666   6.11419999  10.19033332  14.26646664  18.34259997]_[ 4.55620746  3.54371691  2.53122637  1.51873582  0.50624527 -0.50624527
 -1.51873582 -2.53122637 -3.54371691 -4.55620746] 

current starting Drone Positions [ 2.49365501  6.56978834 10.64592167 14.72205499 18.79818832 22.87432164
 26.95045497 31.0265883  35.10272162 39.17885495]_[ -4.06501354  -5.07750409  -6.08999464  -7.10248519  -8.11497573
  -9.12746628 -10.13995683 -11.15244737 -12.16493792 -13.17742847] 

scanning direction vector [-0.40769982 -0.40769982 -0.40769982 -0.40769982 -0.40769982 -0.40769982
 -0.40769982 -0.40769982 -0.40769982 -0.40769982]_[-1.6413376 -1.6413376 -1.6413376 -1.6413376 -1.6413376 -1.6413376
 -1.6413376 -1.6413376 -1.6413376 -1.6413376] 

changing back speed 0.3 

velocity vector [-4.18343109 -2.37662046 -2.88162256 -0.87708965 -2.56158286 -0.40925119
  1.6031003   1.3349926   2.26020865  4.01429809]_[ 1.57026908  0.19579937  0.08699681 -1.72912322 -0.31299936 -1.18709998
 -2.66593345 -2.7317087  -4.06454437 -5.57503218] 

Moving Straight [10.89599483 10.75623669 16.01070826 15.40959812 23.41621561 22.4702417
 21.85088822 26.55260617 28.46990205 28.45316001]_[-13.20010007 -11.00549463 -11.76411253  -8.53898968 -12.85576922
 -11.82869166  -9.39057079 -10.24958573  -8.15212639  -5.64014537] 

drones next lat [48.33571811 48.33573785 48.33573144 48.3357604  48.3357222  48.33573137
 48.33575325 48.33574589 48.33576491 48.33578751] drones next lon [14.32679258 14.32679043 14.32686142 14.32685293 14.32696147 14.32694858
 14.32693994 14.32700347 14.3270291  14.32702857] 
WayPoint_Count 37 

Leader Index 4 

Leader Contour 60.0 

Contour Threshold 220 

Previous Drone Positions [10.89599483 10.75623669 16.01070826 15.40959812 23.41621561 22.4702417
 21.85088822 26.55260617 28.46990205 28.45316001]_[-13.20010007 -11.00549463 -11.76411253  -8.53898968 -12.85576922
 -11.82869166  -9.39057079 -10.24958573  -8.15212639  -5.64014537] 

Mean Previous Drone Positions [20.42855517 20.42855517 20.42855517 20.42855517 20.42855517 20.42855517
 20.42855517 20.42855517 20.42855517 20.42855517]_[-10.26255861 -10.26255861 -10.26255861 -10.26255861 -10.26255861
 -10.26255861 -10.26255861 -10.26255861 -10.26255861 -10.26255861] 

relative Drone Positions [-18.34259997 -14.26646664 -10.19033332  -6.11419999  -2.03806666
   2.03806666   6.11419999  10.19033332  14.26646664  18.34259997]_[ 4.55620746  3.54371691  2.53122637  1.51873582  0.50624527 -0.50624527
 -1.51873582 -2.53122637 -3.54371691 -4.55620746] 

current starting Drone Positions [ 2.0859552   6.16208852 10.23822185 14.31435518 18.3904885  22.46662183
 26.54275516 30.61888848 34.69502181 38.77115513]_[ -5.70635114  -6.71884169  -7.73133224  -8.74382279  -9.75631333
 -10.76880388 -11.78129443 -12.79378497 -13.80627552 -14.81876607] 

scanning direction vector [-0.40769982 -0.40769982 -0.40769982 -0.40769982 -0.40769982 -0.40769982
 -0.40769982 -0.40769982 -0.40769982 -0.40769982]_[-1.6413376 -1.6413376 -1.6413376 -1.6413376 -1.6413376 -1.6413376
 -1.6413376 -1.6413376 -1.6413376 -1.6413376] 

changing back speed 0.3 

velocity vector [-3.0507117  -1.78594426 -2.13944574 -0.7362727  -1.91541795 -0.40878578
  0.99986027  0.81218488  1.45983611  2.68769872]_[ 0.60678708 -0.35534172 -0.43150351 -1.70278753 -0.71150083 -1.32337127
 -2.35855469 -2.40459737 -3.33758234 -4.39492381] 

Moving Straight [ 7.84528312  8.97029242 13.87126252 14.67332542 21.50079766 22.06145593
 22.85074848 27.36479105 29.92973816 31.14085873]_[-12.59331299 -11.36083635 -12.19561604 -10.24177721 -13.56727005
 -13.15206292 -11.74912548 -12.65418311 -11.48970873 -10.03506918] 

drones next lat [48.33572333 48.33573451 48.33572739 48.33574503 48.33571565 48.33571943
 48.33573211 48.33572433 48.335735   48.33574819] drones next lon [14.32675134 14.32676638 14.3268326  14.32684319 14.32693571 14.32694322
 14.32695371 14.32701472 14.32704919 14.32706536] 
WayPoint_Count 38 

Leader Index 4 

Leader Contour 176.5 

Contour Threshold 220 

Previous Drone Positions [ 7.84528312  8.97029242 13.87126252 14.67332542 21.50079766 22.06145593
 22.85074848 27.36479105 29.92973816 31.14085873]_[-12.59331299 -11.36083635 -12.19561604 -10.24177721 -13.56727005
 -13.15206292 -11.74912548 -12.65418311 -11.48970873 -10.03506918] 

Mean Previous Drone Positions [20.02085535 20.02085535 20.02085535 20.02085535 20.02085535 20.02085535
 20.02085535 20.02085535 20.02085535 20.02085535]_[-11.90389621 -11.90389621 -11.90389621 -11.90389621 -11.90389621
 -11.90389621 -11.90389621 -11.90389621 -11.90389621 -11.90389621] 

relative Drone Positions [-18.34259997 -14.26646664 -10.19033332  -6.11419999  -2.03806666
   2.03806666   6.11419999  10.19033332  14.26646664  18.34259997]_[ 4.55620746  3.54371691  2.53122637  1.51873582  0.50624527 -0.50624527
 -1.51873582 -2.53122637 -3.54371691 -4.55620746] 

current starting Drone Positions [ 1.67825538  5.75438871  9.83052204 13.90665536 17.98278869 22.05892201
 26.13505534 30.21118867 34.28732199 38.36345532]_[ -7.34768875  -8.36017929  -9.37266984 -10.38516039 -11.39765093
 -12.41014148 -13.42263203 -14.43512257 -15.44761312 -16.46010367] 

scanning direction vector [-0.40769982 -0.40769982 -0.40769982 -0.40769982 -0.40769982 -0.40769982
 -0.40769982 -0.40769982 -0.40769982 -0.40769982]_[-1.6413376 -1.6413376 -1.6413376 -1.6413376 -1.6413376 -1.6413376
 -1.6413376 -1.6413376 -1.6413376 -1.6413376] 

changing back speed 0.3 

velocity vector [-2.25780814 -1.37247093 -1.61992196 -0.63770083 -1.46310251 -0.40845999
  0.57759224  0.44621947  0.89957533  1.75907916]_[-0.06765033 -0.74114048 -0.79445374 -1.68435255 -0.99045186 -1.41876117
 -2.14338956 -2.17561944 -2.82870892 -3.56884795] 

Moving Straight [ 5.58747499  7.59782149 12.25134056 14.03562459 20.03769516 21.65299594
 23.42834072 27.81101052 30.8293135  32.89993789]_[-12.66096332 -12.10197683 -12.99006978 -11.92612976 -14.55772192
 -14.57082409 -13.89251504 -14.82980255 -14.31841765 -13.60391713] 

drones next lat [48.33572254 48.33572773 48.33572011 48.33572982 48.33570662 48.33570663
 48.33571287 48.33570479 48.33570963 48.33571622] drones next lon [14.32672089 14.32674795 14.32681084 14.32683479 14.32691608 14.32693788
 14.32696175 14.327021   14.32706166 14.32708951] 
WayPoint_Count 39 

Leader Index 4 

Leader Contour 148.5 

Contour Threshold 220 

Previous Drone Positions [ 5.58747499  7.59782149 12.25134056 14.03562459 20.03769516 21.65299594
 23.42834072 27.81101052 30.8293135  32.89993789]_[-12.66096332 -12.10197683 -12.99006978 -11.92612976 -14.55772192
 -14.57082409 -13.89251504 -14.82980255 -14.31841765 -13.60391713] 

Mean Previous Drone Positions [19.61315554 19.61315554 19.61315554 19.61315554 19.61315554 19.61315554
 19.61315554 19.61315554 19.61315554 19.61315554]_[-13.54523381 -13.54523381 -13.54523381 -13.54523381 -13.54523381
 -13.54523381 -13.54523381 -13.54523381 -13.54523381 -13.54523381] 

relative Drone Positions [-18.34259997 -14.26646664 -10.19033332  -6.11419999  -2.03806666
   2.03806666   6.11419999  10.19033332  14.26646664  18.34259997]_[ 4.55620746  3.54371691  2.53122637  1.51873582  0.50624527 -0.50624527
 -1.51873582 -2.53122637 -3.54371691 -4.55620746] 

current starting Drone Positions [ 1.27055557  5.34668889  9.42282222 13.49895555 17.57508887 21.6512222
 25.72735552 29.80348885 33.87962218 37.9557555 ]_[ -8.98902635 -10.00151689 -11.01400744 -12.02649799 -13.03898853
 -14.05147908 -15.06396963 -16.07646017 -17.08895072 -18.10144127] 

scanning direction vector [-0.40769982 -0.40769982 -0.40769982 -0.40769982 -0.40769982 -0.40769982
 -0.40769982 -0.40769982 -0.40769982 -0.40769982]_[-1.6413376 -1.6413376 -1.6413376 -1.6413376 -1.6413376 -1.6413376
 -1.6413376 -1.6413376 -1.6413376 -1.6413376] 

changing back speed 0.3 

velocity vector [-1.70277564 -1.0830396  -1.25625532 -0.56870053 -1.1464817  -0.40823194
  0.28200462  0.19004368  0.50739279  1.10904547]_[-0.53975651 -1.01119962 -1.0485189  -1.67144807 -1.18571758 -1.4855341
 -1.99277398 -2.01533489 -2.47249752 -2.99059484] 

Moving Straight [ 3.88469935  6.5147819  10.99508524 13.46692406 18.89121345 21.244764
 23.71034535 28.0010542  31.33670629 34.00898336]_[-13.20071983 -13.11317645 -14.03858868 -13.59757783 -15.7434395
 -16.05635819 -15.88528902 -16.84513744 -16.79091517 -16.59451197] 

drones next lat [48.33571755 48.33571855 48.33571058 48.33571474 48.33569587 48.33569324
 48.33569497 48.33568667 48.33568742 48.3356894 ] drones next lon [14.32669798 14.32673345 14.32679401 14.32682731 14.32690075 14.32693255
 14.32696579 14.3270238  14.3270688  14.32710483] 
WayPoint_Count 40 

Leader Index 4 

Leader Contour 135.0 

Contour Threshold 220 

Previous Drone Positions [ 3.88469935  6.5147819  10.99508524 13.46692406 18.89121345 21.244764
 23.71034535 28.0010542  31.33670629 34.00898336]_[-13.20071983 -13.11317645 -14.03858868 -13.59757783 -15.7434395
 -16.05635819 -15.88528902 -16.84513744 -16.79091517 -16.59451197] 

Mean Previous Drone Positions [19.20545572 19.20545572 19.20545572 19.20545572 19.20545572 19.20545572
 19.20545572 19.20545572 19.20545572 19.20545572]_[-15.18657141 -15.18657141 -15.18657141 -15.18657141 -15.18657141
 -15.18657141 -15.18657141 -15.18657141 -15.18657141 -15.18657141] 

relative Drone Positions [-18.34259997 -14.26646664 -10.19033332  -6.11419999  -2.03806666
   2.03806666   6.11419999  10.19033332  14.26646664  18.34259997]_[ 4.55620746  3.54371691  2.53122637  1.51873582  0.50624527 -0.50624527
 -1.51873582 -2.53122637 -3.54371691 -4.55620746] 

current starting Drone Positions [ 0.86285575  4.93898908  9.0151224  13.09125573 17.16738906 21.24352238
 25.31965571 29.39578903 33.47192236 37.54805569]_[-10.63036395 -11.64285449 -12.65534504 -13.66783559 -14.68032613
 -15.69281668 -16.70530723 -17.71779778 -18.73028832 -19.74277887] 

scanning direction vector [-0.40769982 -0.40769982 -0.40769982 -0.40769982 -0.40769982 -0.40769982
 -0.40769982 -0.40769982 -0.40769982 -0.40769982]_[-1.6413376 -1.6413376 -1.6413376 -1.6413376 -1.6413376 -1.6413376
 -1.6413376 -1.6413376 -1.6413376 -1.6413376] 

changing back speed 0.3 

velocity vector [-1.31425289 -0.88043766 -1.00168867 -0.52040031 -0.92484713 -0.4080723
  0.07509329  0.01072063  0.23286501  0.65402188]_[-0.87023084 -1.20024101 -1.22636451 -1.66241493 -1.32240359 -1.53227515
 -1.88734306 -1.9031357  -2.22314955 -2.58581767] 

Moving Straight [ 2.57044645  5.63434424  9.99339658 12.94652375 17.96636632 20.8366917
 23.78543864 28.01177484 31.56957129 34.66300524]_[-14.07095066 -14.31341746 -15.26495319 -15.25999276 -17.06584309
 -17.58863334 -17.77263208 -18.74827314 -19.01406472 -19.18032964] 

drones next lat [48.33570962 48.33570768 48.33569947 48.33569975 48.3356839  48.33567942
 48.335678   48.33566955 48.33566744 48.33566619] drones next lon [14.32668035 14.32672172 14.32678064 14.32682049 14.32688843 14.32692722
 14.32696703 14.32702417 14.3270722  14.32711396] 
WayPoint_Count 41 

Leader Index 6 

Leader Contour 191.5 

Contour Threshold 220 

Previous Drone Positions [ 2.57044645  5.63434424  9.99339658 12.94652375 17.96636632 20.8366917
 23.78543864 28.01177484 31.56957129 34.66300524]_[-14.07095066 -14.31341746 -15.26495319 -15.25999276 -17.06584309
 -17.58863334 -17.77263208 -18.74827314 -19.01406472 -19.18032964] 

Mean Previous Drone Positions [18.7977559 18.7977559 18.7977559 18.7977559 18.7977559 18.7977559
 18.7977559 18.7977559 18.7977559 18.7977559]_[-16.82790901 -16.82790901 -16.82790901 -16.82790901 -16.82790901
 -16.82790901 -16.82790901 -16.82790901 -16.82790901 -16.82790901] 

relative Drone Positions [-18.34259997 -14.26646664 -10.19033332  -6.11419999  -2.03806666
   2.03806666   6.11419999  10.19033332  14.26646664  18.34259997]_[ 4.55620746  3.54371691  2.53122637  1.51873582  0.50624527 -0.50624527
 -1.51873582 -2.53122637 -3.54371691 -4.55620746] 

current starting Drone Positions [ 0.45515594  4.53128926  8.60742259 12.68355592 16.75968924 20.83582257
 24.91195589 28.98808922 33.06422255 37.14035587]_[-12.27170155 -13.28419209 -14.29668264 -15.30917319 -16.32166373
 -17.33415428 -18.34664483 -19.35913538 -20.37162592 -21.38411647] 

scanning direction vector [-0.40769982 -0.40769982 -0.40769982 -0.40769982 -0.40769982 -0.40769982
 -0.40769982 -0.40769982 -0.40769982 -0.40769982]_[-1.6413376 -1.6413376 -1.6413376 -1.6413376 -1.6413376 -1.6413376
 -1.6413376 -1.6413376 -1.6413376 -1.6413376] 

changing back speed 0.3 

velocity vector [-1.04228697 -0.73861631 -0.82349201 -0.48659016 -0.76970294 -0.40796055
 -0.06974464 -0.1148055   0.04069556  0.33550537]_[-1.10156287 -1.33256999 -1.35085644 -1.65609173 -1.41808379 -1.56499388
 -1.81354142 -1.82459627 -2.04860596 -2.30247365] 

Moving Straight [ 1.52815948  4.89572793  9.16990456 12.45993358 17.19666338 20.42873114
 23.715694   27.89696934 31.61026685 34.99851062]_[-15.17251353 -15.64598745 -16.61580962 -16.91608449 -18.48392689
 -19.15362722 -19.58617351 -20.57286941 -21.06267068 -21.48280329] 

drones next lat [48.33569963 48.33569564 48.33568725 48.33568481 48.33567108 48.33566531
 48.33566168 48.33565313 48.33564902 48.33564551] drones next lon [14.32666642 14.32671191 14.32676969 14.32681412 14.32687822 14.3269219
 14.3269663  14.32702284 14.327073   14.32711876] 
WayPoint_Count 42 

Leader Index 5 

Leader Contour 224.0 

Contour Threshold 220 

Converging Before Rutherford Scattering [ 3.37604884  7.54737307 11.95074633 13.48314979 19.16956304 21.17958351
 21.38164774 25.00456146 28.86576922 33.18067111]_[-16.57876072 -15.37314254 -17.61366181 -17.02567882 -17.8898223
 -18.49315714 -18.38891179 -20.57312144 -20.09170182 -22.1546704 ] 

Minimum Distance Within Rutherford Scattering 4.2 

Converging After Rutherford Scattering [ 2.65927957  7.24274564 10.90010124 14.01823977 18.23508697 20.42003508
 23.03226551 25.30907015 29.49261476 33.82967544]_[-16.67421158 -14.92679116 -18.33253073 -16.39855548 -17.10011371
 -20.22750165 -16.94589947 -21.25939262 -19.91016811 -22.40746426] 

drones next lat [48.33568621 48.33570229 48.33567194 48.33568959 48.33568361 48.33565565
 48.33568537 48.33564675 48.33565922 48.33563709] drones next lon [14.32668186 14.32674349 14.32679324 14.32683508 14.32689206 14.32692191
 14.32695677 14.326988   14.32704429 14.3271031 ] 
WayPoint_Count 43 

Leader Index 4 

Leader Contour 268.5 

Contour Threshold 220 

Converging Before Rutherford Scattering [ 3.91908166  8.6163933  12.28297524 16.9196954  17.36963378 18.67961767
 21.5681295  24.37201338 27.81834506 32.71085878]_[-16.05566802 -14.50611654 -17.19335458 -17.09793425 -17.60110352
 -19.39173942 -17.85511882 -19.62875737 -20.38971935 -22.39562293] 

Minimum Distance Within Rutherford Scattering 4.2 

Converging After Rutherford Scattering [ 3.28428009  8.24060486 11.67695952 15.8188496  17.56899766 18.89436507
 22.09872713 24.75590006 28.60534501 33.31271476]_[-16.13060536 -14.00286488 -17.50437089 -15.14550667 -17.98258471
 -21.22256725 -17.00414294 -20.00079222 -20.50208702 -22.61961284] 

drones next lat [48.33569115 48.33571068 48.33567945 48.335701   48.33567562 48.33564658
 48.33568478 48.33565803 48.33565382 48.33563515] drones next lon [14.32669022 14.32675684 14.32680362 14.32685923 14.32688318 14.32690145
 14.32694418 14.32698039 14.32703239 14.32709615] 
WayPoint_Count 44 

Leader Index 4 

Leader Contour 131.5 

Contour Threshold 220 

Previous Drone Positions [ 3.28428009  8.24060486 11.67695952 15.8188496  17.56899766 18.89436507
 22.09872713 24.75590006 28.60534501 33.31271476]_[-16.13060536 -14.00286488 -17.50437089 -15.14550667 -17.98258471
 -21.22256725 -17.00414294 -20.00079222 -20.50208702 -22.61961284] 

Mean Previous Drone Positions [18.42567438 18.42567438 18.42567438 18.42567438 18.42567438 18.42567438
 18.42567438 18.42567438 18.42567438 18.42567438]_[-18.21151348 -18.21151348 -18.21151348 -18.21151348 -18.21151348
 -18.21151348 -18.21151348 -18.21151348 -18.21151348 -18.21151348] 

relative Drone Positions [-12.88456167 -10.02132574  -7.15808982  -4.29485389  -1.43161796
   1.43161796   4.29485389   7.15808982  10.02132574  12.88456167]_[ 13.82743905  10.75467482   7.68191058   4.60914635   1.53638212
  -1.53638212  -4.60914635  -7.68191058 -10.75467482 -13.82743905] 

current starting Drone Positions [ 5.54111271  8.40434864 11.26758456 14.13082049 16.99405641 19.85729234
 22.72052827 25.58376419 28.44700012 31.31023604]_[ -4.38407443  -7.45683866 -10.5296029  -13.60236713 -16.67513136
 -19.7478956  -22.82065983 -25.89342406 -28.96618829 -32.03895253] 

scanning direction vector [-1.07250438 -1.07250438 -1.07250438 -1.07250438 -1.07250438 -1.07250438
 -1.07250438 -1.07250438 -1.07250438 -1.07250438]_[-0.99937153 -0.99937153 -0.99937153 -0.99937153 -0.99937153 -0.99937153
 -0.99937153 -0.99937153 -0.99937153 -0.99937153] 

changing back speed 0.3 

velocity vector [-0.3954546  -1.02338125 -1.19531687 -1.57891312 -1.24498676 -0.7836262
 -0.88596404 -0.82414514 -1.12000785 -1.673248  ]_[ 2.52458775  0.96443634  1.09305887 -0.53642967 -0.60713552 -0.55697003
 -2.74432659 -2.76716108 -3.53860191 -3.82517343] 

Moving Straight [ 2.88882549  7.21722361 10.48164265 14.23993649 16.3240109  18.11073887
 21.21276309 23.93175492 27.48533716 31.63946676]_[-13.6060176  -13.03842854 -16.41131202 -15.68193633 -18.58972023
 -21.77953728 -19.74846953 -22.7679533  -24.04068893 -26.44478627] 

drones next lat [48.33571383 48.33571928 48.33568919 48.33569605 48.33567006 48.3356415
 48.33566002 48.33563307 48.3356219  48.3356006 ] drones next lon [14.32668459 14.32674292 14.32678737 14.32683799 14.32686645 14.32689094
 14.32693255 14.3269696  14.32701769 14.32707403] 
WayPoint_Count 45 

Leader Index 4 

Leader Contour 289.0 

Contour Threshold 220 

Converging Before Rutherford Scattering [ 4.22312359  9.41354255 13.33600365 16.30109923 15.74988895 17.89499582
 18.28264923 22.95943355 26.14574316 30.73618352]_[-15.1427121  -13.20690795 -16.91298051 -17.75145082 -17.77095043
 -20.68262259 -19.10921356 -21.18027166 -24.05219823 -25.05030581] 

Minimum Distance Within Rutherford Scattering 4.2 

Converging After Rutherford Scattering [ 3.63178417  9.04875229 11.88648069 17.40772936 14.44028833 17.56816219
 19.69795912 23.51601836 26.45251465 31.39297409]_[-15.16170655 -12.55861904 -16.31135692 -16.04539685 -18.52519204
 -22.4881778  -18.86062648 -21.14595825 -24.5098234  -25.25275632] 

drones next lat [48.33569989 48.33572374 48.3356902  48.33569303 48.33567049 48.33563509
 48.33566789 48.33564763 48.3356176  48.33561131] drones next lon [14.3266948  14.32676758 14.32680631 14.32688077 14.32684103 14.3268837
 14.32691201 14.32696379 14.32700381 14.32707056] 
WayPoint_Count 46 

Leader Index 4 

Leader Contour 193.0 

Contour Threshold 220 

Previous Drone Positions [ 3.63178417  9.04875229 11.88648069 17.40772936 14.44028833 17.56816219
 19.69795912 23.51601836 26.45251465 31.39297409]_[-15.16170655 -12.55861904 -16.31135692 -16.04539685 -18.52519204
 -22.4881778  -18.86062648 -21.14595825 -24.5098234  -25.25275632] 

Mean Previous Drone Positions [17.50426633 17.50426633 17.50426633 17.50426633 17.50426633 17.50426633
 17.50426633 17.50426633 17.50426633 17.50426633]_[-19.08596137 -19.08596137 -19.08596137 -19.08596137 -19.08596137
 -19.08596137 -19.08596137 -19.08596137 -19.08596137 -19.08596137] 

relative Drone Positions [-12.35627211  -9.61043387  -6.86459562  -4.11875737  -1.37291912
   1.37291912   4.11875737   6.86459562   9.61043387  12.35627211]_[ 14.30148732  11.12337902   7.94527073   4.76716244   1.58905415
  -1.58905415  -4.76716244  -7.94527073 -11.12337902 -14.30148732] 

current starting Drone Positions [ 5.14799421  7.89383246 10.63967071 13.38550895 16.1313472  18.87718545
 21.6230237  24.36886194 27.11470019 29.86053844]_[ -4.78447405  -7.96258234 -11.14069064 -14.31879893 -17.49690722
 -20.67501551 -23.8531238  -27.0312321  -30.20934039 -33.38744868] 

scanning direction vector [-1.10927322 -1.10927322 -1.10927322 -1.10927322 -1.10927322 -1.10927322
 -1.10927322 -1.10927322 -1.10927322 -1.10927322]_[-0.95839555 -0.95839555 -0.95839555 -0.95839555 -0.95839555 -0.95839555
 -0.95839555 -0.95839555 -0.95839555 -0.95839555] 

changing back speed 0.3 

velocity vector [-0.65441021 -1.45574917 -1.48331621 -2.31593934 -0.60195556 -0.71656624
 -0.53175385 -0.85342015 -0.91061756 -1.56900391]_[ 2.1547742   0.42041546  0.59280434 -0.44041617 -0.6499101  -0.41444686
 -2.45614474 -2.7239777  -2.66825064 -3.39880325] 

Moving Straight [ 2.97737396  7.59300312 10.40316448 15.09179002 13.83833277 16.85159595
 19.16620528 22.66259822 25.5418971  29.82397017]_[-13.00693235 -12.13820358 -15.71855258 -16.48581302 -19.17510214
 -22.90262466 -21.31677123 -23.86993595 -27.17807404 -28.65155958] 

drones next lat [48.33571923 48.33572741 48.33569542 48.33568889 48.3356646  48.3356313
 48.33564575 48.33562306 48.33559352 48.33558061] drones next lon [14.32668571 14.32674789 14.32678623 14.32684958 14.32683298 14.32687408
 14.32690512 14.3269526  14.32699184 14.32704979] 
WayPoint_Count 47 

Leader Index 5 

Leader Contour 190.0 

Contour Threshold 220 

Previous Drone Positions [ 2.97737396  7.59300312 10.40316448 15.09179002 13.83833277 16.85159595
 19.16620528 22.66259822 25.5418971  29.82397017]_[-13.00693235 -12.13820358 -15.71855258 -16.48581302 -19.17510214
 -22.90262466 -21.31677123 -23.86993595 -27.17807404 -28.65155958] 

Mean Previous Drone Positions [16.39499311 16.39499311 16.39499311 16.39499311 16.39499311 16.39499311
 16.39499311 16.39499311 16.39499311 16.39499311]_[-20.04435691 -20.04435691 -20.04435691 -20.04435691 -20.04435691
 -20.04435691 -20.04435691 -20.04435691 -20.04435691 -20.04435691] 

relative Drone Positions [-12.35627211  -9.61043387  -6.86459562  -4.11875737  -1.37291912
   1.37291912   4.11875737   6.86459562   9.61043387  12.35627211]_[ 14.30148732  11.12337902   7.94527073   4.76716244   1.58905415
  -1.58905415  -4.76716244  -7.94527073 -11.12337902 -14.30148732] 

current starting Drone Positions [ 4.03872099  6.78455924  9.53039749 12.27623573 15.02207398 17.76791223
 20.51375048 23.25958872 26.00542697 28.75126522]_[ -5.7428696   -8.92097789 -12.09908618 -15.27719447 -18.45530277
 -21.63341106 -24.81151935 -27.98962764 -31.16773594 -34.34584423] 

scanning direction vector [-1.10927322 -1.10927322 -1.10927322 -1.10927322 -1.10927322 -1.10927322
 -1.10927322 -1.10927322 -1.10927322 -1.10927322]_[-0.95839555 -0.95839555 -0.95839555 -0.95839555 -0.95839555 -0.95839555
 -0.95839555 -0.95839555 -0.95839555 -0.95839555] 

changing back speed 0.3 

velocity vector [-0.79086911 -1.35180638 -1.37110332 -1.9539395  -0.75415086 -0.83437834
 -0.70500966 -0.93017607 -0.97021426 -1.43108471]_[ 1.22082328  0.00677216  0.12744437 -0.59580998 -0.74245573 -0.57763147
 -2.00681998 -2.19430305 -2.15529411 -2.66668094] 

Moving Straight [ 2.18650485  6.24119674  9.03206116 13.13785051 13.08418191 16.01721762
 18.46119562 21.73242215 24.57168284 28.39288547]_[-11.78610907 -12.13143142 -15.59110821 -17.081623   -19.91755787
 -23.48025613 -23.32359121 -26.064239   -29.33336816 -31.31824052] 

drones next lat [48.33573015 48.33572736 48.33569646 48.33568337 48.33565786 48.33562604
 48.33562764 48.33560324 48.33557406 48.3355565 ] drones next lon [14.3266749  14.32672965 14.32676771 14.32682329 14.3268229  14.32686289
 14.32689585 14.32694031 14.32697901 14.3270308 ] 
WayPoint_Count 48 

Leader Index 5 

Leader Contour 260.0 

Contour Threshold 220 

Converging Before Rutherford Scattering [ 4.7074854   7.13373637  9.45880934 14.91426854 14.82861554 15.87026536
 15.63317467 20.49146358 22.68763565 26.99587515]_[-13.18922805 -14.55757884 -16.65070277 -18.61110233 -22.34254084
 -24.46939971 -22.89693401 -24.42669716 -27.23162111 -31.20435794] 

Minimum Distance Within Rutherford Scattering 4.2 

Converging After Rutherford Scattering [ 3.64896161  7.03196519  9.56906487 15.23235993 13.05588219 15.56006484
 16.85420143 21.11869826 23.23150551 27.41862576]_[-12.56014928 -14.1815583  -16.88992359 -17.58284584 -21.98805667
 -26.37416347 -22.51639815 -24.13461009 -27.77740816 -31.57504922] 

drones next lat [48.3357233  48.33570898 48.33568482 48.33567903 48.33563923 48.33559997
 48.33563477 48.33562055 48.33558795 48.33555412] drones next lon [14.32669472 14.32674056 14.32677511 14.32685161 14.32682276 14.32685707
 14.32687407 14.3269318  14.32696074 14.32701768] 
WayPoint_Count 49 

Leader Index 4 

Leader Contour 335.5 

Contour Threshold 220 

Converging Before Rutherford Scattering [ 5.30612797  7.28057971 10.62267939 13.38329439 13.50259658 15.35291489
 15.83788761 18.69569427 21.19205422 25.16764169]_[-13.0062959  -15.53505874 -17.54359653 -19.64487576 -22.88273329
 -24.01715635 -21.97718756 -24.49161548 -27.74197938 -31.27391289] 

Minimum Distance Within Rutherford Scattering 4.2 

Converging After Rutherford Scattering [ 4.59776489  6.78151844 10.31450032 13.51875059 11.99656605 15.29828715
 16.86100873 19.67438621 21.65220232 25.64648601]_[-12.1755018  -15.51432977 -17.06208106 -18.83482097 -23.40096329
 -25.54470511 -21.04706691 -24.53027469 -28.30132033 -31.70334796] 

drones next lat [48.33572683 48.33569697 48.33568333 48.33566763 48.33562643 48.33560741
 48.33564799 48.33561688 48.33558311 48.33555282] drones next lon [14.32670748 14.32673734 14.32678519 14.32682863 14.32680864 14.32685344
 14.32687399 14.32691236 14.32693949 14.32699379] 
WayPoint_Count 50 

Leader Index 4 

Leader Contour 305.5 

Contour Threshold 220 

Converging Before Rutherford Scattering [ 5.26100303  8.72091617 10.83929538 11.93596282 12.4817708  13.34272366
 15.86922227 17.17284354 19.03609406 23.27427972]_[-14.74466687 -16.63425427 -19.99510985 -21.04356425 -24.27536386
 -23.49503248 -22.50670772 -23.38679577 -27.94999699 -31.41223691] 

Minimum Distance Within Rutherford Scattering 4.2 

Converging After Rutherford Scattering [ 4.43683897  8.50702251  9.4792591  12.16040473 10.90818266 13.82109826
 16.59842541 18.9201068  19.34917515 23.75359786]_[-14.19158026 -15.69817806 -19.19611539 -20.74813359 -26.1390424
 -24.06727251 -21.06483935 -23.88243308 -28.61037953 -31.84575478] 

drones next lat [48.33570868 48.33569545 48.33566406 48.33565031 48.33560172 48.33562058
 48.33564781 48.33562265 48.33558015 48.33555139] drones next lon [14.32670555 14.32676064 14.32677417 14.32681053 14.32679427 14.32683333
 14.32687045 14.32690211 14.32690846 14.32696827] 
WayPoint_Count 51 

Leader Index 4 

Leader Contour 276.0 

Contour Threshold 220 

Converging Before Rutherford Scattering [ 5.41175442  9.54603631 10.75869411 11.67446803 11.40431277 11.75500116
 14.94699766 16.26911569 18.40384303 22.43671894]_[-14.9504267  -18.45414497 -20.67322837 -23.69570891 -25.27079422
 -26.12626484 -23.38326396 -25.11245649 -27.82226813 -31.89341707] 

Minimum Distance Within Rutherford Scattering 4.2 

Converging After Rutherford Scattering [ 4.85136554  8.96328511 10.56614532 11.68431068  9.38850273 12.01445716
 15.75886031 17.24553208 19.19863582 22.93584736]_[-14.40920943 -17.11298151 -19.96973695 -23.07899387 -25.80723502
 -28.46166478 -22.1430602  -25.44591932 -28.59492879 -32.35824378] 

drones next lat [48.33570676 48.33568276 48.33565719 48.33562931 48.33560458 48.33558091
 48.33563805 48.33560845 48.33558028 48.33554672] drones next lon [14.32671116 14.32676696 14.32678893 14.32680438 14.32677373 14.32680948
 14.32685925 14.3268797  14.32690642 14.32695729] 
WayPoint_Count 52 

Leader Index 5 

Leader Contour 178.0 

Contour Threshold 220 

Previous Drone Positions [ 4.85136554  8.96328511 10.56614532 11.68431068  9.38850273 12.01445716
 15.75886031 17.24553208 19.19863582 22.93584736]_[-14.40920943 -17.11298151 -19.96973695 -23.07899387 -25.80723502
 -28.46166478 -22.1430602  -25.44591932 -28.59492879 -32.35824378] 

Mean Previous Drone Positions [13.26069421 13.26069421 13.26069421 13.26069421 13.26069421 13.26069421
 13.26069421 13.26069421 13.26069421 13.26069421]_[-23.73819736 -23.73819736 -23.73819736 -23.73819736 -23.73819736
 -23.73819736 -23.73819736 -23.73819736 -23.73819736 -23.73819736] 

relative Drone Positions [-8.20233148 -6.37959115 -4.55685082 -2.73411049 -0.91137016  0.91137016
  2.73411049  4.55685082  6.37959115  8.20233148]_[ 17.0273826  13.2435198   9.459657    5.6757942   1.8919314  -1.8919314
  -5.6757942  -9.459657  -13.2435198 -17.0273826] 

current starting Drone Positions [ 5.05836273  6.88110306  8.70384339 10.52658372 12.34932405 14.17206438
 15.9948047  17.81754503 19.64028536 21.46302569]_[ -6.71081476 -10.49467756 -14.27854036 -18.06240316 -21.84626596
 -25.63012877 -29.41399157 -33.19785437 -36.98171717 -40.76557997] 

scanning direction vector [-1.78302919 -1.78302919 -1.78302919 -1.78302919 -1.78302919 -1.78302919
 -1.78302919 -1.78302919 -1.78302919 -1.78302919]_[-0.85891043 -0.85891043 -0.85891043 -0.85891043 -0.85891043 -0.85891043
 -0.85891043 -0.85891043 -0.85891043 -0.85891043] 

changing back speed 0.3 

velocity vector [-1.72093003 -2.4076838  -2.34171977 -2.13034728 -0.89478279 -1.13574702
 -1.71224587 -1.6114253  -1.65053433 -2.22487569]_[ 1.45060798  1.12658076  0.84844855  0.64606679  0.32938029 -0.00944962
 -3.04018983 -3.18449094 -3.37494694 -3.38111128] 

Moving Straight [ 3.13043551  6.55560131  8.22442555  9.5539634   8.49371994 10.87871014
 14.04661444 15.63410678 17.5481015  20.71097167]_[-12.95860146 -15.98640075 -19.1212884  -22.43292708 -25.47785473
 -28.4711144  -25.18325004 -28.63041026 -31.96987573 -35.73935506] 

drones next lat [48.33571967 48.33569271 48.33566464 48.33563495 48.33560747 48.33558073
 48.33561056 48.33557968 48.33554979 48.33551613] drones next lon [14.32668777 14.32673435 14.32675723 14.32677556 14.32676162 14.32679415
 14.32683651 14.32685833 14.32688455 14.32692767] 
WayPoint_Count 53 

Leader Index 5 

Leader Contour 113.0 

Contour Threshold 220 

Previous Drone Positions [ 3.13043551  6.55560131  8.22442555  9.5539634   8.49371994 10.87871014
 14.04661444 15.63410678 17.5481015  20.71097167]_[-12.95860146 -15.98640075 -19.1212884  -22.43292708 -25.47785473
 -28.4711144  -25.18325004 -28.63041026 -31.96987573 -35.73935506] 

Mean Previous Drone Positions [11.47766502 11.47766502 11.47766502 11.47766502 11.47766502 11.47766502
 11.47766502 11.47766502 11.47766502 11.47766502]_[-24.59710779 -24.59710779 -24.59710779 -24.59710779 -24.59710779
 -24.59710779 -24.59710779 -24.59710779 -24.59710779 -24.59710779] 

relative Drone Positions [-8.20233148 -6.37959115 -4.55685082 -2.73411049 -0.91137016  0.91137016
  2.73411049  4.55685082  6.37959115  8.20233148]_[ 17.0273826  13.2435198   9.459657    5.6757942   1.8919314  -1.8919314
  -5.6757942  -9.459657  -13.2435198 -17.0273826] 

current starting Drone Positions [ 3.27533354  5.09807387  6.9208142   8.74355453 10.56629486 12.38903519
 14.21177552 16.03451584 17.85725617 19.6799965 ]_[ -7.56972519 -11.35358799 -15.13745079 -18.92131359 -22.70517639
 -26.48903919 -30.27290199 -34.05676479 -37.84062759 -41.62449039] 

scanning direction vector [-1.78302919 -1.78302919 -1.78302919 -1.78302919 -1.78302919 -1.78302919
 -1.78302919 -1.78302919 -1.78302919 -1.78302919]_[-0.85891043 -0.85891043 -0.85891043 -0.85891043 -0.85891043 -0.85891043
 -0.85891043 -0.85891043 -0.85891043 -0.85891043] 

changing back speed 0.3 

velocity vector [-1.73955978 -2.22028742 -2.17411259 -2.02615185 -1.16125671 -1.32993167
 -1.73348087 -1.66290647 -1.69028279 -2.09232174]_[ 0.75775246  0.5309334   0.33624086  0.19457362 -0.02710692 -0.26428786
 -2.38580601 -2.48681679 -2.62013598 -2.62445103] 

Moving Straight [ 1.39087573  4.33531389  6.05031296  7.52781155  7.33246323  9.54877846
 12.31313357 13.97120031 15.85781871 18.61864993]_[-12.200849   -15.45546735 -18.78504754 -22.23835346 -25.50496165
 -28.73540227 -27.56905605 -31.11722705 -34.59001171 -38.36380609] 

drones next lat [48.33572635 48.33569731 48.33566749 48.33563654 48.33560714 48.33557825
 48.33558896 48.33555717 48.33552608 48.33549235] drones next lon [14.32666421 14.32670432 14.32672786 14.3267482  14.32674595 14.32677624
 14.3268134  14.32683619 14.32686206 14.32689976] 
WayPoint_Count 54 

Leader Index 5 

Leader Contour 87.5 

Contour Threshold 220 

Previous Drone Positions [ 1.39087573  4.33531389  6.05031296  7.52781155  7.33246323  9.54877846
 12.31313357 13.97120031 15.85781871 18.61864993]_[-12.200849   -15.45546735 -18.78504754 -22.23835346 -25.50496165
 -28.73540227 -27.56905605 -31.11722705 -34.59001171 -38.36380609] 

Mean Previous Drone Positions [9.69463583 9.69463583 9.69463583 9.69463583 9.69463583 9.69463583
 9.69463583 9.69463583 9.69463583 9.69463583]_[-25.45601822 -25.45601822 -25.45601822 -25.45601822 -25.45601822
 -25.45601822 -25.45601822 -25.45601822 -25.45601822 -25.45601822] 

relative Drone Positions [-8.20233148 -6.37959115 -4.55685082 -2.73411049 -0.91137016  0.91137016
  2.73411049  4.55685082  6.37959115  8.20233148]_[ 17.0273826  13.2435198   9.459657    5.6757942   1.8919314  -1.8919314
  -5.6757942  -9.459657  -13.2435198 -17.0273826] 

current starting Drone Positions [ 1.49230436  3.31504468  5.13778501  6.96052534  8.78326567 10.606006
 12.42874633 14.25148665 16.07422698 17.89696731]_[ -8.42863561 -12.21249841 -15.99636121 -19.78022402 -23.56408682
 -27.34794962 -31.13181242 -34.91567522 -38.69953802 -42.48340082] 

scanning direction vector [-1.78302919 -1.78302919 -1.78302919 -1.78302919 -1.78302919 -1.78302919
 -1.78302919 -1.78302919 -1.78302919 -1.78302919]_[-0.85891043 -0.85891043 -0.85891043 -0.85891043 -0.85891043 -0.85891043
 -0.85891043 -0.85891043 -0.85891043 -0.85891043] 

changing back speed 0.3 

velocity vector [-1.7526006  -2.08910995 -2.05678757 -1.95321505 -1.34778846 -1.46586093
 -1.74834536 -1.69894329 -1.71810671 -1.99953397]_[ 0.27275359  0.11398025 -0.02230453 -0.12147159 -0.27664797 -0.44267463
 -1.92773734 -1.99844488 -2.09176832 -2.09478885] 

Moving Straight [-0.36172487  2.24620394  3.99352539  5.5745965   5.98467477  8.08291754
 10.56478821 12.27225702 14.139712   16.61911596]_[-11.92809541 -15.34148709 -18.80735207 -22.35982505 -25.78160963
 -29.1780769  -29.49679339 -33.11567192 -36.68178003 -40.45859493] 

drones next lat [48.33572867 48.33569817 48.33566713 48.33563529 48.33560454 48.33557415
 48.33557148 48.33553906 48.33550713 48.33547335] drones next lon [14.32664053 14.32667612 14.32670011 14.32672186 14.3267278  14.32675651
 14.32679004 14.32681351 14.32683912 14.32687302] 
WayPoint_Count 55 

Leader Index 5 

Leader Contour 75.5 

Contour Threshold 220 

Previous Drone Positions [-0.36172487  2.24620394  3.99352539  5.5745965   5.98467477  8.08291754
 10.56478821 12.27225702 14.139712   16.61911596]_[-11.92809541 -15.34148709 -18.80735207 -22.35982505 -25.78160963
 -29.1780769  -29.49679339 -33.11567192 -36.68178003 -40.45859493] 

Mean Previous Drone Positions [7.91160665 7.91160665 7.91160665 7.91160665 7.91160665 7.91160665
 7.91160665 7.91160665 7.91160665 7.91160665]_[-26.31492864 -26.31492864 -26.31492864 -26.31492864 -26.31492864
 -26.31492864 -26.31492864 -26.31492864 -26.31492864 -26.31492864] 

relative Drone Positions [-8.20233148 -6.37959115 -4.55685082 -2.73411049 -0.91137016  0.91137016
  2.73411049  4.55685082  6.37959115  8.20233148]_[ 17.0273826  13.2435198   9.459657    5.6757942   1.8919314  -1.8919314
  -5.6757942  -9.459657  -13.2435198 -17.0273826] 

current starting Drone Positions [-0.29072483  1.5320155   3.35475582  5.17749615  7.00023648  8.82297681
 10.64571714 12.46845747 14.29119779 16.11393812]_[ -9.28754604 -13.07140884 -16.85527164 -20.63913444 -24.42299724
 -28.20686004 -31.99072284 -35.77458564 -39.55844844 -43.34231125] 

scanning direction vector [-1.78302919 -1.78302919 -1.78302919 -1.78302919 -1.78302919 -1.78302919
 -1.78302919 -1.78302919 -1.78302919 -1.78302919]_[-0.85891043 -0.85891043 -0.85891043 -0.85891043 -0.85891043 -0.85891043
 -0.85891043 -0.85891043 -0.85891043 -0.85891043] 

changing back speed 0.3 

velocity vector [-1.76172918 -1.99728572 -1.97466006 -1.90215929 -1.47836068 -1.56101141
 -1.75875051 -1.72416906 -1.73758345 -1.93458254]_[-0.06674561 -0.17788695 -0.2732863  -0.34270324 -0.45132671 -0.56754537
 -1.60708926 -1.65658454 -1.72191095 -1.72402532] 

Moving Straight [-2.12345405  0.24891822  2.01886533  3.67243721  4.50631409  6.52190613
  8.8060377  10.54808797 12.40212855 14.68453342]_[-11.99484102 -15.51937404 -19.08063837 -22.7025283  -26.23293634
 -29.74562227 -31.10388265 -34.77225647 -38.40369098 -42.18262025] 

drones next lat [48.33572793 48.33569641 48.33566451 48.33563206 48.33560037 48.33556892
 48.33555689 48.33552402 48.3354915  48.33545769] drones next lon [14.32661677 14.3266492  14.3266735  14.32669624 14.32670791 14.32673552
 14.3267665  14.32679044 14.32681588 14.32684713] 
WayPoint_Count 56 

Leader Index 5 

Leader Contour 65.5 

Contour Threshold 220 

Previous Drone Positions [-2.12345405  0.24891822  2.01886533  3.67243721  4.50631409  6.52190613
  8.8060377  10.54808797 12.40212855 14.68453342]_[-11.99484102 -15.51937404 -19.08063837 -22.7025283  -26.23293634
 -29.74562227 -31.10388265 -34.77225647 -38.40369098 -42.18262025] 

Mean Previous Drone Positions [6.12857746 6.12857746 6.12857746 6.12857746 6.12857746 6.12857746
 6.12857746 6.12857746 6.12857746 6.12857746]_[-27.17383907 -27.17383907 -27.17383907 -27.17383907 -27.17383907
 -27.17383907 -27.17383907 -27.17383907 -27.17383907 -27.17383907] 

relative Drone Positions [-8.20233148 -6.37959115 -4.55685082 -2.73411049 -0.91137016  0.91137016
  2.73411049  4.55685082  6.37959115  8.20233148]_[ 17.0273826  13.2435198   9.459657    5.6757942   1.8919314  -1.8919314
  -5.6757942  -9.459657  -13.2435198 -17.0273826] 

current starting Drone Positions [-2.07375402 -0.25101369  1.57172664  3.39446696  5.21720729  7.03994762
  8.86268795 10.68542828 12.50816861 14.33090893]_[-10.14645646 -13.93031926 -17.71418207 -21.49804487 -25.28190767
 -29.06577047 -32.84963327 -36.63349607 -40.41735887 -44.20122167] 

scanning direction vector [-1.78302919 -1.78302919 -1.78302919 -1.78302919 -1.78302919 -1.78302919
 -1.78302919 -1.78302919 -1.78302919 -1.78302919]_[-0.85891043 -0.85891043 -0.85891043 -0.85891043 -0.85891043 -0.85891043
 -0.85891043 -0.85891043 -0.85891043 -0.85891043] 

changing back speed 0.3 

velocity vector [-1.76811918 -1.93300876 -1.9171708  -1.86642026 -1.56976123 -1.62761674
 -1.76603411 -1.7418271  -1.75121717 -1.88911653]_[-0.30439506 -0.38219399 -0.44897354 -0.4975654  -0.57360182 -0.65495489
 -1.38263561 -1.41728231 -1.46301079 -1.46449085] 

Moving Straight [-3.89157323 -1.68409055  0.10169453  1.80601694  2.93655287  4.89428939
  7.04000359  8.80626087 10.65091138 12.79541688]_[-12.29923608 -15.90156803 -19.5296119  -23.20009369 -26.80653816
 -30.40057715 -32.48651826 -36.18953877 -39.86670177 -43.6471111 ] 

drones next lat [48.33572505 48.33569282 48.33566032 48.33562744 48.33559508 48.3355629
 48.33554431 48.33551114 48.3354782  48.33544436] drones next lon [14.32659295 14.32662316 14.32664769 14.32667112 14.3266868  14.32671364
 14.32674284 14.3267671  14.32679243 14.32682181] 
WayPoint_Count 57 

Leader Index 5 

Leader Contour 227.0 

Contour Threshold 220 

Converging Before Rutherford Scattering [-3.15129988  0.04074157  0.64818775  3.55969239  3.39305745  5.8884517
  6.21660901  8.12611395  8.9784777  12.68824101]_[-15.08960661 -17.28386566 -20.39413366 -25.29919942 -29.42878179
 -30.50847201 -30.3005208  -33.63426847 -38.93182445 -42.32753417] 

Minimum Distance Within Rutherford Scattering 4.2 

Converging After Rutherford Scattering [-3.77769127  0.27221593  0.54168993  3.62343799  2.07890344  4.90667272
  8.02393897  8.75381462  8.89733995 13.06795034]_[-14.53230944 -16.60017924 -20.65952474 -24.75373608 -29.30194611
 -31.85307873 -29.14312458 -34.19978983 -39.37516162 -42.77935668] 

drones next lat [48.33570497 48.33568669 48.33565019 48.3356136  48.33557256 48.33554984
 48.33557446 48.33552903 48.33548248 48.33545219] drones next lon [14.32659475 14.32664964 14.32665376 14.32669582 14.32667552 14.32671398
 14.32675571 14.32676616 14.32676871 14.32682539] 
WayPoint_Count 58 

Leader Index 3 

Leader Contour 56.0 

Contour Threshold 220 

Previous Drone Positions [-3.77769127  0.27221593  0.54168993  3.62343799  2.07890344  4.90667272
  8.02393897  8.75381462  8.89733995 13.06795034]_[-14.53230944 -16.60017924 -20.65952474 -24.75373608 -29.30194611
 -31.85307873 -29.14312458 -34.19978983 -39.37516162 -42.77935668] 

Mean Previous Drone Positions [4.63882726 4.63882726 4.63882726 4.63882726 4.63882726 4.63882726
 4.63882726 4.63882726 4.63882726 4.63882726]_[-28.3198207 -28.3198207 -28.3198207 -28.3198207 -28.3198207 -28.3198207
 -28.3198207 -28.3198207 -28.3198207 -28.3198207] 

relative Drone Positions [ 0.21555736  0.16765573  0.11975409  0.07185245  0.02395082 -0.02395082
 -0.07185245 -0.11975409 -0.16765573 -0.21555736]_[ 18.89877073  14.6990439   10.49931707   6.29959024   2.09986341
  -2.09986341  -6.29959024 -10.49931707 -14.6990439  -18.89877073] 

current starting Drone Positions [4.85438463 4.80648299 4.75858135 4.71067972 4.66277808 4.61487645
 4.56697481 4.51907317 4.47117154 4.4232699 ]_[ -9.42104998 -13.6207768  -17.82050363 -22.02023046 -26.21995729
 -30.41968412 -34.61941095 -38.81913777 -43.0188646  -47.21859143] 

scanning direction vector [-1.97899235 -1.97899235 -1.97899235 -1.97899235 -1.97899235 -1.97899235
 -1.97899235 -1.97899235 -1.97899235 -1.97899235]_[0.02257218 0.02257218 0.02257218 0.02257218 0.02257218 0.02257218
 0.02257218 0.02257218 0.02257218 0.02257218] 

changing back speed 0.3 

velocity vector [ 0.61063042 -0.61871223 -0.71392492 -1.65281983 -1.20382995 -2.06653123
 -3.0160816  -3.24941478 -3.30684287 -4.57239648]_[ 1.55595001  0.91639291  0.87427851  0.84262386  0.94716882  0.45259056
 -1.62031373 -1.36323221 -1.07053872 -1.30919825] 

Moving Straight [-3.16706085 -0.3464963  -0.17223499  1.97061816  0.87507349  2.84014149
  5.00785738  5.50439984  5.59049708  8.49555387]_[-12.97635942 -15.68378633 -19.78524623 -23.91111222 -28.35477729
 -31.40048817 -30.76343831 -35.56302204 -40.44570034 -44.08855493] 

drones next lat [48.33571902 48.33569488 48.335658   48.33562105 48.33558099 48.33555375
 48.33555965 48.33551651 48.33547259 48.33544005] drones next lon [14.32660281 14.32664118 14.32664402 14.32667342 14.32665917 14.32668604
 14.32671521 14.32672248 14.32672422 14.32676385] 
WayPoint_Count 59 

Leader Index 4 

Leader Contour 55.0 

Contour Threshold 220 

Previous Drone Positions [-3.16706085 -0.3464963  -0.17223499  1.97061816  0.87507349  2.84014149
  5.00785738  5.50439984  5.59049708  8.49555387]_[-12.97635942 -15.68378633 -19.78524623 -23.91111222 -28.35477729
 -31.40048817 -30.76343831 -35.56302204 -40.44570034 -44.08855493] 

Mean Previous Drone Positions [2.65983492 2.65983492 2.65983492 2.65983492 2.65983492 2.65983492
 2.65983492 2.65983492 2.65983492 2.65983492]_[-28.29724853 -28.29724853 -28.29724853 -28.29724853 -28.29724853
 -28.29724853 -28.29724853 -28.29724853 -28.29724853 -28.29724853] 

relative Drone Positions [ 0.21555736  0.16765573  0.11975409  0.07185245  0.02395082 -0.02395082
 -0.07185245 -0.11975409 -0.16765573 -0.21555736]_[ 18.89877073  14.6990439   10.49931707   6.29959024   2.09986341
  -2.09986341  -6.29959024 -10.49931707 -14.6990439  -18.89877073] 

current starting Drone Positions [2.87539228 2.82749064 2.77958901 2.73168737 2.68378574 2.6358841
 2.58798246 2.54008083 2.49217919 2.44427756]_[ -9.3984778  -13.59820463 -17.79793146 -21.99765829 -26.19738511
 -30.39711194 -34.59683877 -38.7965656  -42.99629243 -47.19601926] 

scanning direction vector [-1.97899235 -1.97899235 -1.97899235 -1.97899235 -1.97899235 -1.97899235
 -1.97899235 -1.97899235 -1.97899235 -1.97899235]_[0.02257218 0.02257218 0.02257218 0.02257218 0.02257218 0.02257218
 0.02257218 0.02257218 0.02257218 0.02257218] 

changing back speed 0.3 

velocity vector [-0.16625641 -1.02679626 -1.09344515 -1.75067158 -1.43637867 -2.04026956
 -2.70495482 -2.86828805 -2.90848771 -3.79437524]_[ 1.09593666  0.64824669  0.61876661  0.59660836  0.66978983  0.32358504
 -1.12744796 -0.94749089 -0.74260545 -0.90966712] 

Moving Straight [-3.33331725 -1.37329256 -1.26568013  0.21994658 -0.56130518  0.79987193
  2.30290256  2.63611179  2.68200937  4.70117863]_[-11.88042276 -15.03553965 -19.16647962 -23.31450386 -27.68498746
 -31.07690313 -31.89088627 -36.51051293 -41.18830579 -44.99822205] 

drones next lat [48.33572886 48.33570063 48.33566348 48.33562628 48.3355869  48.3355565
 48.33554929 48.33550776 48.33546568 48.33543157] drones next lon [14.32660043 14.32662725 14.32662919 14.32664973 14.32663971 14.32665847
 14.32667885 14.32668389 14.32668507 14.32671276] 
WayPoint_Count 60 

Leader Index 4 

Leader Contour 157.5 

Contour Threshold 220 

Previous Drone Positions [-3.33331725 -1.37329256 -1.26568013  0.21994658 -0.56130518  0.79987193
  2.30290256  2.63611179  2.68200937  4.70117863]_[-11.88042276 -15.03553965 -19.16647962 -23.31450386 -27.68498746
 -31.07690313 -31.89088627 -36.51051293 -41.18830579 -44.99822205] 

Mean Previous Drone Positions [0.68084257 0.68084257 0.68084257 0.68084257 0.68084257 0.68084257
 0.68084257 0.68084257 0.68084257 0.68084257]_[-28.27467635 -28.27467635 -28.27467635 -28.27467635 -28.27467635
 -28.27467635 -28.27467635 -28.27467635 -28.27467635 -28.27467635] 

relative Drone Positions [ 0.21555736  0.16765573  0.11975409  0.07185245  0.02395082 -0.02395082
 -0.07185245 -0.11975409 -0.16765573 -0.21555736]_[ 18.89877073  14.6990439   10.49931707   6.29959024   2.09986341
  -2.09986341  -6.29959024 -10.49931707 -14.6990439  -18.89877073] 

current starting Drone Positions [0.89639993 0.8484983  0.80059666 0.75269503 0.70479339 0.65689175
 0.60899012 0.56108848 0.51318685 0.46528521]_[ -9.37590562 -13.57563245 -17.77535928 -21.97508611 -26.17481294
 -30.37453977 -34.57426659 -38.77399342 -42.97372025 -47.17344708] 

scanning direction vector [-1.97899235 -1.97899235 -1.97899235 -1.97899235 -1.97899235 -1.97899235
 -1.97899235 -1.97899235 -1.97899235 -1.97899235]_[0.02257218 0.02257218 0.02257218 0.02257218 0.02257218 0.02257218
 0.02257218 0.02257218 0.02257218 0.02257218] 

changing back speed 0.3 

velocity vector [-0.71007719 -1.31245509 -1.35910931 -1.81916781 -1.59916277 -2.0218864
 -2.48716608 -2.60149934 -2.6296391  -3.24976037]_[ 0.77392732  0.46054433  0.43990828  0.4243975   0.47562453  0.23328118
 -0.78244192 -0.65647197 -0.51305216 -0.62999533] 

Moving Straight [-4.04339444 -2.68574765 -2.62478944 -1.59922123 -2.16046796 -1.22201447
 -0.18426352  0.03461245  0.05237027  1.45141826]_[-11.10649544 -14.57499531 -18.72657134 -22.89010636 -27.20936293
 -30.84362194 -32.6733282  -37.1669849  -41.70135795 -45.62821738] 

drones next lat [48.33573577 48.33570467 48.33566733 48.33562996 48.33559106 48.33555844
 48.33554206 48.33550165 48.33546086 48.33542564] drones next lon [14.32659076 14.32660949 14.3266108  14.32662513 14.32661807 14.32663117
 14.32664538 14.32664887 14.32664965 14.32666899] 
WayPoint_Count 61 

Leader Index 5 

Leader Contour 229.5 

Contour Threshold 220 

Converging Before Rutherford Scattering [-4.75896727 -2.55134251 -3.03448403 -1.49898093 -2.654426   -0.22468418
 -2.12482598 -0.31124185  0.51122608  1.91579712]_[-13.1394251  -17.56594427 -19.94467401 -25.88784579 -29.2551872
 -30.77059944 -30.63346083 -34.20631252 -40.43689294 -44.23212761] 

Minimum Distance Within Rutherford Scattering 4.2 

Converging After Rutherford Scattering [-5.01273142 -2.17998201 -3.35163128 -1.1135765  -3.85017672  1.30548798
 -3.05286475 -0.04983879  0.43395093  2.13943301]_[-12.50899084 -16.69775135 -20.33853773 -25.13202528 -28.31414507
 -30.61459653 -31.81289131 -35.142253   -40.58807936 -44.92319924] 

drones next lat [48.33572307 48.33568562 48.33565277 48.33560983 48.33558098 48.3355607
 48.33554957 48.33551986 48.3354709  48.33543204] drones next lon [14.32657785 14.32661656 14.32660119 14.32663195 14.32659541 14.32666524
 14.32660658 14.32664749 14.32665466 14.32667819] 
WayPoint_Count 62 

Leader Index 6 

Leader Contour 168.5 

Contour Threshold 220 

Previous Drone Positions [-5.01273142 -2.17998201 -3.35163128 -1.1135765  -3.85017672  1.30548798
 -3.05286475 -0.04983879  0.43395093  2.13943301]_[-12.50899084 -16.69775135 -20.33853773 -25.13202528 -28.31414507
 -30.61459653 -31.81289131 -35.142253   -40.58807936 -44.92319924] 

Mean Previous Drone Positions [-1.47319295 -1.47319295 -1.47319295 -1.47319295 -1.47319295 -1.47319295
 -1.47319295 -1.47319295 -1.47319295 -1.47319295]_[-28.60724697 -28.60724697 -28.60724697 -28.60724697 -28.60724697
 -28.60724697 -28.60724697 -28.60724697 -28.60724697 -28.60724697] 

relative Drone Positions [ 5.76600319  4.48466915  3.2033351   1.92200106  0.64066702 -0.64066702
 -1.92200106 -3.2033351  -4.48466915 -5.76600319]_[ 17.99897795  13.99920507   9.99943219   5.99965932   1.99988644
  -1.99988644  -5.99965932  -9.99943219 -13.99920507 -17.99897795] 

current starting Drone Positions [ 4.29281023  3.01147619  1.73014215  0.44880811 -0.83252593 -2.11385998
 -3.39519402 -4.67652806 -5.9578621  -7.23919614]_[-10.60826902 -14.6080419  -18.60781478 -22.60758766 -26.60736053
 -30.60713341 -34.60690629 -38.60667917 -42.60645204 -46.60622492] 

scanning direction vector [-1.88477018 -1.88477018 -1.88477018 -1.88477018 -1.88477018 -1.88477018
 -1.88477018 -1.88477018 -1.88477018 -1.88477018]_[0.60378933 0.60378933 0.60378933 0.60378933 0.60378933 0.60378933
 0.60378933 0.60378933 0.60378933 0.60378933] 

changing back speed 0.3 

velocity vector [ 0.90689231 -0.32733272 -0.36023816 -1.4160548  -0.97947495 -2.91057457
 -1.98746897 -3.27277696 -3.80231409 -4.69835893]_[ 1.17400588  1.23070217  1.12300622  1.36112062  1.11582469  0.60602827
 -0.23441516 -0.43553852 -0.00172247  0.09888163] 

Moving Straight [-4.10583911 -2.50731474 -3.71186943 -2.5296313  -4.82965167 -1.60508659
 -5.04033371 -3.32261576 -3.36836316 -2.55892592]_[-11.33498496 -15.46704918 -19.21553151 -23.77090466 -27.19832038
 -30.00856826 -32.04730647 -35.57779152 -40.58980183 -44.82431761] 

drones next lat [48.33573371 48.33569666 48.33566285 48.33562196 48.33559094 48.33556592
 48.33554731 48.33551568 48.33547059 48.33543256] drones next lon [14.32658994 14.326612   14.32659619 14.32661269 14.32658206 14.3266259
 14.32657979 14.32660338 14.32660336 14.32661478] 
WayPoint_Count 63 

Leader Index 4 

Leader Contour 167.0 

Contour Threshold 220 

Previous Drone Positions [-4.10583911 -2.50731474 -3.71186943 -2.5296313  -4.82965167 -1.60508659
 -5.04033371 -3.32261576 -3.36836316 -2.55892592]_[-11.33498496 -15.46704918 -19.21553151 -23.77090466 -27.19832038
 -30.00856826 -32.04730647 -35.57779152 -40.58980183 -44.82431761] 

Mean Previous Drone Positions [-3.35796314 -3.35796314 -3.35796314 -3.35796314 -3.35796314 -3.35796314
 -3.35796314 -3.35796314 -3.35796314 -3.35796314]_[-28.00345764 -28.00345764 -28.00345764 -28.00345764 -28.00345764
 -28.00345764 -28.00345764 -28.00345764 -28.00345764 -28.00345764] 

relative Drone Positions [ 5.76600319  4.48466915  3.2033351   1.92200106  0.64066702 -0.64066702
 -1.92200106 -3.2033351  -4.48466915 -5.76600319]_[ 17.99897795  13.99920507   9.99943219   5.99965932   1.99988644
  -1.99988644  -5.99965932  -9.99943219 -13.99920507 -17.99897795] 

current starting Drone Positions [ 2.40804005  1.12670601 -0.15462803 -1.43596208 -2.71729612 -3.99863016
 -5.2799642  -6.56129824 -7.84263229 -9.12396633]_[-10.00447969 -14.00425257 -18.00402544 -22.00379832 -26.0035712
 -30.00334408 -34.00311696 -38.00288983 -42.00266271 -46.00243559] 

scanning direction vector [-1.88477018 -1.88477018 -1.88477018 -1.88477018 -1.88477018 -1.88477018
 -1.88477018 -1.88477018 -1.88477018 -1.88477018]_[0.60378933 0.60378933 0.60378933 0.60378933 0.60378933 0.60378933
 0.60378933 0.60378933 0.60378933 0.60378933] 

changing back speed 0.3 

velocity vector [ 0.06939356 -0.79456396 -0.81759777 -1.55666942 -1.25106352 -2.60283326
 -1.95665933 -2.85637493 -3.22705092 -3.85428231]_[ 1.00294092  1.04262832  0.96724115  1.13392123  0.96221409  0.60535659
  0.01704619 -0.12374016  0.17993107  0.25035394] 

Moving Straight [-4.03644555 -3.3018787  -4.5294672  -4.08630072 -6.08071519 -4.20791984
 -6.99699305 -6.17899069 -6.59541409 -6.41320823]_[-10.33204405 -14.42442086 -18.24829036 -22.63698343 -26.23610629
 -29.40321167 -32.03026028 -35.70153168 -40.40987076 -44.57396367] 

drones next lat [48.33574274 48.33570598 48.33567148 48.33563204 48.3355995  48.33557116
 48.3355473  48.33551434 48.33547195 48.33543451] drones next lon [14.32659076 14.32660116 14.32658505 14.32659155 14.32656506 14.32659071
 14.32655339 14.32656486 14.3265598  14.32656275] 
WayPoint_Count 64 

Leader Index 3 

Leader Contour 214.0 

Contour Threshold 220 

Previous Drone Positions [-4.03644555 -3.3018787  -4.5294672  -4.08630072 -6.08071519 -4.20791984
 -6.99699305 -6.17899069 -6.59541409 -6.41320823]_[-10.33204405 -14.42442086 -18.24829036 -22.63698343 -26.23610629
 -29.40321167 -32.03026028 -35.70153168 -40.40987076 -44.57396367] 

Mean Previous Drone Positions [-5.24273332 -5.24273332 -5.24273332 -5.24273332 -5.24273332 -5.24273332
 -5.24273332 -5.24273332 -5.24273332 -5.24273332]_[-27.39966831 -27.39966831 -27.39966831 -27.39966831 -27.39966831
 -27.39966831 -27.39966831 -27.39966831 -27.39966831 -27.39966831] 

relative Drone Positions [ 5.76600319  4.48466915  3.2033351   1.92200106  0.64066702 -0.64066702
 -1.92200106 -3.2033351  -4.48466915 -5.76600319]_[ 17.99897795  13.99920507   9.99943219   5.99965932   1.99988644
  -1.99988644  -5.99965932  -9.99943219 -13.99920507 -17.99897795] 

current starting Drone Positions [  0.52326986  -0.75806418  -2.03939822  -3.32073226  -4.6020663
  -5.88340034  -7.16473439  -8.44606843  -9.72740247 -11.00873651]_[ -9.40069036 -13.40046323 -17.40023611 -21.40000899 -25.39978187
 -29.39955474 -33.39932762 -37.3991005  -41.39887338 -45.39864626] 

scanning direction vector [-1.88477018 -1.88477018 -1.88477018 -1.88477018 -1.88477018 -1.88477018
 -1.88477018 -1.88477018 -1.88477018 -1.88477018]_[0.60378933 0.60378933 0.60378933 0.60378933 0.60378933 0.60378933
 0.60378933 0.60378933 0.60378933 0.60378933] 

changing back speed 0.3 

velocity vector [-0.51685556 -1.12162583 -1.13774949 -1.65509965 -1.44117552 -2.38741433
 -1.93509259 -2.56489351 -2.8243667  -3.26342867]_[0.88319544 0.91097662 0.85820561 0.97488166 0.85468666 0.60488641
 0.19306913 0.09451869 0.30708855 0.35638456] 

Moving Straight [-4.55330111 -4.42350453 -5.66721669 -5.74140037 -7.52189071 -6.59533418
 -8.93208563 -8.74388419 -9.41978079 -9.6766369 ]_[ -9.44884861 -13.51344424 -17.39008475 -21.66210176 -25.38141963
 -28.79832526 -31.83719115 -35.60701299 -40.10278221 -44.21757911] 

drones next lat [48.33575064 48.33571409 48.33567911 48.33564068 48.33560708 48.33557641
 48.33554889 48.33551499 48.33547449 48.33543745] drones next lon [14.32658368 14.32658592 14.3265696  14.3265691  14.32654552 14.32655842
 14.32652726 14.32653024 14.32652166 14.32651868] 
WayPoint_Count 65 

Leader Index 2 

Leader Contour 222.0 

Contour Threshold 220 

Converging Before Rutherford Scattering [ -5.40889169  -4.05287049  -5.9822527   -6.17455246  -8.04566993
  -5.43861058  -8.63397272  -7.61277888  -9.1670751  -10.10345285]_[-12.24565771 -15.22691749 -16.44100503 -20.54619688 -23.21512944
 -26.9091778  -30.87614461 -33.03233771 -39.12684206 -41.5481104 ] 

Minimum Distance Within Rutherford Scattering 4.2 

Converging After Rutherford Scattering [ -5.60111349  -2.82886874  -6.8066292   -5.80527818  -8.80457944
  -4.85112494  -9.32238975  -7.15320452  -8.98270224 -10.46423691]_[-11.1280772  -14.90103225 -16.31792907 -20.52440532 -23.4242819
 -27.08269515 -30.48699789 -33.81013169 -38.92090348 -42.57106518] 

drones next lat [48.33573545 48.33570173 48.33568867 48.33565091 48.33562458 48.33559198
 48.335561   48.33553128 48.33548516 48.3354522 ] drones next lon [14.32656975 14.3266076  14.32655409 14.3265681  14.32652798 14.32658175
 14.32652183 14.32655149 14.32652741 14.32650786] 
WayPoint_Count 66 

Leader Index 5 

Leader Contour 162.0 

Contour Threshold 220 

Previous Drone Positions [ -5.60111349  -2.82886874  -6.8066292   -5.80527818  -8.80457944
  -4.85112494  -9.32238975  -7.15320452  -8.98270224 -10.46423691]_[-11.1280772  -14.90103225 -16.31792907 -20.52440532 -23.4242819
 -27.08269515 -30.48699789 -33.81013169 -38.92090348 -42.57106518] 

Mean Previous Drone Positions [-7.06201274 -7.06201274 -7.06201274 -7.06201274 -7.06201274 -7.06201274
 -7.06201274 -7.06201274 -7.06201274 -7.06201274]_[-25.91675191 -25.91675191 -25.91675191 -25.91675191 -25.91675191
 -25.91675191 -25.91675191 -25.91675191 -25.91675191 -25.91675191] 

relative Drone Positions [ 10.06971439   7.83200008   5.59428577   3.35657146   1.11885715
  -1.11885715  -3.35657146  -5.59428577  -7.83200008 -10.06971439]_[ 15.99408804  12.43984625   8.88560446   5.33136268   1.77712089
  -1.77712089  -5.33136268  -8.88560446 -12.43984625 -15.99408804] 

current starting Drone Positions [  3.00770165   0.76998734  -1.46772697  -3.70544128  -5.94315559
  -8.18086989 -10.4185842  -12.65629851 -14.89401282 -17.13172713]_[ -9.92266388 -13.47690566 -17.03114745 -20.58538923 -24.13963102
 -27.69387281 -31.24811459 -34.80235638 -38.35659816 -41.91083995] 

scanning direction vector [-1.67482733 -1.67482733 -1.67482733 -1.67482733 -1.67482733 -1.67482733
 -1.67482733 -1.67482733 -1.67482733 -1.67482733]_[1.05445418 1.05445418 1.05445418 1.05445418 1.05445418 1.05445418
 1.05445418 1.05445418 1.05445418 1.05445418] 

changing back speed 0.3 

velocity vector [ 0.90781721 -0.59517051 -0.07315667 -1.04487626 -0.81640018 -2.67375082
 -2.00368567 -3.32575553 -3.44822051 -3.6750744 ]_[1.41607817 1.48169215 0.84048866 1.036159   0.83984944 0.87110088
 0.82611916 0.75678677 1.22374577 1.25252174] 

Moving Straight [ -4.69329629  -3.42403925  -6.87978586  -6.85015444  -9.62097962
  -7.52487576 -11.32607542 -10.47896005 -12.43092275 -14.13931131]_[ -9.71199903 -13.4193401  -15.47744041 -19.48824632 -22.58443246
 -26.21159427 -29.66087873 -33.05334492 -37.69715771 -41.31854344] 

drones next lat [48.33574826 48.33571501 48.33569622 48.33566014 48.33563207 48.33559961
 48.33556828 48.33553783 48.3354959  48.33546318] drones next lon [14.32658183 14.32659939 14.32655301 14.32655388 14.32651686 14.32654558
 14.3264947  14.32650653 14.32648074 14.32645812] 
WayPoint_Count 67 

Leader Index 4 

Leader Contour 316.0 

Contour Threshold 220 

Converging Before Rutherford Scattering [ -4.54446311  -5.25758705  -8.59605297  -8.14339832  -8.90404389
  -9.0171964  -10.06588196  -9.46481975 -11.06557866 -14.46934984]_[-12.0835654  -14.37529568 -17.42656457 -21.97777637 -23.28157173
 -23.60913835 -28.32744299 -30.53450244 -35.70829324 -38.77290372] 

Minimum Distance Within Rutherford Scattering 4.2 

Converging After Rutherford Scattering [ -4.11759111  -4.98483798  -9.16841871  -6.52287409  -9.75942434
  -9.45598266 -10.72693047  -8.96525641 -10.94398097 -14.88307521]_[-10.85239368 -14.5523318  -16.79126443 -20.86099887 -22.24752916
 -25.34525843 -28.43942677 -31.58094103 -36.1428169  -39.28409341] 

drones next lat [48.33573805 48.3357047  48.33568422 48.33564782 48.33563509 48.33560725
 48.33557931 48.33555119 48.33551    48.33548143] drones next lon [14.32658973 14.32657847 14.32652228 14.32655846 14.32651496 14.32651942
 14.32650264 14.32652678 14.32650062 14.32644785] 
WayPoint_Count 68 

Leader Index 4 

Leader Contour 304.5 

Contour Threshold 220 

Converging Before Rutherford Scattering [ -5.9729123   -5.06446684 -10.05255193  -7.48864638 -10.52000381
  -8.68740894 -10.44821546  -9.59778232 -10.51482594 -15.26997348]_[-12.89602228 -16.02878687 -19.5231132  -21.16019175 -21.59828432
 -23.08726722 -27.46295231 -28.7017635  -33.18424097 -37.63868548] 

Minimum Distance Within Rutherford Scattering 4.2 

Converging After Rutherford Scattering [ -5.99728729  -4.35163242 -10.61293     -6.16169278 -12.01716884
  -8.14247952 -11.5816303   -8.6756404  -10.52395611 -15.55236975]_[-11.85917264 -15.89907283 -18.04194287 -20.713619   -21.74303395
 -24.01181705 -27.24347767 -29.77475079 -33.96165317 -38.03276794] 

drones next lat [48.33572884 48.33569263 48.33567286 48.33564917 48.33563945 48.33561935
 48.33559    48.33556746 48.33552965 48.33549263] drones next lon [14.32656449 14.32658717 14.32650294 14.32656332 14.32648443 14.32653698
 14.32649096 14.32653047 14.32650603 14.32643867] 
WayPoint_Count 69 

Leader Index 4 

Leader Contour 328.0 

Contour Threshold 220 

Converging Before Rutherford Scattering [ -7.03294579  -5.88793854 -11.43062905  -7.36800569 -12.92858458
 -10.86221957 -12.0430323   -9.08995873 -11.46240425 -16.08594939]_[-14.56728097 -16.11309557 -20.90600132 -21.70574899 -21.3315472
 -22.89042624 -24.29689672 -26.99291509 -32.69462233 -36.36587926] 

Minimum Distance Within Rutherford Scattering 4.2 

Converging After Rutherford Scattering [ -7.43406032  -4.82297592 -11.21454459  -6.09910194 -14.94059099
 -10.15356196 -13.31343112  -8.43306569 -11.38384916 -16.39648619]_[-13.22616106 -16.22394599 -19.24457552 -21.67247993 -20.84597685
 -23.22390797 -25.56620776 -27.88625079 -33.20155522 -36.7733526 ] 

drones next lat [48.33571643 48.33568967 48.33566199 48.33564055 48.33564729 48.33562628
 48.33560496 48.33558447 48.33553642 48.33550389] drones next lon [14.32654526 14.32658085 14.32649497 14.32656428 14.32644488 14.32650975
 14.3264674  14.32653352 14.32649434 14.32642713] 
WayPoint_Count 70 

Leader Index 4 

Leader Contour 305.0 

Contour Threshold 220 

Converging Before Rutherford Scattering [ -8.04801082  -7.51908304 -13.94851483  -7.40450159 -14.48315327
 -11.28132134 -13.01435767  -9.06175855 -11.12555193 -15.68245049]_[-15.26450642 -16.57440058 -20.47736468 -22.21400953 -21.73521851
 -23.08239463 -23.3658202  -25.73289701 -31.86387156 -35.62841427] 

Minimum Distance Within Rutherford Scattering 4.2 

Converging After Rutherford Scattering [ -8.33003629  -6.61880985 -14.15533723  -6.19462469 -16.49638333
 -10.56229056 -13.89163278  -8.35663712 -10.98806593 -15.97488575]_[-13.58176285 -16.91090894 -18.68443283 -22.08921274 -21.8732629
 -22.8060362  -24.73724945 -26.79349512 -32.39296489 -36.06957151] 

drones next lat [48.33571316 48.33568335 48.3356668  48.3356368  48.33563793 48.33563
 48.33561237 48.33559431 48.33554373 48.33551026] drones next lon [14.32653322 14.3265567  14.32645522 14.32656304 14.32642401 14.32650419
 14.3264595  14.32653442 14.32649958 14.32643273] 
WayPoint_Count 71 

Leader Index 4 

Leader Contour 386.5 

Contour Threshold 220 

Converging Before Rutherford Scattering [-10.70846192  -7.48696856 -14.40799477  -8.17438242 -17.30871486
 -11.90963298 -14.3292262   -9.89281212 -12.25212829 -16.64923292]_[-14.78451526 -17.41445745 -20.66185922 -21.0474932  -21.29006696
 -21.71757974 -23.6764758  -26.74337611 -31.56291344 -34.87022332] 

Minimum Distance Within Rutherford Scattering 4.2 

Converging After Rutherford Scattering [-10.88815926  -6.65251817 -14.89763346  -7.12224567 -18.79345041
 -11.38961619 -14.93650601  -9.32304501 -12.12841886 -16.98796199]_[-13.85483003 -16.73649526 -19.56233466 -21.28261553 -21.14319637
 -21.71298461 -24.70615677 -27.30971984 -32.11848461 -35.34214282] 

drones next lat [48.3357105  48.33568491 48.33565884 48.33564398 48.33564431 48.33563977
 48.33561256 48.33558959 48.3355461  48.33551672] drones next lon [14.32649873 14.32655622 14.32644531 14.32655042 14.32639293 14.3264929
 14.3264454  14.32652144 14.32648416 14.32641898] 
WayPoint_Count 72 

Leader Index 4 

Leader Contour 397.5 

Contour Threshold 220 

Converging Before Rutherford Scattering [-11.36221674  -7.71358021 -16.54629046  -8.79743274 -17.83908615
 -14.37025612 -16.9580649  -11.42997859 -13.04483769 -17.59490598]_[-15.125344   -16.84497073 -21.29319855 -20.31289883 -21.44184142
 -21.3959793  -22.51550474 -27.1207964  -31.40157716 -32.42312368] 

Minimum Distance Within Rutherford Scattering 4.2 

Converging After Rutherford Scattering [-11.56622883  -6.83951232 -16.53327746  -8.11550893 -20.18979028
 -13.19021694 -17.44010887 -10.90652869 -12.7725408  -18.10293646]_[-14.25520664 -16.23355143 -19.74449657 -20.65998624 -20.83616145
 -21.42104661 -24.30616574 -27.40187034 -32.09398751 -32.92276228] 

drones next lat [48.33570685 48.33568942 48.33565707 48.3356495  48.33564696 48.33564226
 48.33561597 48.33558863 48.33554627 48.3355384 ] drones next lon [14.32648963 14.32655364 14.32642326 14.32653695 14.32637406 14.32646857
 14.32641157 14.32650009 14.32647547 14.32640365] 
WayPoint_Count 73 

Leader Index 4 

Leader Contour 341.0 

Contour Threshold 220 

Converging Before Rutherford Scattering [-13.11284051  -7.97503612 -17.8351532  -10.85791199 -20.10492307
 -15.95779383 -17.68252181 -12.28700805 -14.43154706 -19.10066201]_[-16.46759362 -16.22999264 -19.52776156 -20.01944749 -21.83255372
 -21.88705274 -22.71470259 -25.27937488 -29.59448947 -30.19841896] 

Minimum Distance Within Rutherford Scattering 4.2 

Converging After Rutherford Scattering [-13.14478756  -7.19406593 -18.39067471 -10.08004055 -21.80953072
 -15.08369691 -18.3124646  -11.54265259 -14.14262444 -19.64485965]_[-15.49253906 -15.69451948 -18.21903116 -20.09631509 -21.7246131
 -21.71361771 -23.83039681 -25.7778727  -30.39556958 -30.80691296] 

drones next lat [48.33569559 48.33569425 48.33567065 48.33565442 48.33563884 48.33563947
 48.33562018 48.33560319 48.33556145 48.33555731] drones next lon [14.32646848 14.32654879 14.32639802 14.32651038 14.32635231 14.32644306
 14.32639974 14.32649132 14.32645678 14.32638259] 
WayPoint_Count 74 

Leader Index 4 

Leader Contour 351.5 

Contour Threshold 220 

Converging Before Rutherford Scattering [-13.82965704  -8.04436759 -19.90267057 -12.98327674 -21.25475887
 -16.09406596 -20.20733614 -13.14101053 -16.26192209 -20.5153445 ]_[-17.00485779 -16.40295234 -20.64414025 -19.98468575 -20.89261058
 -21.57323539 -21.81530131 -26.00854418 -29.50454291 -27.94788777] 

Minimum Distance Within Rutherford Scattering 4.2 

Converging After Rutherford Scattering [-13.80537446  -7.34963209 -19.56851942 -11.97027791 -23.4910144
 -15.83917373 -20.55699055 -12.40421842 -16.08934132 -21.1598677 ]_[-15.81412481 -16.04199083 -18.97472969 -20.05291957 -20.25165956
 -21.83303652 -23.30647058 -26.49091549 -30.40064931 -28.61226192] 

drones next lat [48.33569265 48.33569111 48.33566376 48.33565466 48.33565196 48.33563834
 48.33562471 48.33559671 48.33556125 48.33557693] drones next lon [14.3264596  14.32654674 14.32638222 14.32648487 14.32632945 14.32643288
 14.3263694  14.32647977 14.32643052 14.32636189] 
WayPoint_Count 75 

Leader Index 3 

Leader Contour 229.0 

Contour Threshold 220 

Converging Before Rutherford Scattering [-12.36592088  -9.65032675 -16.83807762 -11.4727812  -20.58439496
 -14.67503781 -18.05329403 -12.57445364 -15.96031613 -20.46333708]_[-18.41380432 -16.74038131 -18.59459263 -20.92038543 -19.795854
 -21.75461745 -23.37160771 -23.54300642 -29.33435537 -27.89079831] 

Minimum Distance Within Rutherford Scattering 4.2 

Converging After Rutherford Scattering [-12.41667088  -8.53481786 -17.34021031 -10.03900583 -21.76317719
 -14.97183566 -18.80424164 -11.80813233 -15.74468525 -21.21516313]_[-17.29421654 -15.78258676 -17.49892529 -21.0769161  -19.39608431
 -21.82844844 -23.85779177 -24.92407212 -30.20426013 -28.4961015 ] 

drones next lat [48.33567944 48.33569335 48.33567721 48.3356456  48.33565979 48.33563845
 48.33561989 48.33561085 48.33556304 48.33557797] drones next lon [14.32647852 14.32653071 14.32641211 14.32651105 14.32635266 14.32644458
 14.32639311 14.32648763 14.32643514 14.32636113] 
WayPoint_Count 76 

Leader Index 4 

Leader Contour 432.5 

Contour Threshold 220 

Converging Before Rutherford Scattering [-13.92860448 -11.01540885 -19.99302955 -13.01686262 -22.22101539
 -17.8153901  -19.26833298 -12.79410359 -16.37904917 -21.55950607]_[-18.63134646 -15.47528152 -17.70754229 -20.85472459 -18.50704877
 -21.43175485 -22.9583178  -23.30618915 -29.39781813 -27.4742802 ] 

Minimum Distance Within Rutherford Scattering 4.2 

Converging After Rutherford Scattering [-13.94883548 -10.28857704 -19.94196577 -11.97951959 -23.6578732
 -17.56312697 -20.18078488 -12.03931062 -16.16715474 -22.22415449]_[-17.4946445  -14.64473086 -16.57122858 -20.84462877 -18.32989411
 -21.15929588 -23.78843167 -24.58373136 -30.16773003 -28.15998797] 

drones next lat [48.33567752 48.33570344 48.33568535 48.33564754 48.33566924 48.33564426
 48.33562041 48.33561389 48.33556333 48.33558092] drones next lon [14.32645787 14.32650692 14.3263769  14.32648484 14.32632697 14.32640954
 14.32637453 14.32648447 14.32642944 14.32634748] 
WayPoint_Count 77 

Leader Index 4 

Leader Contour 127.5 

Contour Threshold 220 

Previous Drone Positions [-13.94883548 -10.28857704 -19.94196577 -11.97951959 -23.6578732
 -17.56312697 -20.18078488 -12.03931062 -16.16715474 -22.22415449]_[-17.4946445  -14.64473086 -16.57122858 -20.84462877 -18.32989411
 -21.15929588 -23.78843167 -24.58373136 -30.16773003 -28.15998797] 

Mean Previous Drone Positions [-16.79913028 -16.79913028 -16.79913028 -16.79913028 -16.79913028
 -16.79913028 -16.79913028 -16.79913028 -16.79913028 -16.79913028]_[-21.57443037 -21.57443037 -21.57443037 -21.57443037 -21.57443037
 -21.57443037 -21.57443037 -21.57443037 -21.57443037 -21.57443037] 

relative Drone Positions [ 18.10895372  14.08474178  10.06052985   6.03631791   2.01210597
  -2.01210597  -6.03631791 -10.06052985 -14.08474178 -18.10895372]_[ 5.41071114  4.20833089  3.00595063  1.80357038  0.60119013 -0.60119013
 -1.80357038 -3.00595063 -4.20833089 -5.41071114] 

current starting Drone Positions [  1.30982344  -2.71438849  -6.73860043 -10.76281237 -14.78702431
 -18.81123625 -22.83544819 -26.85966012 -30.88387206 -34.908084  ]_[-16.16371923 -17.36609949 -18.56847974 -19.77085999 -20.97324025
 -22.1756205  -23.37800075 -24.58038101 -25.78276126 -26.98514151] 

scanning direction vector [-0.46082499 -0.46082499 -0.46082499 -0.46082499 -0.46082499 -0.46082499
 -0.46082499 -0.46082499 -0.46082499 -0.46082499]_[1.54232193 1.54232193 1.54232193 1.54232193 1.54232193 1.54232193
 1.54232193 1.54232193 1.54232193 1.54232193] 

changing back speed 0.3 

velocity vector [ 4.11677269  1.81143157  3.50018461 -0.09581283  2.20042967 -0.83525778
 -1.25722398 -4.90692984 -4.87584019 -4.26600385]_[1.94159951 0.72591134 0.94314659 1.86445257 0.74931809 1.23742455
 1.66545121 1.54332704 2.85781256 1.89477587] 

Moving Straight [ -9.8320628   -8.47714547 -16.44178116 -12.07533241 -21.45744352
 -18.39838475 -21.43800887 -16.94624046 -21.04299493 -26.49015833]_[-15.55304499 -13.91881951 -15.628082   -18.98017621 -17.58057602
 -19.92187133 -22.12298046 -23.04040432 -27.30991747 -26.2652121 ] 

drones next lat [48.33569531 48.33571012 48.33569411 48.3356643  48.33567615 48.33565533
 48.33563529 48.33562739 48.33558866 48.33559763] drones next lon [14.32651318 14.32653127 14.32642401 14.32648332 14.32635657 14.32639812
 14.32635737 14.32641808 14.32636331 14.32628969] 
WayPoint_Count 78 

Leader Index 4 

Leader Contour 86.0 

Contour Threshold 220 

Previous Drone Positions [ -9.8320628   -8.47714547 -16.44178116 -12.07533241 -21.45744352
 -18.39838475 -21.43800887 -16.94624046 -21.04299493 -26.49015833]_[-15.55304499 -13.91881951 -15.628082   -18.98017621 -17.58057602
 -19.92187133 -22.12298046 -23.04040432 -27.30991747 -26.2652121 ] 

Mean Previous Drone Positions [-17.25995527 -17.25995527 -17.25995527 -17.25995527 -17.25995527
 -17.25995527 -17.25995527 -17.25995527 -17.25995527 -17.25995527]_[-20.03210844 -20.03210844 -20.03210844 -20.03210844 -20.03210844
 -20.03210844 -20.03210844 -20.03210844 -20.03210844 -20.03210844] 

relative Drone Positions [ 18.10895372  14.08474178  10.06052985   6.03631791   2.01210597
  -2.01210597  -6.03631791 -10.06052985 -14.08474178 -18.10895372]_[ 5.41071114  4.20833089  3.00595063  1.80357038  0.60119013 -0.60119013
 -1.80357038 -3.00595063 -4.20833089 -5.41071114] 

current starting Drone Positions [  0.84899845  -3.17521349  -7.19942542 -11.22363736 -15.2478493
 -19.27206124 -23.29627318 -27.32048512 -31.34469706 -35.36890899]_[-14.6213973  -15.82377756 -17.02615781 -18.22853806 -19.43091832
 -20.63329857 -21.83567882 -23.03805908 -24.24043933 -25.44281958] 

scanning direction vector [-0.46082499 -0.46082499 -0.46082499 -0.46082499 -0.46082499 -0.46082499
 -0.46082499 -0.46082499 -0.46082499 -0.46082499]_[1.54232193 1.54232193 1.54232193 1.54232193 1.54232193 1.54232193
 1.54232193 1.54232193 1.54232193 1.54232193] 

changing back speed 0.3 

velocity vector [ 2.74349338  1.1297546   2.31188173 -0.20531648  1.40205327 -0.72292794
 -1.01830429 -3.57309839 -3.55133563 -3.12445019]_[1.82181624 0.97083452 1.12289919 1.76781338 0.98721924 1.32889376
 1.62851242 1.54302551 2.46316537 1.78903969] 

Moving Straight [ -7.08856941  -7.34739087 -14.12989943 -12.28064889 -20.05539025
 -19.12131269 -22.45631315 -20.51933885 -24.59433056 -29.61460852]_[-13.73122875 -12.94798499 -14.50518281 -17.21236283 -16.59335678
 -18.59297757 -20.49446804 -21.49737881 -24.84675209 -24.47617241] 

drones next lat [48.33571192 48.33571894 48.3357044  48.33568019 48.33568514 48.33566723
 48.33564986 48.33564099 48.33561054 48.33561347] drones next lon [14.32654998 14.3265464  14.32645507 14.32648034 14.32637537 14.32638821
 14.32634344 14.32636969 14.32631511 14.32624733] 
WayPoint_Count 79 

Leader Index 4 

Leader Contour 102.5 

Contour Threshold 220 

Previous Drone Positions [ -7.08856941  -7.34739087 -14.12989943 -12.28064889 -20.05539025
 -19.12131269 -22.45631315 -20.51933885 -24.59433056 -29.61460852]_[-13.73122875 -12.94798499 -14.50518281 -17.21236283 -16.59335678
 -18.59297757 -20.49446804 -21.49737881 -24.84675209 -24.47617241] 

Mean Previous Drone Positions [-17.72078026 -17.72078026 -17.72078026 -17.72078026 -17.72078026
 -17.72078026 -17.72078026 -17.72078026 -17.72078026 -17.72078026]_[-18.48978651 -18.48978651 -18.48978651 -18.48978651 -18.48978651
 -18.48978651 -18.48978651 -18.48978651 -18.48978651 -18.48978651] 

relative Drone Positions [ 18.10895372  14.08474178  10.06052985   6.03631791   2.01210597
  -2.01210597  -6.03631791 -10.06052985 -14.08474178 -18.10895372]_[ 5.41071114  4.20833089  3.00595063  1.80357038  0.60119013 -0.60119013
 -1.80357038 -3.00595063 -4.20833089 -5.41071114] 

current starting Drone Positions [  0.38817346  -3.63603848  -7.66025042 -11.68446236 -15.70867429
 -19.73288623 -23.75709817 -27.78131011 -31.80552205 -35.82973399]_[-13.07907537 -14.28145562 -15.48383588 -16.68621613 -17.88859638
 -19.09097664 -20.29335689 -21.49573714 -22.6981174  -23.90049765] 

scanning direction vector [-0.46082499 -0.46082499 -0.46082499 -0.46082499 -0.46082499 -0.46082499
 -0.46082499 -0.46082499 -0.46082499 -0.46082499]_[1.54232193 1.54232193 1.54232193 1.54232193 1.54232193 1.54232193
 1.54232193 1.54232193 1.54232193 1.54232193] 

changing back speed 0.3 

velocity vector [ 1.78219787  0.65258072  1.48006971 -0.28196903  0.84318979 -0.64429706
 -0.8510605  -2.63941637 -2.62418244 -2.32536263]_[1.73796795 1.14228074 1.24872601 1.70016594 1.15375005 1.39292221
 1.60265528 1.54281443 2.18691234 1.71502436] 

Moving Straight [ -5.30637154  -6.69481014 -12.64982972 -12.56261792 -19.21220046
 -19.76560974 -23.30737365 -23.15875522 -27.218513   -31.93997116]_[-11.9932608  -11.80570425 -13.2564568  -15.51219689 -15.43960673
 -17.20005536 -18.89181276 -19.95456438 -22.65983975 -22.76114805] 

drones next lat [48.33572769 48.33572927 48.33571575 48.33569546 48.33569559 48.33567971
 48.33566421 48.33565466 48.33563    48.33562872] drones next lon [14.32657382 14.32655507 14.32647489 14.32647634 14.32638661 14.32637935
 14.32633176 14.3263339  14.32627944 14.32621575] 
WayPoint_Count 80 

Leader Index 5 

Leader Contour 129.0 

Contour Threshold 220 

Previous Drone Positions [ -5.30637154  -6.69481014 -12.64982972 -12.56261792 -19.21220046
 -19.76560974 -23.30737365 -23.15875522 -27.218513   -31.93997116]_[-11.9932608  -11.80570425 -13.2564568  -15.51219689 -15.43960673
 -17.20005536 -18.89181276 -19.95456438 -22.65983975 -22.76114805] 

Mean Previous Drone Positions [-18.18160526 -18.18160526 -18.18160526 -18.18160526 -18.18160526
 -18.18160526 -18.18160526 -18.18160526 -18.18160526 -18.18160526]_[-16.94746458 -16.94746458 -16.94746458 -16.94746458 -16.94746458
 -16.94746458 -16.94746458 -16.94746458 -16.94746458 -16.94746458] 

relative Drone Positions [ 18.10895372  14.08474178  10.06052985   6.03631791   2.01210597
  -2.01210597  -6.03631791 -10.06052985 -14.08474178 -18.10895372]_[ 5.41071114  4.20833089  3.00595063  1.80357038  0.60119013 -0.60119013
 -1.80357038 -3.00595063 -4.20833089 -5.41071114] 

current starting Drone Positions [ -0.07265153  -4.09686347  -8.12107541 -12.14528735 -16.16949929
 -20.19371122 -24.21792316 -28.2421351  -32.26634704 -36.29055898]_[-11.53675344 -12.73913369 -13.94151394 -15.1438942  -16.34627445
 -17.5486547  -18.75103496 -19.95341521 -21.15579546 -22.35817572] 

scanning direction vector [-0.46082499 -0.46082499 -0.46082499 -0.46082499 -0.46082499 -0.46082499
 -0.46082499 -0.46082499 -0.46082499 -0.46082499]_[1.54232193 1.54232193 1.54232193 1.54232193 1.54232193 1.54232193
 1.54232193 1.54232193 1.54232193 1.54232193] 

changing back speed 0.3 

velocity vector [ 1.10929101  0.31855901  0.8978013  -0.33562582  0.45198536 -0.58925544
 -0.73398985 -1.98583896 -1.9751752  -1.76600134]_[1.67927414 1.2622931  1.33680479 1.65281274 1.27032161 1.43774213
 1.58455527 1.54266668 1.99353522 1.66321363] 

Moving Straight [ -4.19708053  -6.37625113 -11.75202842 -12.89824374 -18.7602151
 -20.35486518 -24.0413635  -25.14459418 -29.1936882  -33.7059725 ]_[-10.31398666 -10.54341115 -11.91965201 -13.85938415 -14.16928511
 -15.76231323 -17.30725749 -18.4118977  -20.66630453 -21.09793442] 

drones next lat [48.33574289 48.33574065 48.33572784 48.3357103  48.33570705 48.3356926
 48.33567841 48.33566838 48.33564778 48.33564354] drones next lon [14.32658859 14.32655922 14.32648685 14.32647161 14.32639256 14.32637123
 14.32632167 14.32630692 14.32625255 14.32619172] 
WayPoint_Count 81 

Leader Index 3 

Leader Contour 109.5 

Contour Threshold 220 

Previous Drone Positions [ -4.19708053  -6.37625113 -11.75202842 -12.89824374 -18.7602151
 -20.35486518 -24.0413635  -25.14459418 -29.1936882  -33.7059725 ]_[-10.31398666 -10.54341115 -11.91965201 -13.85938415 -14.16928511
 -15.76231323 -17.30725749 -18.4118977  -20.66630453 -21.09793442] 

Mean Previous Drone Positions [-18.64243025 -18.64243025 -18.64243025 -18.64243025 -18.64243025
 -18.64243025 -18.64243025 -18.64243025 -18.64243025 -18.64243025]_[-15.40514265 -15.40514265 -15.40514265 -15.40514265 -15.40514265
 -15.40514265 -15.40514265 -15.40514265 -15.40514265 -15.40514265] 

relative Drone Positions [ 18.10895372  14.08474178  10.06052985   6.03631791   2.01210597
  -2.01210597  -6.03631791 -10.06052985 -14.08474178 -18.10895372]_[ 5.41071114  4.20833089  3.00595063  1.80357038  0.60119013 -0.60119013
 -1.80357038 -3.00595063 -4.20833089 -5.41071114] 

current starting Drone Positions [ -0.53347652  -4.55768846  -8.5819004  -12.60611234 -16.63032428
 -20.65453622 -24.67874816 -28.70296009 -32.72717203 -36.75138397]_[ -9.9944315  -11.19681176 -12.39919201 -13.60157226 -14.80395252
 -16.00633277 -17.20871303 -18.41109328 -19.61347353 -20.81585379] 

scanning direction vector [-0.46082499 -0.46082499 -0.46082499 -0.46082499 -0.46082499 -0.46082499
 -0.46082499 -0.46082499 -0.46082499 -0.46082499]_[1.54232193 1.54232193 1.54232193 1.54232193 1.54232193 1.54232193
 1.54232193 1.54232193 1.54232193 1.54232193] 

changing back speed 0.3 

velocity vector [ 0.63825621  0.08474381  0.49021341 -0.37318557  0.17814225 -0.5507263
 -0.65204039 -1.52833477 -1.52087014 -1.37444844]_[1.63818848 1.34630175 1.39845993 1.6196655  1.35192171 1.46911607
 1.57188527 1.54256326 1.85817123 1.62694612] 

Moving Straight [ -3.55882432  -6.29150732 -11.26181501 -13.27142931 -18.58207284
 -20.90559148 -24.69340389 -26.67292895 -30.71455834 -35.08042093]_[ -8.67579818  -9.1971094  -10.52119208 -12.23971865 -12.8173634
 -14.29319716 -15.73537222 -16.86933444 -18.8081333  -19.4709883 ] 

drones next lat [48.33575767 48.33575277 48.33574046 48.33572484 48.33571923 48.33570577
 48.3356925  48.33568214 48.33566438 48.33565807] drones next lon [14.32659701 14.3265602  14.3264933  14.32646639 14.3263948  14.32636363
 14.32631269 14.32628611 14.32623181 14.32617299] 
WayPoint_Count 82 

Leader Index 3 

Leader Contour 231.0 

Contour Threshold 220 

Converging Before Rutherford Scattering [ -4.57830059  -8.49018072 -13.57155871 -13.00077908 -16.97285752
 -18.23663809 -23.0960903  -25.46654848 -28.25428314 -32.25402028]_[ -9.87821875 -10.92719185 -12.43447601 -11.2770409  -13.52646984
 -14.44892666 -16.09912624 -15.48681074 -18.91176366 -18.46904548] 

Minimum Distance Within Rutherford Scattering 4.2 

Converging After Rutherford Scattering [ -3.75541887  -8.01196975 -13.11074988 -12.59058963 -16.85382918
 -18.97133194 -22.81463136 -26.33147648 -28.41495264 -33.06630719]_[ -9.66188216 -10.92364191 -13.61620559  -9.68109729 -12.74625182
 -15.3497471  -16.57340293 -14.85220013 -19.52993794 -18.52470326] 

drones next lat [48.33574879 48.3357371  48.33571247 48.33574792 48.33572    48.33569642
 48.3356851  48.33570031 48.33565807 48.33566674] drones next lon [14.32659447 14.32653719 14.32646872 14.32647527 14.32641811 14.32638985
 14.32633814 14.32629048 14.32626293 14.32620005] 
WayPoint_Count 83 

Leader Index 4 

Leader Contour 185.0 

Contour Threshold 220 

Previous Drone Positions [ -3.75541887  -8.01196975 -13.11074988 -12.59058963 -16.85382918
 -18.97133194 -22.81463136 -26.33147648 -28.41495264 -33.06630719]_[ -9.66188216 -10.92364191 -13.61620559  -9.68109729 -12.74625182
 -15.3497471  -16.57340293 -14.85220013 -19.52993794 -18.52470326] 

Mean Previous Drone Positions [-18.39212569 -18.39212569 -18.39212569 -18.39212569 -18.39212569
 -18.39212569 -18.39212569 -18.39212569 -18.39212569 -18.39212569]_[-14.14590701 -14.14590701 -14.14590701 -14.14590701 -14.14590701
 -14.14590701 -14.14590701 -14.14590701 -14.14590701 -14.14590701] 

relative Drone Positions [ 18.78841315  14.61321023  10.4380073    6.26280438   2.08760146
  -2.08760146  -6.26280438 -10.4380073  -14.61321023 -18.78841315]_[-2.05073922 -1.5950194  -1.13929957 -0.68357974 -0.22785991  0.22785991
  0.68357974  1.13929957  1.5950194   2.05073922] 

current starting Drone Positions [  0.39628746  -3.77891546  -7.95411839 -12.12932131 -16.30452423
 -20.47972715 -24.65493007 -28.830133   -33.00533592 -37.18053884]_[-16.19664624 -15.74092641 -15.28520658 -14.82948675 -14.37376693
 -13.9180471  -13.46232727 -13.00660744 -12.55088762 -12.09516779] 

scanning direction vector [0.17465946 0.17465946 0.17465946 0.17465946 0.17465946 0.17465946
 0.17465946 0.17465946 0.17465946 0.17465946]_[1.60019083 1.60019083 1.60019083 1.60019083 1.60019083 1.60019083
 1.60019083 1.60019083 1.60019083 1.60019083] 

changing back speed 0.3 

velocity vector [ 1.42017136  1.44457575  1.72164891  0.31303996  0.33945094 -0.2778591
 -0.37743015 -0.57493749 -1.20245552 -1.05961004]_[-0.36023839  0.15500548  1.09949053  0.05567399  1.1119363   2.02970083
  2.53351353  2.15386863  3.69390593  3.52905147] 

Moving Straight [ -2.33524751  -6.567394   -11.38910097 -12.27754967 -16.51437823
 -19.24919104 -23.19206151 -26.90641397 -29.61740816 -34.12591722]_[-10.02212055 -10.76863643 -12.51671506  -9.6254233  -11.63431552
 -13.32004627 -14.0398894  -12.6983315  -15.83603202 -14.99565179] 

drones next lat [48.33574566 48.33573861 48.3357225  48.33574844 48.33573003 48.33571465
 48.33570787 48.33571964 48.3356912  48.3356984 ] drones next lon [14.32661368 14.32655667 14.32649182 14.32647949 14.32642256 14.32638586
 14.32633274 14.32628247 14.32624626 14.32618533] 
WayPoint_Count 84 

Leader Index 4 

Leader Contour 256.5 

Contour Threshold 220 

Converging Before Rutherford Scattering [ -4.51125466  -7.89898353 -12.93243202 -14.93459853 -15.72388441
 -17.16603036 -21.07152675 -25.57439054 -26.81286099 -31.28837201]_[ -9.26605523 -10.19154723 -13.08130968  -9.95533772 -12.24678554
 -11.34586733 -12.39100629 -13.24801026 -15.66107635 -14.13299212] 

Minimum Distance Within Rutherford Scattering 4.2 

Converging After Rutherford Scattering [ -3.60991032  -7.72918354 -11.82375251 -14.35744928 -15.5798064
 -18.15339797 -21.52947016 -25.88358924 -27.18580446 -32.06196993]_[ -9.02756294 -10.1319972  -13.88555343  -8.53206399 -13.46622596
 -10.57575324 -12.5158662  -12.63702953 -16.66819641 -14.07973885] 

drones next lat [48.3357545  48.33574424 48.33571015 48.33575811 48.33571363 48.33573943
 48.33572171 48.33572027 48.33568391 48.33570681] drones next lon [14.32659636 14.32654091 14.32648611 14.32645129 14.32643539 14.32640032
 14.326355   14.32629626 14.32627917 14.32621307] 
WayPoint_Count 85 

Leader Index 6 

Leader Contour 128.5 

Contour Threshold 220 

Previous Drone Positions [ -3.60991032  -7.72918354 -11.82375251 -14.35744928 -15.5798064
 -18.15339797 -21.52947016 -25.88358924 -27.18580446 -32.06196993]_[ -9.02756294 -10.1319972  -13.88555343  -8.53206399 -13.46622596
 -10.57575324 -12.5158662  -12.63702953 -16.66819641 -14.07973885] 

Mean Previous Drone Positions [-17.79143338 -17.79143338 -17.79143338 -17.79143338 -17.79143338
 -17.79143338 -17.79143338 -17.79143338 -17.79143338 -17.79143338]_[-12.15199877 -12.15199877 -12.15199877 -12.15199877 -12.15199877
 -12.15199877 -12.15199877 -12.15199877 -12.15199877 -12.15199877] 

relative Drone Positions [ 18.62313484  14.48466043  10.34618602   6.20771161   2.0692372
  -2.0692372   -6.20771161 -10.34618602 -14.48466043 -18.62313484]_[-3.22317372 -2.50691289 -1.79065207 -1.07439124 -0.35813041  0.35813041
  1.07439124  1.79065207  2.50691289  3.22317372] 

current starting Drone Positions [  0.83170146  -3.30677295  -7.44524736 -11.58372177 -15.72219618
 -19.86067058 -23.99914499 -28.1376194  -32.27609381 -36.41456822]_[-15.3751725  -14.65891167 -13.94265084 -13.22639001 -12.51012919
 -11.79386836 -11.07760753 -10.36134671  -9.64508588  -8.92882505] 

scanning direction vector [0.27451456 0.27451456 0.27451456 0.27451456 0.27451456 0.27451456
 0.27451456 0.27451456 0.27451456 0.27451456]_[1.58611424 1.58611424 1.58611424 1.58611424 1.58611424 1.58611424
 1.58611424 1.58611424 1.58611424 1.58611424] 

changing back speed 0.3 

velocity vector [ 1.6069981   1.60123774  1.58806611  1.10663282  0.23179763 -0.23766722
 -0.46638789 -0.40169449 -1.25257224 -1.03126492]_[-0.31816863  0.2280399   1.56898501  0.17781643  1.87294327  1.2206797
  2.01759183  2.26881908  3.6930474   3.13138838] 

Moving Straight [ -2.00291222  -6.1279458  -10.2356864  -13.25081646 -15.34800877
 -18.39106519 -21.99585805 -26.28528372 -28.4383767  -33.09323485]_[ -9.34573157  -9.9039573  -12.31656841  -8.35424756 -11.59328269
  -9.35507354 -10.49827436 -10.36821045 -12.97514902 -10.94835048] 

drones next lat [48.33575177 48.33574642 48.33572439 48.3357598  48.3357305  48.33575039
 48.33573982 48.33574065 48.33571703 48.3357349 ] drones next lon [14.32661808 14.32656249 14.32650735 14.3264662  14.32643829 14.32639697
 14.32634846 14.32629057 14.32626183 14.32619879] 
WayPoint_Count 86 

Leader Index 6 

Leader Contour 173.5 

Contour Threshold 220 

Previous Drone Positions [ -2.00291222  -6.1279458  -10.2356864  -13.25081646 -15.34800877
 -18.39106519 -21.99585805 -26.28528372 -28.4383767  -33.09323485]_[ -9.34573157  -9.9039573  -12.31656841  -8.35424756 -11.59328269
  -9.35507354 -10.49827436 -10.36821045 -12.97514902 -10.94835048] 

Mean Previous Drone Positions [-17.51691882 -17.51691882 -17.51691882 -17.51691882 -17.51691882
 -17.51691882 -17.51691882 -17.51691882 -17.51691882 -17.51691882]_[-10.56588454 -10.56588454 -10.56588454 -10.56588454 -10.56588454
 -10.56588454 -10.56588454 -10.56588454 -10.56588454 -10.56588454] 

relative Drone Positions [ 18.62313484  14.48466043  10.34618602   6.20771161   2.0692372
  -2.0692372   -6.20771161 -10.34618602 -14.48466043 -18.62313484]_[-3.22317372 -2.50691289 -1.79065207 -1.07439124 -0.35813041  0.35813041
  1.07439124  1.79065207  2.50691289  3.22317372] 

current starting Drone Positions [  1.10621602  -3.03225839  -7.1707328  -11.3092072  -15.44768161
 -19.58615602 -23.72463043 -27.86310484 -32.00157925 -36.14005365]_[-13.78905826 -13.07279743 -12.35653661 -11.64027578 -10.92401495
 -10.20775412  -9.4914933   -8.77523247  -8.05897164  -7.34271082] 

scanning direction vector [0.27451456 0.27451456 0.27451456 0.27451456 0.27451456 0.27451456
 0.27451456 0.27451456 0.27451456 0.27451456]_[1.58611424 1.58611424 1.58611424 1.58611424 1.58611424 1.58611424
 1.58611424 1.58611424 1.58611424 1.58611424] 

changing back speed 0.3 

velocity vector [ 1.20725304  1.20322079  1.19400064  0.85699734  0.24461271 -0.08401269
 -0.24411715 -0.19883177 -0.7944462  -0.63953108]_[0.25311623 0.6354622  1.57412378 0.60030577 1.78689456 1.33031006
 1.88814856 2.06400763 3.06096745 2.66780613] 

Moving Straight [ -0.79565919  -4.92472501  -9.04168576 -12.39381912 -15.10339606
 -18.47507787 -22.2399752  -26.48411549 -29.2328229  -33.73276593]_[ -9.09261534  -9.26849511 -10.74244463  -7.75394179  -9.80638813
  -8.02476348  -8.61012581  -8.30420282  -9.91418157  -8.28054434] 

drones next lat [48.33575414 48.33575223 48.33573865 48.33576527 48.33574659 48.33576235
 48.33575679 48.3357592  48.3357445  48.33575884] drones next lon [14.32663434 14.32657865 14.32652328 14.3264777  14.32644138 14.32639568
 14.32634495 14.32628765 14.32625075 14.32618984] 
WayPoint_Count 87 

Leader Index 5 

Leader Contour 192.5 

Contour Threshold 220 

Previous Drone Positions [ -0.79565919  -4.92472501  -9.04168576 -12.39381912 -15.10339606
 -18.47507787 -22.2399752  -26.48411549 -29.2328229  -33.73276593]_[ -9.09261534  -9.26849511 -10.74244463  -7.75394179  -9.80638813
  -8.02476348  -8.61012581  -8.30420282  -9.91418157  -8.28054434] 

Mean Previous Drone Positions [-17.24240425 -17.24240425 -17.24240425 -17.24240425 -17.24240425
 -17.24240425 -17.24240425 -17.24240425 -17.24240425 -17.24240425]_[-8.9797703 -8.9797703 -8.9797703 -8.9797703 -8.9797703 -8.9797703
 -8.9797703 -8.9797703 -8.9797703 -8.9797703] 

relative Drone Positions [ 18.62313484  14.48466043  10.34618602   6.20771161   2.0692372
  -2.0692372   -6.20771161 -10.34618602 -14.48466043 -18.62313484]_[-3.22317372 -2.50691289 -1.79065207 -1.07439124 -0.35813041  0.35813041
  1.07439124  1.79065207  2.50691289  3.22317372] 

current starting Drone Positions [  1.38073058  -2.75774382  -6.89621823 -11.03469264 -15.17316705
 -19.31164146 -23.45011587 -27.58859027 -31.72706468 -35.86553909]_[-12.20294402 -11.4866832  -10.77042237 -10.05416154  -9.33790072
  -8.62163989  -7.90537906  -7.18911823  -6.47285741  -5.75659658] 

scanning direction vector [0.27451456 0.27451456 0.27451456 0.27451456 0.27451456 0.27451456
 0.27451456 0.27451456 0.27451456 0.27451456]_[1.58611424 1.58611424 1.58611424 1.58611424 1.58611424 1.58611424
 1.58611424 1.58611424 1.58611424 1.58611424] 

changing back speed 0.3 

velocity vector [ 0.92743149  0.92460892  0.91815482  0.68225251  0.25358327  0.02354549
 -0.08852764 -0.05682787 -0.47375797 -0.36531739]_[0.65301563 0.92065781 1.57772092 0.89604831 1.72666046 1.40705131
 1.79753826 1.92063961 2.61851148 2.34329857] 

Moving Straight [  0.13177231  -4.00011609  -8.12353094 -11.71156662 -14.84981279
 -18.45153239 -22.32850284 -26.54094336 -29.70658087 -34.09808331]_[-8.43959971 -8.3478373  -9.16472372 -6.85789348 -8.07972767 -6.61771217
 -6.81258755 -6.38356321 -7.29567008 -5.93724578] 

drones next lat [48.33576009 48.33576059 48.33575291 48.33577338 48.33576214 48.33577501
 48.33577295 48.33577648 48.33576802 48.3357799 ] drones next lon [14.32664678 14.32659102 14.32653548 14.32648679 14.3264446  14.32639583
 14.32634354 14.32628665 14.32624405 14.32618464] 
WayPoint_Count 88 

Leader Index 5 

Leader Contour 229.0 

Contour Threshold 220 

Converging Before Rutherford Scattering [ -1.57988574  -6.17675812  -9.54897499 -12.86850716 -17.61373285
 -18.75790198 -21.07155826 -23.59689649 -28.60273436 -32.65382332]_[-9.20480686 -7.12847026 -9.54220661 -7.32647184 -7.74039972 -7.56962481
 -6.0401653  -6.76883403 -6.72443806 -5.19152778] 

Minimum Distance Within Rutherford Scattering 4.2 

Converging After Rutherford Scattering [ -0.97493346  -5.72913287  -9.2735576  -12.5362588  -16.31232364
 -19.57796394 -21.22374119 -24.49254977 -28.9996719  -33.35064012]_[ -9.36588231  -6.69573435 -10.220136    -6.91143875  -8.12988169
  -8.25695569  -4.74178626  -7.04931396  -6.87945417  -4.98636206] 

drones next lat [48.33575167 48.33577531 48.33574333 48.33577284 48.33576158 48.33576018
 48.33579167 48.33577065 48.33577182 48.33578851] drones next lon [14.32663196 14.32656749 14.32652009 14.32647567 14.32642487 14.32638082
 14.3263582  14.32631437 14.32625354 14.32619461] 
WayPoint_Count 89 

Leader Index 4 

Leader Contour 389.0 

Contour Threshold 220 

Converging Before Rutherford Scattering [ -2.03354062  -8.56894873 -10.56337305 -13.89670345 -16.55914484
 -16.916781   -19.29760138 -22.16817561 -26.47420902 -30.52230636]_[ -9.56006058  -7.47806952 -10.4294553   -6.68582306  -7.16082066
  -8.92807874  -6.83750079  -6.37138285  -6.23083302  -4.84152173] 

Minimum Distance Within Rutherford Scattering 4.2 

Converging After Rutherford Scattering [ -1.53371341  -7.79081185 -10.26866412 -12.86749698 -16.35745267
 -17.05038715 -19.77461341 -23.0425064  -27.03116789 -31.28397018]_[ -9.64430627  -7.04052971 -11.30663283  -6.02598635  -6.24581079
 -10.62665779  -6.56112341  -6.11065997  -6.340829    -4.62101014] 

drones next lat [48.33574912 48.33577205 48.33573348 48.33578078 48.33577852 48.33573906
 48.33577542 48.33577921 48.33577682 48.33579196] drones next lon [14.32662445 14.32653972 14.32650679 14.3264711  14.32642404 14.32641521
 14.32637797 14.32633382 14.32628003 14.32622245] 
WayPoint_Count 90 

Leader Index 4 

Leader Contour 117.0 

Contour Threshold 220 

Previous Drone Positions [ -1.53371341  -7.79081185 -10.26866412 -12.86749698 -16.35745267
 -17.05038715 -19.77461341 -23.0425064  -27.03116789 -31.28397018]_[ -9.64430627  -7.04052971 -11.30663283  -6.02598635  -6.24581079
 -10.62665779  -6.56112341  -6.11065997  -6.340829    -4.62101014] 

Mean Previous Drone Positions [-16.70007841 -16.70007841 -16.70007841 -16.70007841 -16.70007841
 -16.70007841 -16.70007841 -16.70007841 -16.70007841 -16.70007841]_[-7.45235463 -7.45235463 -7.45235463 -7.45235463 -7.45235463 -7.45235463
 -7.45235463 -7.45235463 -7.45235463 -7.45235463] 

relative Drone Positions [ 17.35773836  13.50046317   9.64318798   5.78591279   1.9286376
  -1.9286376   -5.78591279  -9.64318798 -13.50046317 -17.35773836]_[-7.47789537 -5.81614084 -4.15438631 -2.49263179 -0.83087726  0.83087726
  2.49263179  4.15438631  5.81614084  7.47789537] 

current starting Drone Positions [  0.65765995  -3.19961524  -7.05689043 -10.91416562 -14.77144081
 -18.628716   -22.48599119 -26.34326638 -30.20054157 -34.05781676]_[-14.93024999 -13.26849547 -11.60674094  -9.94498641  -8.28323189
  -6.62147736  -4.95972284  -3.29796831  -1.63621378   0.02554074] 

scanning direction vector [0.44881719 0.44881719 0.44881719 0.44881719 0.44881719 0.44881719
 0.44881719 0.44881719 0.44881719 0.44881719]_[1.04179732 1.04179732 1.04179732 1.04179732 1.04179732 1.04179732
 1.04179732 1.04179732 1.04179732 1.04179732] 

changing back speed 0.3 

velocity vector [ 1.1062292   1.82617618  1.4123493   1.0348166   0.92462075 -0.02468146
 -0.36459614 -0.5414108  -0.50199491 -0.38333679]_[-0.54398579 -0.8265924   0.95176489 -0.1339027   0.43057099  2.24335145
  1.52221749  1.88560482  2.45318189  2.43576259] 

Moving Straight [ -0.42748421  -5.96463568  -8.85631482 -11.83268038 -15.43283192
 -17.07506861 -20.13920955 -23.58391721 -27.5331628  -31.66730696]_[-10.18829206  -7.86712211 -10.35486794  -6.15988904  -5.81523979
  -8.38330634  -5.03890591  -4.22505515  -3.88764711  -2.18524755] 

drones next lat [48.33574431 48.33576476 48.33574215 48.33577965 48.33578247 48.33575924
 48.33578908 48.33579613 48.33579885 48.33581384] drones next lon [14.32663944 14.32656445 14.32652573 14.32648508 14.32643646 14.32641461
 14.32637287 14.32632629 14.32627297 14.32621699] 
WayPoint_Count 91 

Leader Index 4 

Leader Contour 112.5 

Contour Threshold 220 

Previous Drone Positions [ -0.42748421  -5.96463568  -8.85631482 -11.83268038 -15.43283192
 -17.07506861 -20.13920955 -23.58391721 -27.5331628  -31.66730696]_[-10.18829206  -7.86712211 -10.35486794  -6.15988904  -5.81523979
  -8.38330634  -5.03890591  -4.22505515  -3.88764711  -2.18524755] 

Mean Previous Drone Positions [-16.25126122 -16.25126122 -16.25126122 -16.25126122 -16.25126122
 -16.25126122 -16.25126122 -16.25126122 -16.25126122 -16.25126122]_[-6.4105573 -6.4105573 -6.4105573 -6.4105573 -6.4105573 -6.4105573
 -6.4105573 -6.4105573 -6.4105573 -6.4105573] 

relative Drone Positions [ 17.35773836  13.50046317   9.64318798   5.78591279   1.9286376
  -1.9286376   -5.78591279  -9.64318798 -13.50046317 -17.35773836]_[-7.47789537 -5.81614084 -4.15438631 -2.49263179 -0.83087726  0.83087726
  2.49263179  4.15438631  5.81614084  7.47789537] 

current starting Drone Positions [  1.10647714  -2.75079805  -6.60807324 -10.46534843 -14.32262362
 -18.17989881 -22.037174   -25.89444919 -29.75172438 -33.60899957]_[-13.88845267 -12.22669814 -10.56494362  -8.90318909  -7.24143457
  -5.57968004  -3.91792551  -2.25617099  -0.59441646   1.06733806] 

scanning direction vector [0.44881719 0.44881719 0.44881719 0.44881719 0.44881719 0.44881719
 0.44881719 0.44881719 0.44881719 0.44881719]_[1.04179732 1.04179732 1.04179732 1.04179732 1.04179732 1.04179732
 1.04179732 1.04179732 1.04179732 1.04179732] 

changing back speed 0.3 

velocity vector [ 0.9090056   1.41296848  1.12328967  0.85901678  0.78187968  0.11736813
 -0.12057214 -0.2443424  -0.21675128 -0.13369059]_[-0.06825086 -0.26607549  0.97877462  0.21880731  0.61393889  1.88288521
  1.37809144  1.63246257  2.02976652  2.01757301] 

Moving Straight [  0.48152139  -4.5516672   -7.73302516 -10.97366361 -14.65095224
 -16.95770048 -20.2597817  -23.82825961 -27.74991409 -31.80099755]_[-10.25654292  -8.1331976   -9.37609332  -5.94108174  -5.2013009
  -6.50042113  -3.66081447  -2.59259258  -1.85788059  -0.16767454] 

drones next lat [48.33574377 48.33576248 48.33575104 48.33578169 48.33578805 48.33577618
 48.33580147 48.3358108  48.3358171  48.33583198] drones next lon [14.32665171 14.32658355 14.32654077 14.32649664 14.32644694 14.32641597
 14.32637108 14.3263228  14.3262698  14.32621494] 
WayPoint_Count 92 

Leader Index 4 

Leader Contour 188.5 

Contour Threshold 220 

Previous Drone Positions [  0.48152139  -4.5516672   -7.73302516 -10.97366361 -14.65095224
 -16.95770048 -20.2597817  -23.82825961 -27.74991409 -31.80099755]_[-10.25654292  -8.1331976   -9.37609332  -5.94108174  -5.2013009
  -6.50042113  -3.66081447  -2.59259258  -1.85788059  -0.16767454] 

Mean Previous Drone Positions [-15.80244402 -15.80244402 -15.80244402 -15.80244402 -15.80244402
 -15.80244402 -15.80244402 -15.80244402 -15.80244402 -15.80244402]_[-5.36875998 -5.36875998 -5.36875998 -5.36875998 -5.36875998 -5.36875998
 -5.36875998 -5.36875998 -5.36875998 -5.36875998] 

relative Drone Positions [ 17.35773836  13.50046317   9.64318798   5.78591279   1.9286376
  -1.9286376   -5.78591279  -9.64318798 -13.50046317 -17.35773836]_[-7.47789537 -5.81614084 -4.15438631 -2.49263179 -0.83087726  0.83087726
  2.49263179  4.15438631  5.81614084  7.47789537] 

current starting Drone Positions [  1.55529433  -2.30198086  -6.15925605 -10.01653124 -13.87380643
 -17.73108162 -21.58835681 -25.445632   -29.30290719 -33.16018238]_[-12.84665535 -11.18490082  -9.52314629  -7.86139177  -6.19963724
  -4.53788272  -2.87612819  -1.21437366   0.44738086   2.10913539] 

scanning direction vector [0.44881719 0.44881719 0.44881719 0.44881719 0.44881719 0.44881719
 0.44881719 0.44881719 0.44881719 0.44881719]_[1.04179732 1.04179732 1.04179732 1.04179732 1.04179732 1.04179732
 1.04179732 1.04179732 1.04179732 1.04179732] 

changing back speed 0.3 

velocity vector [ 0.77094908  1.12372309  0.92094792  0.7359569   0.68196093  0.21680285
  0.05024466 -0.03639453 -0.01708074  0.04106174]_[0.2647636  0.12628636 0.99768143 0.46570431 0.74229642 1.63055885
 1.27720321 1.455263   1.73337576 1.7248403 ] 

Moving Straight [  1.25247046  -3.4279441   -6.81207723 -10.2377067  -13.9689913
 -16.74089763 -20.20953704 -23.86465414 -27.76699483 -31.75993581]_[-9.99177933 -8.00691124 -8.37841189 -5.47537742 -4.45900448 -4.86986228
 -2.38361126 -1.13732958 -0.12450483  1.55716576] 

drones next lat [48.33574621 48.3357637  48.33576009 48.33578594 48.33579479 48.33579087
 48.33581296 48.33582389 48.33583269 48.3358475 ] drones next lon [14.32666208 14.3265987  14.32655308 14.32650652 14.32645605 14.3264187
 14.32637161 14.32632214 14.32626937 14.32621529] 
WayPoint_Count 93 

Leader Index 4 

Leader Contour 258.0 

Contour Threshold 220 

Converging Before Rutherford Scattering [ -1.23340073  -6.08375733  -7.89014045 -11.23620345 -13.35792392
 -13.85634246 -19.1445392  -22.39816845 -26.39525958 -29.85803477]_[-8.51322676 -6.71934861 -8.15455202 -5.31426604 -3.6674259  -4.15370701
 -2.4611898  -2.67681484  0.12010283  1.91646089] 

Minimum Distance Within Rutherford Scattering 4.2 

Converging After Rutherford Scattering [ -0.54010465  -5.16352621  -8.03372568 -10.71741562 -12.67095476
 -15.15525499 -19.04356165 -23.00988723 -26.560802   -30.55853755]_[-8.72697689 -6.17731862 -9.30222834 -5.6654066  -1.85447195 -5.24149977
 -2.16942771 -2.99360239  0.23794936  2.26901563] 

drones next lat [48.33575745 48.33578002 48.33575168 48.33578419 48.33581832 48.33578765
 48.33581498 48.33580725 48.33583604 48.335854  ] drones next lon [14.32663775 14.32657506 14.32653671 14.32650007 14.32647326 14.32644014
 14.32638731 14.32633389 14.3262856  14.32623142] 
WayPoint_Count 94 

Leader Index 5 

Leader Contour 108.5 

Contour Threshold 220 

Previous Drone Positions [ -0.54010465  -5.16352621  -8.03372568 -10.71741562 -12.67095476
 -15.15525499 -19.04356165 -23.00988723 -26.560802   -30.55853755]_[-8.72697689 -6.17731862 -9.30222834 -5.6654066  -1.85447195 -5.24149977
 -2.16942771 -2.99360239  0.23794936  2.26901563] 

Mean Previous Drone Positions [-15.14537703 -15.14537703 -15.14537703 -15.14537703 -15.14537703
 -15.14537703 -15.14537703 -15.14537703 -15.14537703 -15.14537703]_[-3.96239673 -3.96239673 -3.96239673 -3.96239673 -3.96239673 -3.96239673
 -3.96239673 -3.96239673 -3.96239673 -3.96239673] 

relative Drone Positions [ 16.19424346  12.59552269   8.99680192   5.39808115   1.79936038
  -1.79936038  -5.39808115  -8.99680192 -12.59552269 -16.19424346]_[-9.7445615  -7.57910339 -5.41364528 -3.24818717 -1.08272906  1.08272906
  3.24818717  5.41364528  7.57910339  9.7445615 ] 

current starting Drone Positions [  1.04886642  -2.54985435  -6.14857511  -9.74729588 -13.34601665
 -16.94473742 -20.54345819 -24.14217895 -27.74089972 -31.33962049]_[-13.70695823 -11.54150012  -9.37604201  -7.21058389  -5.04512578
  -2.87966767  -0.71420956   1.45124855   3.61670666   5.78216477] 

scanning direction vector [0.58486065 0.58486065 0.58486065 0.58486065 0.58486065 0.58486065
 0.58486065 0.58486065 0.58486065 0.58486065]_[0.97196531 0.97196531 0.97196531 0.97196531 0.97196531 0.97196531
 0.97196531 0.97196531 0.97196531 0.97196531] 

changing back speed 0.3 

velocity vector [1.06155197 1.36896221 1.15040582 0.87589657 0.38234208 0.04801592
 0.13489169 0.24517313 0.23083133 0.35053576]_[-0.5220291  -0.63728914  0.94982121  0.50841212  0.01476916  1.68051494
  1.40853075  2.30542059  1.9855925   2.02591005] 

Moving Straight [  0.52144732  -3.794564    -6.88331986  -9.84151905 -12.28861268
 -15.10723907 -18.90866997 -22.7647141  -26.32997067 -30.20800178]_[-9.24900598 -6.81460776 -8.35240713 -5.15699448 -1.83970279 -3.56098483
 -0.76089696 -0.6881818   2.22354186  4.29492568] 

drones next lat [48.33575284 48.3357744  48.33576032 48.33578883 48.33581848 48.33580277
 48.33582766 48.33582801 48.33585392 48.33587225] drones next lon [14.32665213 14.32659361 14.32655212 14.32651182 14.32647841 14.32644059
 14.32638896 14.32633693 14.32628848 14.32623591] 
WayPoint_Count 95 

Leader Index 4 

Leader Contour 148.0 

Contour Threshold 220 

Previous Drone Positions [  0.52144732  -3.794564    -6.88331986  -9.84151905 -12.28861268
 -15.10723907 -18.90866997 -22.7647141  -26.32997067 -30.20800178]_[-9.24900598 -6.81460776 -8.35240713 -5.15699448 -1.83970279 -3.56098483
 -0.76089696 -0.6881818   2.22354186  4.29492568] 

Mean Previous Drone Positions [-14.56051639 -14.56051639 -14.56051639 -14.56051639 -14.56051639
 -14.56051639 -14.56051639 -14.56051639 -14.56051639 -14.56051639]_[-2.99043142 -2.99043142 -2.99043142 -2.99043142 -2.99043142 -2.99043142
 -2.99043142 -2.99043142 -2.99043142 -2.99043142] 

relative Drone Positions [ 16.19424346  12.59552269   8.99680192   5.39808115   1.79936038
  -1.79936038  -5.39808115  -8.99680192 -12.59552269 -16.19424346]_[-9.7445615  -7.57910339 -5.41364528 -3.24818717 -1.08272906  1.08272906
  3.24818717  5.41364528  7.57910339  9.7445615 ] 

current starting Drone Positions [  1.63372707  -1.9649937   -5.56371447  -9.16243523 -12.761156
 -16.35987677 -19.95859754 -23.55731831 -27.15603908 -30.75475984]_[-12.73499292 -10.56953481  -8.4040767   -6.23861859  -4.07316048
  -1.90770236   0.25775575   2.42321386   4.58867197   6.75413008] 

scanning direction vector [0.58486065 0.58486065 0.58486065 0.58486065 0.58486065 0.58486065
 0.58486065 0.58486065 0.58486065 0.58486065]_[0.97196531 0.97196531 0.97196531 0.97196531 0.97196531 0.97196531
 0.97196531 0.97196531 0.97196531 0.97196531] 

changing back speed 0.3 

velocity vector [0.91854457 1.13373174 0.98074227 0.78858579 0.44309765 0.20906934
 0.26988238 0.34707939 0.33704013 0.42083323]_[-0.07383078 -0.15451281  0.95646444  0.64747807  0.301928    1.46795005
  1.27756112  1.905384    1.68150434  1.70972663] 

Moving Straight [  1.43999189  -2.66083226  -5.9025776   -9.05293326 -11.84551503
 -14.89816973 -18.63878759 -22.41763472 -25.99293055 -29.78716855]_[-9.32283676 -6.96912057 -7.39594269 -4.50951641 -1.53777479 -2.09303479
  0.51666416  1.2172022   3.9050462   6.00465231] 

drones next lat [48.33575225 48.3357731  48.335769   48.33579472 48.33582123 48.335816
 48.33583918 48.33584518 48.33586908 48.33588767] drones next lon [14.32666453 14.32660892 14.32656524 14.32652239 14.32648436 14.32644323
 14.32639245 14.32634139 14.32629283 14.32624138] 
WayPoint_Count 96 

Leader Index 4 

Leader Contour 120.5 

Contour Threshold 220 

Previous Drone Positions [  1.43999189  -2.66083226  -5.9025776   -9.05293326 -11.84551503
 -14.89816973 -18.63878759 -22.41763472 -25.99293055 -29.78716855]_[-9.32283676 -6.96912057 -7.39594269 -4.50951641 -1.53777479 -2.09303479
  0.51666416  1.2172022   3.9050462   6.00465231] 

Mean Previous Drone Positions [-13.97565574 -13.97565574 -13.97565574 -13.97565574 -13.97565574
 -13.97565574 -13.97565574 -13.97565574 -13.97565574 -13.97565574]_[-2.01846611 -2.01846611 -2.01846611 -2.01846611 -2.01846611 -2.01846611
 -2.01846611 -2.01846611 -2.01846611 -2.01846611] 

relative Drone Positions [ 16.19424346  12.59552269   8.99680192   5.39808115   1.79936038
  -1.79936038  -5.39808115  -8.99680192 -12.59552269 -16.19424346]_[-9.7445615  -7.57910339 -5.41364528 -3.24818717 -1.08272906  1.08272906
  3.24818717  5.41364528  7.57910339  9.7445615 ] 

current starting Drone Positions [  2.21858772  -1.38013305  -4.97885382  -8.57757459 -12.17629536
 -15.77501612 -19.37373689 -22.97245766 -26.57117843 -30.1698992 ]_[-11.76302762  -9.5975695   -7.43211139  -5.26665328  -3.10119517
  -0.93573706   1.22972105   3.39517916   5.56063728   7.72609539] 

scanning direction vector [0.58486065 0.58486065 0.58486065 0.58486065 0.58486065 0.58486065
 0.58486065 0.58486065 0.58486065 0.58486065]_[0.97196531 0.97196531 0.97196531 0.97196531 0.97196531 0.97196531
 0.97196531 0.97196531 0.97196531 0.97196531] 

changing back speed 0.3 

velocity vector [0.8184394  0.96907041 0.86197778 0.72746825 0.48562655 0.32180673
 0.36437586 0.41841376 0.41138628 0.47004145]_[0.23990805 0.18343063 0.9611147  0.74482424 0.50293919 1.31915462
 1.18588238 1.6253584  1.46864263 1.48839823] 

Moving Straight [  2.25843128  -1.69176185  -5.04059982  -8.32546501 -11.35988848
 -14.576363   -18.27441173 -21.99922095 -25.58154426 -29.3171271 ]_[-9.08292871 -6.78568994 -6.434828   -3.76469216 -1.0348356  -0.77388016
  1.70254653  2.8425606   5.37368883  7.49305054] 

drones next lat [48.33575447 48.33577482 48.33577772 48.33580148 48.3358258  48.33582789
 48.33584987 48.33585984 48.33588232 48.33590109] drones next lon [14.32667555 14.32662198 14.32657675 14.32653211 14.32649085 14.32644742
 14.32639723 14.32634684 14.3262982  14.32624755] 
WayPoint_Count 97 

Leader Index 4 

Leader Contour 108.5 

Contour Threshold 220 

Previous Drone Positions [  2.25843128  -1.69176185  -5.04059982  -8.32546501 -11.35988848
 -14.576363   -18.27441173 -21.99922095 -25.58154426 -29.3171271 ]_[-9.08292871 -6.78568994 -6.434828   -3.76469216 -1.0348356  -0.77388016
  1.70254653  2.8425606   5.37368883  7.49305054] 

Mean Previous Drone Positions [-13.39079509 -13.39079509 -13.39079509 -13.39079509 -13.39079509
 -13.39079509 -13.39079509 -13.39079509 -13.39079509 -13.39079509]_[-1.04650081 -1.04650081 -1.04650081 -1.04650081 -1.04650081 -1.04650081
 -1.04650081 -1.04650081 -1.04650081 -1.04650081] 

relative Drone Positions [ 16.19424346  12.59552269   8.99680192   5.39808115   1.79936038
  -1.79936038  -5.39808115  -8.99680192 -12.59552269 -16.19424346]_[-9.7445615  -7.57910339 -5.41364528 -3.24818717 -1.08272906  1.08272906
  3.24818717  5.41364528  7.57910339  9.7445615 ] 

current starting Drone Positions [  2.80344836  -0.7952724   -4.39399317  -7.99271394 -11.59143471
 -15.19015548 -18.78887624 -22.38759701 -25.98631778 -29.58503855]_[-10.79106231  -8.6256042   -6.46014609  -4.29468797  -2.12922986
   0.03622825   2.20168636   4.36714447   6.53260258   8.69806069] 

scanning direction vector [0.58486065 0.58486065 0.58486065 0.58486065 0.58486065 0.58486065
 0.58486065 0.58486065 0.58486065 0.58486065]_[0.97196531 0.97196531 0.97196531 0.97196531 0.97196531 0.97196531
 0.97196531 0.97196531 0.97196531 0.97196531] 

changing back speed 0.3 

velocity vector [0.74836577 0.85380748 0.77884264 0.68468597 0.51539678 0.4007229
 0.43052129 0.46834783 0.46342859 0.50448721]_[0.45952523 0.41999103 0.96436988 0.81296656 0.64364703 1.21499783
 1.12170725 1.42934047 1.31963943 1.33346835] 

Moving Straight [  3.00679706  -0.83795437  -4.26175718  -7.64077904 -10.8444917
 -14.1756401  -17.84389044 -21.53087312 -25.11811567 -28.81263989]_[-8.62340348 -6.36569891 -5.47045812 -2.9517256  -0.39118857  0.44111767
  2.82425379  4.27190107  6.69332826  8.82651889] 

drones next lat [48.33575866 48.33577867 48.33578645 48.33580884 48.33583163 48.33583885
 48.33586    48.33587273 48.33589423 48.33591313] drones next lon [14.32668559 14.32663345 14.32658715 14.32654126 14.32649773 14.32645268
 14.32640291 14.32635299 14.3263043  14.3262542 ] 
WayPoint_Count 98 

Leader Index 4 

Leader Contour 68.5 

Contour Threshold 220 

Previous Drone Positions [  3.00679706  -0.83795437  -4.26175718  -7.64077904 -10.8444917
 -14.1756401  -17.84389044 -21.53087312 -25.11811567 -28.81263989]_[-8.62340348 -6.36569891 -5.47045812 -2.9517256  -0.39118857  0.44111767
  2.82425379  4.27190107  6.69332826  8.82651889] 

Mean Previous Drone Positions [-12.80593445 -12.80593445 -12.80593445 -12.80593445 -12.80593445
 -12.80593445 -12.80593445 -12.80593445 -12.80593445 -12.80593445]_[-0.0745355 -0.0745355 -0.0745355 -0.0745355 -0.0745355 -0.0745355
 -0.0745355 -0.0745355 -0.0745355 -0.0745355] 

relative Drone Positions [ 16.19424346  12.59552269   8.99680192   5.39808115   1.79936038
  -1.79936038  -5.39808115  -8.99680192 -12.59552269 -16.19424346]_[-9.7445615  -7.57910339 -5.41364528 -3.24818717 -1.08272906  1.08272906
  3.24818717  5.41364528  7.57910339  9.7445615 ] 

current starting Drone Positions [  3.38830901  -0.21041176  -3.80913253  -7.40785329 -11.00657406
 -14.60529483 -18.2040156  -21.80273637 -25.40145713 -29.0001779 ]_[-9.819097   -7.65363889 -5.48818078 -3.32272267 -1.15726456  1.00819355
  3.17365167  5.33910978  7.50456789  9.670026  ] 

scanning direction vector [0.58486065 0.58486065 0.58486065 0.58486065 0.58486065 0.58486065
 0.58486065 0.58486065 0.58486065 0.58486065]_[0.97196531 0.97196531 0.97196531 0.97196531 0.97196531 0.97196531
 0.97196531 0.97196531 0.97196531 0.97196531] 

changing back speed 0.3 

velocity vector [0.69931423 0.77312343 0.72064804 0.65473837 0.53623594 0.45596423
 0.4768231  0.50330167 0.49985821 0.52859924]_[0.61325725 0.58558331 0.96664851 0.86066619 0.74214251 1.14208807
 1.07678467 1.29212792 1.21533719 1.22501744] 

Moving Straight [  3.70611129  -0.06483094  -3.54110913  -6.98604067 -10.30825576
 -13.71967587 -17.36706734 -21.02757145 -24.61825746 -28.28404064]_[-8.01014623 -5.7801156  -4.50380961 -2.09105941  0.35095394  1.58320574
  3.90103846  5.56402899  7.90866546 10.05153633] 

drones next lat [48.33576424 48.335784   48.33579521 48.33581664 48.33583835 48.33584916
 48.33586972 48.3358844  48.3359052  48.33592419] drones next lon [14.32669495 14.32664381 14.32659676 14.32654999 14.32650487 14.3264587
 14.32640921 14.32635963 14.3263109  14.32626119] 
WayPoint_Count 99 

Leader Index 7 

Leader Contour 97.0 

Contour Threshold 220 

Previous Drone Positions [  3.70611129  -0.06483094  -3.54110913  -6.98604067 -10.30825576
 -13.71967587 -17.36706734 -21.02757145 -24.61825746 -28.28404064]_[-8.01014623 -5.7801156  -4.50380961 -2.09105941  0.35095394  1.58320574
  3.90103846  5.56402899  7.90866546 10.05153633] 

Mean Previous Drone Positions [-12.2210738 -12.2210738 -12.2210738 -12.2210738 -12.2210738 -12.2210738
 -12.2210738 -12.2210738 -12.2210738 -12.2210738]_[0.89742981 0.89742981 0.89742981 0.89742981 0.89742981 0.89742981
 0.89742981 0.89742981 0.89742981 0.89742981] 

relative Drone Positions [ 16.19424346  12.59552269   8.99680192   5.39808115   1.79936038
  -1.79936038  -5.39808115  -8.99680192 -12.59552269 -16.19424346]_[-9.7445615  -7.57910339 -5.41364528 -3.24818717 -1.08272906  1.08272906
  3.24818717  5.41364528  7.57910339  9.7445615 ] 

current starting Drone Positions [  3.97316966   0.37444889  -3.22427188  -6.82299265 -10.42171341
 -14.02043418 -17.61915495 -21.21787572 -24.81659649 -28.41531726]_[-8.8471317  -6.68167359 -4.51621547 -2.35075736 -0.18529925  1.98015886
  4.14561697  6.31107508  8.4765332  10.64199131] 

scanning direction vector [0.58486065 0.58486065 0.58486065 0.58486065 0.58486065 0.58486065
 0.58486065 0.58486065 0.58486065 0.58486065]_[0.97196531 0.97196531 0.97196531 0.97196531 0.97196531 0.97196531
 0.97196531 0.97196531 0.97196531 0.97196531] 

changing back speed 0.3 

velocity vector [0.66497816 0.7166446  0.67991182 0.63377505 0.55082335 0.49463315
 0.50923436 0.52776937 0.52535894 0.54547766]_[0.72086967 0.70149791 0.96824355 0.89405592 0.81108935 1.09105124
 1.04533886 1.19607914 1.14232563 1.1491018 ] 

Moving Straight [  4.37108945   0.65181366  -2.86119731  -6.35226562  -9.75743241
 -13.22504272 -16.85783298 -20.49980208 -24.09289852 -27.73856298]_[-7.28927657 -5.07861769 -3.53556606 -1.19700349  1.16204329  2.67425698
  4.94637732  6.76010812  9.05099109 11.20063813] 

drones next lat [48.33577077 48.33579037 48.33580397 48.33582473 48.33584569 48.33585902
 48.33587917 48.3358952  48.33591552 48.33593457] drones next lon [14.32670384 14.3266534  14.32660581 14.32655843 14.32651221 14.32646524
 14.32641596 14.32636661 14.32631785 14.32626841] 
WayPoint_Count 100 

Leader Index 7 

Leader Contour 82.5 

Contour Threshold 220 

Previous Drone Positions [  4.37108945   0.65181366  -2.86119731  -6.35226562  -9.75743241
 -13.22504272 -16.85783298 -20.49980208 -24.09289852 -27.73856298]_[-7.28927657 -5.07861769 -3.53556606 -1.19700349  1.16204329  2.67425698
  4.94637732  6.76010812  9.05099109 11.20063813] 

Mean Previous Drone Positions [-11.63621315 -11.63621315 -11.63621315 -11.63621315 -11.63621315
 -11.63621315 -11.63621315 -11.63621315 -11.63621315 -11.63621315]_[1.86939511 1.86939511 1.86939511 1.86939511 1.86939511 1.86939511
 1.86939511 1.86939511 1.86939511 1.86939511] 

relative Drone Positions [ 16.19424346  12.59552269   8.99680192   5.39808115   1.79936038
  -1.79936038  -5.39808115  -8.99680192 -12.59552269 -16.19424346]_[-9.7445615  -7.57910339 -5.41364528 -3.24818717 -1.08272906  1.08272906
  3.24818717  5.41364528  7.57910339  9.7445615 ] 

current starting Drone Positions [  4.55803031   0.95930954  -2.63941123  -6.238132    -9.83685277
 -13.43557354 -17.0342943  -20.63301507 -24.23173584 -27.83045661]_[-7.87516639 -5.70970828 -3.54425017 -1.37879206  0.78666606  2.95212417
  5.11758228  7.28304039  9.4484985  11.61395661] 

scanning direction vector [0.58486065 0.58486065 0.58486065 0.58486065 0.58486065 0.58486065
 0.58486065 0.58486065 0.58486065 0.58486065]_[0.97196531 0.97196531 0.97196531 0.97196531 0.97196531 0.97196531
 0.97196531 0.97196531 0.97196531 0.97196531] 

changing back speed 0.3 

velocity vector [0.6409429  0.67710941 0.65139647 0.61910073 0.56103454 0.5217014
 0.53192225 0.54489675 0.54320945 0.55729256]_[0.79619836 0.78263813 0.96936008 0.91742874 0.85935214 1.05532546
 1.02332679 1.12884499 1.09121753 1.09596085] 

Moving Straight [  5.01203235   1.32892307  -2.20980084  -5.73316488  -9.19639787
 -12.70334132 -16.32591073 -19.95490533 -23.54968907 -27.18127042]_[-6.49307821 -4.29597956 -2.56620599 -0.27957475  2.02139543  3.72958245
  5.96970411  7.88895311 10.14220862 12.29659898] 

drones next lat [48.33577799 48.33579746 48.33581274 48.33583303 48.33585346 48.33586855
 48.33588842 48.33590539 48.33592538 48.33594448] drones next lon [14.32671239 14.32666244 14.32661449 14.32656668 14.32651968 14.32647216
 14.32642302 14.32637382 14.32632505 14.3262758 ] 
WayPoint_Count 101 

Leader Index 7 

Leader Contour 88.0 

Contour Threshold 220 

Previous Drone Positions [  5.01203235   1.32892307  -2.20980084  -5.73316488  -9.19639787
 -12.70334132 -16.32591073 -19.95490533 -23.54968907 -27.18127042]_[-6.49307821 -4.29597956 -2.56620599 -0.27957475  2.02139543  3.72958245
  5.96970411  7.88895311 10.14220862 12.29659898] 

Mean Previous Drone Positions [-11.0513525 -11.0513525 -11.0513525 -11.0513525 -11.0513525 -11.0513525
 -11.0513525 -11.0513525 -11.0513525 -11.0513525]_[2.84136042 2.84136042 2.84136042 2.84136042 2.84136042 2.84136042
 2.84136042 2.84136042 2.84136042 2.84136042] 

relative Drone Positions [ 16.19424346  12.59552269   8.99680192   5.39808115   1.79936038
  -1.79936038  -5.39808115  -8.99680192 -12.59552269 -16.19424346]_[-9.7445615  -7.57910339 -5.41364528 -3.24818717 -1.08272906  1.08272906
  3.24818717  5.41364528  7.57910339  9.7445615 ] 

current starting Drone Positions [  5.14289095   1.54417018  -2.05455058  -5.65327135  -9.25199212
 -12.85071289 -16.44943366 -20.04815442 -23.64687519 -27.24559596]_[-6.90320108 -4.73774297 -2.57228486 -0.40682675  1.75863136  3.92408947
  6.08954759  8.2550057  10.42046381 12.58592192] 

scanning direction vector [0.58486065 0.58486065 0.58486065 0.58486065 0.58486065 0.58486065
 0.58486065 0.58486065 0.58486065 0.58486065]_[0.97196531 0.97196531 0.97196531 0.97196531 0.97196531 0.97196531
 0.97196531 0.97196531 0.97196531 0.97196531] 

changing back speed 0.3 

velocity vector [0.62411823 0.64943478 0.63143572 0.60882871 0.56818237 0.54064918
 0.54780377 0.55688592 0.55570481 0.56556299]_[0.84892844 0.83943628 0.97014164 0.93378971 0.89313609 1.03031742
 1.00791835 1.08178108 1.05544186 1.05876219] 

Moving Straight [  5.63615058   1.97835785  -1.57836512  -5.12433618  -8.6282155
 -12.16269214 -15.77810696 -19.39801941 -22.99398426 -26.61570744]_[-5.64414976 -3.45654328 -1.59606434  0.65421495  2.91453151  4.75989986
  6.97762246  8.97073419 11.19765048 13.35536117] 

drones next lat [48.33578567 48.33580506 48.33582152 48.33584148 48.33586154 48.33587786
 48.33589753 48.33591517 48.33593492 48.33595404] drones next lon [14.32672071 14.3266711  14.32662289 14.32657478 14.32652724 14.32647933
 14.32643029 14.32638121 14.32633243 14.3262833 ] 
WayPoint_Count 102 

Leader Index 7 

Leader Contour 80.0 

Contour Threshold 220 

Previous Drone Positions [  5.63615058   1.97835785  -1.57836512  -5.12433618  -8.6282155
 -12.16269214 -15.77810696 -19.39801941 -22.99398426 -26.61570744]_[-5.64414976 -3.45654328 -1.59606434  0.65421495  2.91453151  4.75989986
  6.97762246  8.97073419 11.19765048 13.35536117] 

Mean Previous Drone Positions [-10.46649186 -10.46649186 -10.46649186 -10.46649186 -10.46649186
 -10.46649186 -10.46649186 -10.46649186 -10.46649186 -10.46649186]_[3.81332573 3.81332573 3.81332573 3.81332573 3.81332573 3.81332573
 3.81332573 3.81332573 3.81332573 3.81332573] 

relative Drone Positions [ 16.19424346  12.59552269   8.99680192   5.39808115   1.79936038
  -1.79936038  -5.39808115  -8.99680192 -12.59552269 -16.19424346]_[-9.7445615  -7.57910339 -5.41364528 -3.24818717 -1.08272906  1.08272906
  3.24818717  5.41364528  7.57910339  9.7445615 ] 

current starting Drone Positions [  5.7277516    2.12903083  -1.46968994  -5.0684107   -8.66713147
 -12.26585224 -15.86457301 -19.46329378 -23.06201455 -26.66073531]_[-5.93123578 -3.76577767 -1.60031955  0.56513856  2.73059667  4.89605478
  7.06151289  9.226971   11.39242912 13.55788723] 

scanning direction vector [0.58486065 0.58486065 0.58486065 0.58486065 0.58486065 0.58486065
 0.58486065 0.58486065 0.58486065 0.58486065]_[0.97196531 0.97196531 0.97196531 0.97196531 0.97196531 0.97196531
 0.97196531 0.97196531 0.97196531 0.97196531] 

changing back speed 0.3 

velocity vector [0.61234095 0.63006254 0.6174632  0.60163829 0.57318585 0.55391262
 0.55892083 0.56527834 0.56445156 0.57135228]_[0.8858395  0.87919499 0.97068874 0.94524239 0.91678485 1.01281178
 0.99713244 1.04883635 1.0303989  1.03272312] 

Moving Straight [  6.24849153   2.60842039  -0.96090191  -4.52269789  -8.05502964
 -11.60877952 -15.21918613 -18.83274108 -22.4295327  -26.04435515]_[-4.75831026 -2.57734829 -0.6253756   1.59945734  3.83131637  5.77271164
  7.9747549  10.01957054 12.22804938 14.38808429] 

drones next lat [48.33579369 48.33581302 48.3358303  48.33585003 48.33586983 48.33588702
 48.33590654 48.33592465 48.33594423 48.33596338] drones next lon [14.32672887 14.3266795  14.32663111 14.32658279 14.32653486 14.32648668
 14.32643771 14.32638871 14.32633992 14.32629089] 
WayPoint_Count 103 

Leader Index 5 

Leader Contour 104.0 

Contour Threshold 220 

Previous Drone Positions [  6.24849153   2.60842039  -0.96090191  -4.52269789  -8.05502964
 -11.60877952 -15.21918613 -18.83274108 -22.4295327  -26.04435515]_[-4.75831026 -2.57734829 -0.6253756   1.59945734  3.83131637  5.77271164
  7.9747549  10.01957054 12.22804938 14.38808429] 

Mean Previous Drone Positions [-9.88163121 -9.88163121 -9.88163121 -9.88163121 -9.88163121 -9.88163121
 -9.88163121 -9.88163121 -9.88163121 -9.88163121]_[4.78529103 4.78529103 4.78529103 4.78529103 4.78529103 4.78529103
 4.78529103 4.78529103 4.78529103 4.78529103] 

relative Drone Positions [ 16.19424346  12.59552269   8.99680192   5.39808115   1.79936038
  -1.79936038  -5.39808115  -8.99680192 -12.59552269 -16.19424346]_[-9.7445615  -7.57910339 -5.41364528 -3.24818717 -1.08272906  1.08272906
  3.24818717  5.41364528  7.57910339  9.7445615 ] 

current starting Drone Positions [  6.31261225   2.71389148  -0.88482929  -4.48355006  -8.08227083
 -11.68099159 -15.27971236 -18.87843313 -22.4771539  -26.07587467]_[-4.95927047 -2.79381236 -0.62835425  1.53710386  3.70256198  5.86802009
  8.0334782  10.19893631 12.36439442 14.52985253] 

scanning direction vector [0.58486065 0.58486065 0.58486065 0.58486065 0.58486065 0.58486065
 0.58486065 0.58486065 0.58486065 0.58486065]_[0.97196531 0.97196531 0.97196531 0.97196531 0.97196531 0.97196531
 0.97196531 0.97196531 0.97196531 0.97196531] 

changing back speed 0.3 

velocity vector [0.60409686 0.61650197 0.60768243 0.596605   0.57668829 0.56319703
 0.56670278 0.57115303 0.57057429 0.57540479]_[0.91167724 0.90702608 0.97107171 0.95325926 0.93333899 1.00055784
 0.9895823  1.02577504 1.01286882 1.01449578] 

Moving Straight [  6.85258839   3.22492236  -0.35321948  -3.92609289  -7.47834135
 -11.0455825  -14.65248335 -18.26158804 -21.85895841 -25.46895036]_[-3.84663302 -1.6703222   0.34569611  2.5527166   4.76465536  6.77326948
  8.96433719 11.04534558 13.2409182  15.40258007] 

drones next lat [48.33580194 48.33582123 48.33583908 48.33585866 48.33587827 48.33589606
 48.33591549 48.33593392 48.33595339 48.33597255] drones next lon [14.32673691 14.32668771 14.32663919 14.32659072 14.32654253 14.32649416
 14.32644524 14.3263963  14.3263475  14.32629853] 
WayPoint_Count 104 

Leader Index 3 

Leader Contour 157.0 

Contour Threshold 220 

Previous Drone Positions [  6.85258839   3.22492236  -0.35321948  -3.92609289  -7.47834135
 -11.0455825  -14.65248335 -18.26158804 -21.85895841 -25.46895036]_[-3.84663302 -1.6703222   0.34569611  2.5527166   4.76465536  6.77326948
  8.96433719 11.04534558 13.2409182  15.40258007] 

Mean Previous Drone Positions [-9.29677056 -9.29677056 -9.29677056 -9.29677056 -9.29677056 -9.29677056
 -9.29677056 -9.29677056 -9.29677056 -9.29677056]_[5.75725634 5.75725634 5.75725634 5.75725634 5.75725634 5.75725634
 5.75725634 5.75725634 5.75725634 5.75725634] 

relative Drone Positions [ 16.19424346  12.59552269   8.99680192   5.39808115   1.79936038
  -1.79936038  -5.39808115  -8.99680192 -12.59552269 -16.19424346]_[-9.7445615  -7.57910339 -5.41364528 -3.24818717 -1.08272906  1.08272906
  3.24818717  5.41364528  7.57910339  9.7445615 ] 

current starting Drone Positions [  6.89747289   3.29875213  -0.29996864  -3.89868941  -7.49741018
 -11.09613095 -14.69485172 -18.29357248 -21.89229325 -25.49101402]_[-3.98730516 -1.82184705  0.34361106  2.50906917  4.67452728  6.83998539
  9.00544351 11.17090162 13.33635973 15.50181784] 

scanning direction vector [0.58486065 0.58486065 0.58486065 0.58486065 0.58486065 0.58486065
 0.58486065 0.58486065 0.58486065 0.58486065]_[0.97196531 0.97196531 0.97196531 0.97196531 0.97196531 0.97196531
 0.97196531 0.97196531 0.97196531 0.97196531] 

changing back speed 0.3 

velocity vector [0.598326   0.60700958 0.6008359  0.59308169 0.57914    0.56969611
 0.57215014 0.57526532 0.5748602  0.57824155]_[0.92976366 0.92650785 0.97133979 0.95887108 0.94492688 0.99198008
 0.9842972  1.00963212 1.00059777 1.00173664] 

Moving Straight [  7.45091439   3.83193194   0.24761642  -3.3330112   -6.89920135
 -10.47588639 -14.08033321 -17.68632273 -21.28409822 -24.89070881]_[-2.91686935 -0.74381435  1.3170359   3.51158768  5.70958224  7.76524956
  9.94863439 12.0549777  14.24151596 16.40431671] 

drones next lat [48.33581035 48.33582961 48.33584787 48.33586733 48.33588682 48.33590503
 48.33592439 48.33594305 48.33596244 48.33598161] drones next lon [14.32674488 14.32669579 14.32664718 14.32659861 14.32655024 14.32650173
 14.32645284 14.32640394 14.32635514 14.32630622] 
WayPoint_Count 105 

Leader Index 4 

Leader Contour 114.5 

Contour Threshold 220 

Previous Drone Positions [  7.45091439   3.83193194   0.24761642  -3.3330112   -6.89920135
 -10.47588639 -14.08033321 -17.68632273 -21.28409822 -24.89070881]_[-2.91686935 -0.74381435  1.3170359   3.51158768  5.70958224  7.76524956
  9.94863439 12.0549777  14.24151596 16.40431671] 

Mean Previous Drone Positions [-8.71190992 -8.71190992 -8.71190992 -8.71190992 -8.71190992 -8.71190992
 -8.71190992 -8.71190992 -8.71190992 -8.71190992]_[6.72922164 6.72922164 6.72922164 6.72922164 6.72922164 6.72922164
 6.72922164 6.72922164 6.72922164 6.72922164] 

relative Drone Positions [ 16.19424346  12.59552269   8.99680192   5.39808115   1.79936038
  -1.79936038  -5.39808115  -8.99680192 -12.59552269 -16.19424346]_[-9.7445615  -7.57910339 -5.41364528 -3.24818717 -1.08272906  1.08272906
  3.24818717  5.41364528  7.57910339  9.7445615 ] 

current starting Drone Positions [  7.48233354   3.88361277   0.284892    -3.31382876  -6.91254953
 -10.5112703  -14.10999107 -17.70871184 -21.3074326  -24.90615337]_[-3.01533986 -0.84988175  1.31557637  3.48103448  5.64649259  7.8119507
  9.97740881 12.14286692 14.30832504 16.47378315] 

scanning direction vector [0.58486065 0.58486065 0.58486065 0.58486065 0.58486065 0.58486065
 0.58486065 0.58486065 0.58486065 0.58486065]_[0.97196531 0.97196531 0.97196531 0.97196531 0.97196531 0.97196531
 0.97196531 0.97196531 0.97196531 0.97196531] 

changing back speed 0.3 

velocity vector [0.59428639 0.6003649  0.59604332 0.59061538 0.58085619 0.57424547
 0.57596329 0.57814391 0.57786033 0.58022728]_[0.94242416 0.94014509 0.97152745 0.96279935 0.95303841 0.98597565
 0.98059763 0.99833207 0.99200803 0.99280524] 

Moving Straight [  8.04520078   4.43229684   0.84365974  -2.74239582  -6.31834516
  -9.90164091 -13.50436992 -17.10817881 -20.70623789 -24.31048153]_[-1.9744452   0.19633074  2.28856335  4.47438703  6.66262065  8.75122521
 10.92923203 13.05330977 15.23352399 17.39712195] 

drones next lat [48.33581888 48.33583812 48.33585666 48.33587604 48.33589544 48.33591395
 48.33593326 48.33595208 48.33597141 48.33599059] drones next lon [14.32675278 14.32670378 14.32665511 14.32660647 14.32655796 14.32650937
 14.3264605  14.32641162 14.32636282 14.32631393] 
WayPoint_Count 106 

Leader Index 4 

Leader Contour 84.5 

Contour Threshold 220 

Previous Drone Positions [  8.04520078   4.43229684   0.84365974  -2.74239582  -6.31834516
  -9.90164091 -13.50436992 -17.10817881 -20.70623789 -24.31048153]_[-1.9744452   0.19633074  2.28856335  4.47438703  6.66262065  8.75122521
 10.92923203 13.05330977 15.23352399 17.39712195] 

Mean Previous Drone Positions [-8.12704927 -8.12704927 -8.12704927 -8.12704927 -8.12704927 -8.12704927
 -8.12704927 -8.12704927 -8.12704927 -8.12704927]_[7.70118695 7.70118695 7.70118695 7.70118695 7.70118695 7.70118695
 7.70118695 7.70118695 7.70118695 7.70118695] 

relative Drone Positions [ 16.19424346  12.59552269   8.99680192   5.39808115   1.79936038
  -1.79936038  -5.39808115  -8.99680192 -12.59552269 -16.19424346]_[-9.7445615  -7.57910339 -5.41364528 -3.24818717 -1.08272906  1.08272906
  3.24818717  5.41364528  7.57910339  9.7445615 ] 

current starting Drone Positions [  8.06719419   4.46847342   0.86975265  -2.72896812  -6.32768888
  -9.92640965 -13.52513042 -17.12385119 -20.72257196 -24.32129273]_[-2.04337455  0.12208356  2.28754167  4.45299978  6.6184579   8.78391601
 10.94937412 13.11483223 15.28029034 17.44574845] 

scanning direction vector [0.58486065 0.58486065 0.58486065 0.58486065 0.58486065 0.58486065
 0.58486065 0.58486065 0.58486065 0.58486065]_[0.97196531 0.97196531 0.97196531 0.97196531 0.97196531 0.97196531
 0.97196531 0.97196531 0.97196531 0.97196531] 

changing back speed 0.3 

velocity vector [0.59145867 0.59571362 0.59268852 0.58888896 0.58205753 0.57743003
 0.5786325  0.58015893 0.57996043 0.58161729]_[0.9512865  0.94969115 0.9716588  0.96554913 0.95871648 0.98177255
 0.97800793 0.99042204 0.98599521 0.98655326] 

Moving Straight [  8.63665945   5.02801046   1.43634826  -2.15350686  -5.73628763
  -9.32421089 -12.92573742 -16.52801988 -20.12627746 -23.72886424]_[-1.0231587   1.14602189  3.26022215  5.43993616  7.62133713  9.73299776
 11.90723996 14.04373182 16.2195192  18.38367521] 

drones next lat [48.33582748 48.33584671 48.33586544 48.33588477 48.33590411 48.33592282
 48.3359421  48.33596103 48.33598032 48.33599951] drones next lon [14.32676065 14.3267117  14.32666299 14.3266143  14.3265657  14.32651704
 14.32646819 14.32641933 14.32637052 14.32632166] 
WayPoint_Count 107 

Leader Index 4 

Leader Contour 155.5 

Contour Threshold 220 

Previous Drone Positions [  8.63665945   5.02801046   1.43634826  -2.15350686  -5.73628763
  -9.32421089 -12.92573742 -16.52801988 -20.12627746 -23.72886424]_[-1.0231587   1.14602189  3.26022215  5.43993616  7.62133713  9.73299776
 11.90723996 14.04373182 16.2195192  18.38367521] 

Mean Previous Drone Positions [-7.54218862 -7.54218862 -7.54218862 -7.54218862 -7.54218862 -7.54218862
 -7.54218862 -7.54218862 -7.54218862 -7.54218862]_[8.67315226 8.67315226 8.67315226 8.67315226 8.67315226 8.67315226
 8.67315226 8.67315226 8.67315226 8.67315226] 

relative Drone Positions [ 16.19424346  12.59552269   8.99680192   5.39808115   1.79936038
  -1.79936038  -5.39808115  -8.99680192 -12.59552269 -16.19424346]_[-9.7445615  -7.57910339 -5.41364528 -3.24818717 -1.08272906  1.08272906
  3.24818717  5.41364528  7.57910339  9.7445615 ] 

current starting Drone Positions [  8.65205484   5.05333407   1.4546133   -2.14410747  -5.74282824
  -9.34154901 -12.94026977 -16.53899054 -20.13771131 -23.73643208]_[-1.07140924  1.09404887  3.25950698  5.42496509  7.5904232   9.75588131
 11.92133943 14.08679754 16.25225565 18.41771376] 

scanning direction vector [0.58486065 0.58486065 0.58486065 0.58486065 0.58486065 0.58486065
 0.58486065 0.58486065 0.58486065 0.58486065]_[0.97196531 0.97196531 0.97196531 0.97196531 0.97196531 0.97196531
 0.97196531 0.97196531 0.97196531 0.97196531] 

changing back speed 0.3 

velocity vector [0.58947926 0.59245773 0.59034016 0.58768047 0.58289846 0.57965921
 0.58050094 0.58156945 0.58143049 0.5825903 ]_[0.95749014 0.9563734  0.97175075 0.96747399 0.96269113 0.97883037
 0.97619515 0.98488502 0.98178624 0.98217687] 

Moving Straight [  9.22613871   5.62046819   2.02668842  -1.5658264   -5.15338916
  -8.74455168 -12.34523648 -15.94645043 -19.54484697 -23.14627395]_[-0.06566856  2.10239529  4.23197291  6.40741015  8.58402826 10.71182813
 12.88343511 15.02861684 17.20130544 19.36585208] 

drones next lat [48.33583614 48.33585536 48.33587423 48.33589352 48.33591282 48.33593168
 48.33595093 48.33596994 48.3359892  48.33600839] drones next lon [14.32676849 14.32671959 14.32667084 14.32662211 14.32657345 14.32652474
 14.32647591 14.32642706 14.32637825 14.3263294 ] 
WayPoint_Count 108 

Leader Index 4 

Leader Contour 171.5 

Contour Threshold 220 

Previous Drone Positions [  9.22613871   5.62046819   2.02668842  -1.5658264   -5.15338916
  -8.74455168 -12.34523648 -15.94645043 -19.54484697 -23.14627395]_[-0.06566856  2.10239529  4.23197291  6.40741015  8.58402826 10.71182813
 12.88343511 15.02861684 17.20130544 19.36585208] 

Mean Previous Drone Positions [-6.95732797 -6.95732797 -6.95732797 -6.95732797 -6.95732797 -6.95732797
 -6.95732797 -6.95732797 -6.95732797 -6.95732797]_[9.64511756 9.64511756 9.64511756 9.64511756 9.64511756 9.64511756
 9.64511756 9.64511756 9.64511756 9.64511756] 

relative Drone Positions [ 16.19424346  12.59552269   8.99680192   5.39808115   1.79936038
  -1.79936038  -5.39808115  -8.99680192 -12.59552269 -16.19424346]_[-9.7445615  -7.57910339 -5.41364528 -3.24818717 -1.08272906  1.08272906
  3.24818717  5.41364528  7.57910339  9.7445615 ] 

current starting Drone Positions [  9.23691548   5.63819471   2.03947395  -1.55924682  -5.15796759
  -8.75668836 -12.35540913 -15.95412989 -19.55285066 -23.15157143]_[-0.09944394  2.06601417  4.23147229  6.3969304   8.56238851 10.72784662
 12.89330473 15.05876284 17.22422095 19.38967907] 

scanning direction vector [0.58486065 0.58486065 0.58486065 0.58486065 0.58486065 0.58486065
 0.58486065 0.58486065 0.58486065 0.58486065]_[0.97196531 0.97196531 0.97196531 0.97196531 0.97196531 0.97196531
 0.97196531 0.97196531 0.97196531 0.97196531] 

changing back speed 0.3 

velocity vector [0.58809368 0.5901786  0.5886963  0.58683452 0.58348712 0.58121964
 0.58180885 0.58255681 0.58245954 0.5832714 ]_[0.96183269 0.96105097 0.97181512 0.96882138 0.96547338 0.97677085
 0.97492619 0.98100911 0.97883996 0.9791134 ] 

Moving Straight [  9.81423239   6.21064679   2.61538472  -0.97899188  -4.56990205
  -8.16333203 -11.76342763 -15.36389362 -18.96238743 -22.56300254]_[ 0.89616414  3.06344626  5.20378803  7.37623153  9.54950164 11.68859898
 13.8583613  16.00962595 18.1801454  20.34496548] 

drones next lat [48.33584484 48.33586405 48.33588302 48.33590228 48.33592155 48.33594051
 48.33595974 48.33597881 48.33599805 48.33601724] drones next lon [14.32677631 14.32672743 14.32667867 14.32662992 14.32658121 14.32653247
 14.32648364 14.32643481 14.326386   14.32633716] 
WayPoint_Count 109 

Leader Index 4 

Leader Contour 166.0 

Contour Threshold 220 

Previous Drone Positions [  9.81423239   6.21064679   2.61538472  -0.97899188  -4.56990205
  -8.16333203 -11.76342763 -15.36389362 -18.96238743 -22.56300254]_[ 0.89616414  3.06344626  5.20378803  7.37623153  9.54950164 11.68859898
 13.8583613  16.00962595 18.1801454  20.34496548] 

Mean Previous Drone Positions [-6.37246733 -6.37246733 -6.37246733 -6.37246733 -6.37246733 -6.37246733
 -6.37246733 -6.37246733 -6.37246733 -6.37246733]_[10.61708287 10.61708287 10.61708287 10.61708287 10.61708287 10.61708287
 10.61708287 10.61708287 10.61708287 10.61708287] 

relative Drone Positions [ 16.19424346  12.59552269   8.99680192   5.39808115   1.79936038
  -1.79936038  -5.39808115  -8.99680192 -12.59552269 -16.19424346]_[-9.7445615  -7.57910339 -5.41364528 -3.24818717 -1.08272906  1.08272906
  3.24818717  5.41364528  7.57910339  9.7445615 ] 

current starting Drone Positions [  9.82177613   6.22305536   2.62433459  -0.97438618  -4.57310694
  -8.17182771 -11.77054848 -15.36926925 -18.96799002 -22.56671078]_[ 0.87252137  3.03797948  5.20343759  7.3688957   9.53435382 11.69981193
 13.86527004 16.03072815 18.19618626 20.36164437] 

scanning direction vector [0.58486065 0.58486065 0.58486065 0.58486065 0.58486065 0.58486065
 0.58486065 0.58486065 0.58486065 0.58486065]_[0.97196531 0.97196531 0.97196531 0.97196531 0.97196531 0.97196531
 0.97196531 0.97196531 0.97196531 0.97196531] 

changing back speed 0.3 

velocity vector [0.58712377 0.58858322 0.58754561 0.58624236 0.58389918 0.58231194
 0.58272439 0.58324796 0.58317987 0.58374818]_[0.96487248 0.96432527 0.97186018 0.96976456 0.96742096 0.97532919
 0.97403793 0.97829597 0.97677756 0.97696897] 

Moving Straight [ 10.40135616   6.79923001   3.20293033  -0.39274952  -3.98600287
  -7.58102009 -11.18070324 -14.78064566 -18.37920756 -21.97925437]_[ 1.86103661  4.02777153  6.1756482   8.34599609 10.5169226  12.66392817
 14.83239923 16.98792191 19.15692297 21.32193446] 

drones next lat [48.33585357 48.33587277 48.33589181 48.33591105 48.3359303  48.33594933
 48.33596855 48.33598766 48.33600689 48.33602608] drones next lon [14.32678412 14.32673526 14.32668648 14.32663771 14.32658897 14.32654021
 14.32649139 14.32644256 14.32639375 14.32634492] 
WayPoint_Count 110 

Leader Index 4 

Leader Contour 217.5 

Contour Threshold 220 

Previous Drone Positions [ 10.40135616   6.79923001   3.20293033  -0.39274952  -3.98600287
  -7.58102009 -11.18070324 -14.78064566 -18.37920756 -21.97925437]_[ 1.86103661  4.02777153  6.1756482   8.34599609 10.5169226  12.66392817
 14.83239923 16.98792191 19.15692297 21.32193446] 

Mean Previous Drone Positions [-5.78760668 -5.78760668 -5.78760668 -5.78760668 -5.78760668 -5.78760668
 -5.78760668 -5.78760668 -5.78760668 -5.78760668]_[11.58904818 11.58904818 11.58904818 11.58904818 11.58904818 11.58904818
 11.58904818 11.58904818 11.58904818 11.58904818] 

relative Drone Positions [ 16.19424346  12.59552269   8.99680192   5.39808115   1.79936038
  -1.79936038  -5.39808115  -8.99680192 -12.59552269 -16.19424346]_[-9.7445615  -7.57910339 -5.41364528 -3.24818717 -1.08272906  1.08272906
  3.24818717  5.41364528  7.57910339  9.7445615 ] 

current starting Drone Positions [ 10.40663678   6.80791601   3.20919524  -0.38952553  -3.9882463
  -7.58696706 -11.18568783 -14.7844086  -18.38312937 -21.98185014]_[ 1.84448668  4.00994479  6.1754029   8.34086101 10.50631912 12.67177723
 14.83723534 17.00269346 19.16815157 21.33360968] 

scanning direction vector [0.58486065 0.58486065 0.58486065 0.58486065 0.58486065 0.58486065
 0.58486065 0.58486065 0.58486065 0.58486065]_[0.97196531 0.97196531 0.97196531 0.97196531 0.97196531 0.97196531
 0.97196531 0.97196531 0.97196531 0.97196531] 

changing back speed 0.3 

velocity vector [0.58644483 0.58746645 0.58674012 0.58582784 0.58418762 0.58307655
 0.58336527 0.58373177 0.5836841  0.58408192]_[0.96700033 0.96661728 0.97189172 0.97042478 0.96878426 0.97432002
 0.97341614 0.97639677 0.97533389 0.97546787] 

Moving Straight [ 10.98780099   7.38669646   3.78967045   0.19307832  -3.40181525
  -6.99794353 -10.59733797 -14.1969139  -17.79552345 -21.39517245]_[ 2.82803694  4.99438882  7.14753992  9.31642087 11.48570686 13.6382482
 15.80581537 17.96431868 20.13225685 22.29740233] 

drones next lat [48.33586231 48.33588152 48.3359006  48.33591983 48.33593906 48.33595814
 48.33597735 48.33599649 48.33601571 48.3360349 ] drones next lon [14.32679192 14.32674307 14.32669429 14.3266455  14.32659674 14.32654796
 14.32649914 14.32645032 14.32640151 14.32635268] 
WayPoint_Count 111 

Leader Index 4 

Leader Contour 256.5 

Contour Threshold 220 

Converging Before Rutherford Scattering [  8.36962826   5.65303355   3.06843512  -1.05096093  -3.89573125
  -4.53723799  -7.98958735 -13.28623509 -17.06499266 -20.66374151]_[ 4.28571316  7.02530744  8.04898499 11.23327986 12.35521649 11.94359232
 14.32639394 17.529507   19.28101361 21.45147705] 

Minimum Distance Within Rutherford Scattering 4.2 

Converging After Rutherford Scattering [  9.03245702   6.36467332   2.76128722  -0.32408959  -3.13577066
  -5.82403297  -8.48664586 -13.2038267  -17.31428248 -21.26715916]_[ 3.67487926  6.99867539  7.95711357 11.05963575 13.72626286 10.68530708
 14.66878512 17.55192244 19.35158419 21.8063202 ] 

drones next lat [48.33586977 48.33589947 48.3359078  48.33593547 48.33595924 48.33593167
 48.33596729 48.33599286 48.33600872 48.33603049] drones next lon [14.32676544 14.32672905 14.32668031 14.32663832 14.32660006 14.32656415
 14.32652776 14.32646377 14.32640809 14.32635447] 
WayPoint_Count 112 

Leader Index 4 

Leader Contour 242.5 

Contour Threshold 220 

Converging Before Rutherford Scattering [  8.48884284   4.20991122   0.74397941  -2.58502832  -2.26146628
  -5.00493157  -6.43042771 -11.75096503 -14.50561396 -18.98956687]_[ 5.00604164  7.30189072  8.5466403  13.02264363 14.21164093 13.04654402
 15.31808744 15.93248381 18.30066822 21.88485612] 

Minimum Distance Within Rutherford Scattering 4.2 

Converging After Rutherford Scattering [  9.06785528   4.71973448   0.63486377  -1.99600424  -1.27251134
  -5.92184722  -6.89062789 -11.99198663 -15.01969395 -19.41504853]_[ 4.68074048  7.08138751  8.11302496 11.92120699 15.82376673 12.19232755
 16.27411098 15.64059275 18.64815716 22.19618172] 

drones next lat [48.33587883 48.33590008 48.33590904 48.33594309 48.33597825 48.33594522
 48.33598186 48.33597576 48.33600258 48.33603415] drones next lon [14.32676579 14.32670684 14.3266516  14.32661566 14.32662496 14.32656265
 14.3265491  14.32648034 14.32643914 14.32637941] 
WayPoint_Count 113 

Leader Index 4 

Leader Contour 300.5 

Contour Threshold 220 

Converging Before Rutherford Scattering [  8.6949657    2.93418183  -0.47065407  -0.72693151  -1.65849613
  -5.33976206  -4.0375621  -10.42497197 -12.0608589  -17.86046995]_[ 6.30415492  7.97528327  9.27409171 14.31415978 16.74627187 13.53186549
 16.62550715 16.57630481 18.26780661 22.47653021] 

Minimum Distance Within Rutherford Scattering 4.2 

Converging After Rutherford Scattering [  9.18629785   3.48686438  -0.78436639   0.09921452  -0.72215816
  -5.88962123  -4.70118662 -10.49614512 -12.8951606  -18.23429781]_[ 6.0916774   7.52322522  8.69879688 13.90786528 17.95052607 12.7574838
 17.41110593 16.03599751 18.99028719 22.72501052] 

drones next lat [48.33589153 48.33590396 48.33591419 48.33596113 48.33599743 48.3359503
 48.33599226 48.33597943 48.33600582 48.336039  ] drones next lon [14.32676722 14.32669016 14.32663239 14.32664369 14.32663213 14.32656302
 14.32657851 14.32650048 14.32646776 14.32639528] 
WayPoint_Count 114 

Leader Index 4 

Leader Contour 417.5 

Contour Threshold 220 

Converging Before Rutherford Scattering [  8.6700587    3.00989412  -0.24706647  -0.44163705  -1.33474828
  -3.7646378   -1.91246609  -9.41278373 -10.22072138 -15.51638555]_[ 6.98376185  8.41543632  9.84694256 14.878045   18.74092682 14.87505921
 17.08902233 15.9442562  19.55171247 22.81417339] 

Minimum Distance Within Rutherford Scattering 4.2 

Converging After Rutherford Scattering [  9.18919605   3.5448907   -0.61883487   0.68024312  -0.63968298
  -4.65426907  -2.20650808  -9.97864317 -10.53602875 -15.95085648]_[ 6.76124278  7.89139042  9.24749985 14.46117838 20.55590679 14.16457708
 17.37367662 15.45013484 20.13602956 23.09769983] 

drones next lat [48.33589755 48.33590727 48.33591914 48.33596615 48.33602087 48.33596306
 48.33599212 48.3359742  48.33601631 48.33604253] drones next lon [14.32676718 14.32669089 14.32663455 14.32665147 14.32663293 14.32657952
 14.32661217 14.32650753 14.32649946 14.32642605] 
WayPoint_Count 115 

Leader Index 4 

Leader Contour 418.0 

Contour Threshold 220 

Converging Before Rutherford Scattering [  7.36059275   3.15030303  -0.13521303  -0.07967899  -1.52183648
  -2.89483452  -0.60563769  -8.55462039  -9.34018299 -13.33688389]_[ 9.13419996  8.81790673 12.12072604 17.35751255 20.0849448  15.13978413
 18.4713315  15.46585832 19.62396332 23.53772635] 

Minimum Distance Within Rutherford Scattering 4.2 

Converging After Rutherford Scattering [  8.11727835   3.24824984  -0.1064643    1.36327352  -2.16559214
  -3.58259499  -0.15990079  -9.1592239   -9.7155872  -13.79743059]_[ 8.95655981  8.12190865 11.43106686 16.37105733 21.97525409 14.71576936
 19.32226251 14.94214643 19.99153309 23.92639558] 

drones next lat [48.33591722 48.33590932 48.33593883 48.33598338 48.33603352 48.3359681
 48.33600981 48.3359697  48.33601508 48.33605015] drones next lon [14.32675246 14.32668686 14.32664121 14.32666045 14.32661218 14.32659392
 14.32663955 14.32651865 14.32651054 14.326455  ] 
WayPoint_Count 116 

Leader Index 4 

Leader Contour 324.5 

Contour Threshold 220 

Converging Before Rutherford Scattering [  7.22249188   2.17899336  -0.69362593  -0.49930392  -1.1699868
  -3.09210438  -1.75310894  -6.75071958  -8.55384336 -11.94077334]_[11.4646853   9.04475248 14.37299363 17.45935361 22.06890236 17.67294713
 19.99560101 16.30164703 19.86488122 24.58880934] 

Minimum Distance Within Rutherford Scattering 4.2 

Converging After Rutherford Scattering [  7.82441849   2.26850573  -0.52442528   0.91241961  -0.57573788
  -3.8205564   -1.7865235   -7.66683813  -9.28262549 -12.40061817]_[11.34968397  8.35157049 13.26455239 17.37209691 23.86632703 17.26925029
 20.60957717 15.49778146 20.21931099 25.0344224 ] 

drones next lat [48.33593872 48.33591131 48.33595529 48.33599235 48.33605066 48.33599106
 48.33602127 48.33597482 48.33601716 48.33606023] drones next lon [14.32674823 14.32667362 14.32663535 14.32665425 14.3266334  14.32659041
 14.32661745 14.32653872 14.32651636 14.32647372] 
WayPoint_Count 117 

Leader Index 5 

Leader Contour 310.0 

Contour Threshold 220 

Converging Before Rutherford Scattering [  6.33964705   0.14147276  -0.95358365  -1.15231843  -0.76154144
  -2.83789497  -2.23247553  -6.51697767  -6.54920655 -10.3804029 ]_[13.21051698 10.04214994 15.34850699 16.33077601 21.35451002 17.45465934
 19.70564976 15.58914227 19.49679132 22.84901407] 

Minimum Distance Within Rutherford Scattering 4.2 

Converging After Rutherford Scattering [  7.02553508   0.29254699  -0.44997734   0.285251     0.43670207
  -3.81922312  -2.47386031  -7.60187959  -7.51465961 -11.08371653]_[13.04543384  9.02048351 13.42177502 16.97723347 22.92022164 17.07017384
 20.80812234 14.68013313 20.03892564 23.39921426] 

drones next lat [48.33595391 48.33591717 48.33595671 48.33598875 48.33604223 48.33598926
 48.336023   48.33596746 48.33601568 48.33604563] drones next lon [14.32673725 14.32664688 14.32663634 14.32664584 14.32664718 14.32659045
 14.32660816 14.32653969 14.32654023 14.32649168] 
WayPoint_Count 118 

Leader Index 3 

Leader Contour 222.5 

Contour Threshold 220 

Converging Before Rutherford Scattering [ 4.58218454  0.17368991  0.20221922 -0.63017433  1.22024881 -0.93850848
 -2.30412093 -6.1878635  -6.43910219 -8.38734476]_[14.75148617 10.02735348 16.34930531 17.3797213  21.47188145 16.55220511
 19.14312307 16.10180558 18.69011841 22.71220843] 

Minimum Distance Within Rutherford Scattering 4.2 

Converging After Rutherford Scattering [ 5.84866624  0.23721113  1.88233504  0.20012834  2.03922479 -2.19068135
 -3.04791328 -7.14087278 -7.4641716  -9.07269824]_[14.37708011  9.07686086 15.28764257 18.63907619 22.6938863  14.94509729
 20.48766649 14.98378453 19.15411774 23.53399622] 

drones next lat [48.3359658  48.33591768 48.33597368 48.3360037  48.33604032 48.33597028
 48.33602007 48.33597023 48.33600772 48.336047  ] drones next lon [14.32672121 14.32664613 14.32666759 14.32664449 14.32666883 14.32661267
 14.32660045 14.32654588 14.32654102 14.3265188 ] 
WayPoint_Count 119 

Leader Index 4 

Leader Contour 50.5 

Contour Threshold 220 

Previous Drone Positions [ 5.84866624  0.23721113  1.88233504  0.20012834  2.03922479 -2.19068135
 -3.04791328 -7.14087278 -7.4641716  -9.07269824]_[14.37708011  9.07686086 15.28764257 18.63907619 22.6938863  14.94509729
 20.48766649 14.98378453 19.15411774 23.53399622] 

Mean Previous Drone Positions [-1.87087717 -1.87087717 -1.87087717 -1.87087717 -1.87087717 -1.87087717
 -1.87087717 -1.87087717 -1.87087717 -1.87087717]_[17.31792083 17.31792083 17.31792083 17.31792083 17.31792083 17.31792083
 17.31792083 17.31792083 17.31792083 17.31792083] 

relative Drone Positions [-11.9730462   -9.31236927  -6.65169233  -3.9910154   -1.33033847
   1.33033847   3.9910154    6.65169233   9.31236927  11.9730462 ]_[-14.62382182 -11.37408364  -8.12434546  -4.87460727  -1.62486909
   1.62486909   4.87460727   8.12434546  11.37408364  14.62382182] 

current starting Drone Positions [-13.84392337 -11.18324644  -8.5225695   -5.86189257  -3.20121564
  -0.5405387    2.12013823   4.78081516   7.4414921   10.10216903]_[ 2.69409901  5.94383719  9.19357537 12.44331356 15.69305174 18.94278992
 22.1925281  25.44226629 28.69200447 31.94174265] 

scanning direction vector [0.7023708 0.7023708 0.7023708 0.7023708 0.7023708 0.7023708 0.7023708
 0.7023708 0.7023708 0.7023708]_[-0.57505611 -0.57505611 -0.57505611 -0.57505611 -0.57505611 -0.57505611
 -0.57505611 -0.57505611 -0.57505611 -0.57505611] 

changing back speed 0.3 

velocity vector [-5.20540608 -2.72376647 -2.41910056 -1.11623547 -0.86976132  1.1974136
  2.25278626  4.27887719  5.17406991  6.45483099]_[-4.07995044 -1.51496321 -2.40327627 -2.4337849  -2.67530648  0.62425168
 -0.06359763  2.56248842  2.28630991  1.94726782] 

Moving Straight [ 0.64326016 -2.48655533 -0.53676552 -0.91610713  1.16946347 -0.99326775
 -0.79512702 -2.86199559 -2.29010169 -2.61786725]_[10.29712967  7.56189765 12.8843663  16.20529129 20.01857982 15.56934897
 20.42406887 17.54627295 21.44042765 25.48126404] 

drones next lat [48.33592869 48.33590383 48.33595187 48.33598171 48.33601618 48.33597599
 48.33601968 48.33599362 48.3360287  48.33606503] drones next lon [14.32665146 14.32660955 14.32663523 14.32662972 14.32665741 14.32662875
 14.32663085 14.32660331 14.32661056 14.32660566] 
WayPoint_Count 120 

Leader Index 1 

Leader Contour 210.5 

Contour Threshold 220 

Previous Drone Positions [ 0.64326016 -2.48655533 -0.53676552 -0.91610713  1.16946347 -0.99326775
 -0.79512702 -2.86199559 -2.29010169 -2.61786725]_[10.29712967  7.56189765 12.8843663  16.20529129 20.01857982 15.56934897
 20.42406887 17.54627295 21.44042765 25.48126404] 

Mean Previous Drone Positions [-1.16850637 -1.16850637 -1.16850637 -1.16850637 -1.16850637 -1.16850637
 -1.16850637 -1.16850637 -1.16850637 -1.16850637]_[16.74286472 16.74286472 16.74286472 16.74286472 16.74286472 16.74286472
 16.74286472 16.74286472 16.74286472 16.74286472] 

relative Drone Positions [-11.9730462   -9.31236927  -6.65169233  -3.9910154   -1.33033847
   1.33033847   3.9910154    6.65169233   9.31236927  11.9730462 ]_[-14.62382182 -11.37408364  -8.12434546  -4.87460727  -1.62486909
   1.62486909   4.87460727   8.12434546  11.37408364  14.62382182] 

current starting Drone Positions [-13.14155257 -10.48087563  -7.8201987   -5.15952177  -2.49884483
   0.1618321    2.82250903   5.48318597   8.1438629   10.80453983]_[ 2.1190429   5.36878108  8.61851926 11.86825745 15.11799563 18.36773381
 21.61747199 24.86721018 28.11694836 31.36668654] 

scanning direction vector [0.7023708 0.7023708 0.7023708 0.7023708 0.7023708 0.7023708 0.7023708
 0.7023708 0.7023708 0.7023708]_[-0.57505611 -0.57505611 -0.57505611 -0.57505611 -0.57505611 -0.57505611
 -0.57505611 -0.57505611 -0.57505611 -0.57505611] 

changing back speed 0.3 

velocity vector [-3.43307301 -1.69592529 -1.48265915 -0.57065359 -0.39812169  1.04890076
  1.78766162  3.20592527  3.83256018  4.72909293]_[-3.02848214 -1.23299108 -1.85481022 -1.87616626 -2.04523137  0.26445934
 -0.21703517  1.62122506  1.4279001   1.19057064] 

Moving Straight [-2.78981285 -4.18248062 -2.01942467 -1.48676072  0.77134178  0.05563301
  0.9925346   0.34392968  1.54245849  2.11122568]_[ 7.26864753  6.32890657 11.02955608 14.32912503 17.97334845 15.83380831
 20.2070337  19.16749801 22.86832775 26.67183468] 

drones next lat [48.33590117 48.33589261 48.33593506 48.33596479 48.33599775 48.33597845
 48.33601786 48.33600846 48.33604185 48.33607611] drones next lon [14.3266055  14.32658682 14.32661545 14.32662224 14.32665228 14.32664287
 14.326655   14.32664637 14.3266621  14.32666933] 
WayPoint_Count 121 

Leader Index 5 

Leader Contour 88.0 

Contour Threshold 220 

Previous Drone Positions [-2.78981285 -4.18248062 -2.01942467 -1.48676072  0.77134178  0.05563301
  0.9925346   0.34392968  1.54245849  2.11122568]_[ 7.26864753  6.32890657 11.02955608 14.32912503 17.97334845 15.83380831
 20.2070337  19.16749801 22.86832775 26.67183468] 

Mean Previous Drone Positions [-0.46613556 -0.46613556 -0.46613556 -0.46613556 -0.46613556 -0.46613556
 -0.46613556 -0.46613556 -0.46613556 -0.46613556]_[16.16780861 16.16780861 16.16780861 16.16780861 16.16780861 16.16780861
 16.16780861 16.16780861 16.16780861 16.16780861] 

relative Drone Positions [-11.9730462   -9.31236927  -6.65169233  -3.9910154   -1.33033847
   1.33033847   3.9910154    6.65169233   9.31236927  11.9730462 ]_[-14.62382182 -11.37408364  -8.12434546  -4.87460727  -1.62486909
   1.62486909   4.87460727   8.12434546  11.37408364  14.62382182] 

current starting Drone Positions [-12.43918176  -9.77850483  -7.1178279   -4.45715096  -1.79647403
   0.8642029    3.52487984   6.18555677   8.84623371  11.50691064]_[ 1.54398679  4.79372497  8.04346315 11.29320134 14.54293952 17.7926777
 21.04241588 24.29215407 27.54189225 30.79163043] 

scanning direction vector [0.7023708 0.7023708 0.7023708 0.7023708 0.7023708 0.7023708 0.7023708
 0.7023708 0.7023708 0.7023708]_[-0.57505611 -0.57505611 -0.57505611 -0.57505611 -0.57505611 -0.57505611
 -0.57505611 -0.57505611 -0.57505611 -0.57505611] 

changing back speed 0.3 

velocity vector [-2.19243987 -0.97643646 -0.82715016 -0.18874627 -0.06797394  0.94494177
  1.46207438  2.45485893  2.89350337  3.52107629]_[-2.29245433 -1.03561059 -1.47088399 -1.48583322 -1.60417879  0.01260471
 -0.32444145  0.96234071  0.82701324  0.66088261] 

Moving Straight [-4.98225272 -5.15891708 -2.84657483 -1.67550699  0.70336784  1.00057478
  2.45460897  2.79878861  4.43596186  5.63230197]_[ 4.9761932   5.29329598  9.55867209 12.84329181 16.36916966 15.84641302
 19.88259224 20.12983871 23.69534099 27.3327173 ] 

drones next lat [48.33588037 48.33588321 48.33592177 48.33595141 48.33598332 48.33597864
 48.33601506 48.33601731 48.33604952 48.33608233] drones next lon [14.32657619 14.32657377 14.32660446 14.32661987 14.32665155 14.32665562
 14.32667476 14.32667938 14.32670105 14.32671676] 
WayPoint_Count 122 

Leader Index 4 

Leader Contour 108.0 

Contour Threshold 220 

Previous Drone Positions [-4.98225272 -5.15891708 -2.84657483 -1.67550699  0.70336784  1.00057478
  2.45460897  2.79878861  4.43596186  5.63230197]_[ 4.9761932   5.29329598  9.55867209 12.84329181 16.36916966 15.84641302
 19.88259224 20.12983871 23.69534099 27.3327173 ] 

Mean Previous Drone Positions [0.23623524 0.23623524 0.23623524 0.23623524 0.23623524 0.23623524
 0.23623524 0.23623524 0.23623524 0.23623524]_[15.5927525 15.5927525 15.5927525 15.5927525 15.5927525 15.5927525
 15.5927525 15.5927525 15.5927525 15.5927525] 

relative Drone Positions [-11.9730462   -9.31236927  -6.65169233  -3.9910154   -1.33033847
   1.33033847   3.9910154    6.65169233   9.31236927  11.9730462 ]_[-14.62382182 -11.37408364  -8.12434546  -4.87460727  -1.62486909
   1.62486909   4.87460727   8.12434546  11.37408364  14.62382182] 

current starting Drone Positions [-11.73681096  -9.07613402  -6.41545709  -3.75478016  -1.09410322
   1.56657371   4.22725064   6.88792758   9.54860451  12.20928144]_[ 0.96893068  4.21866886  7.46840704 10.71814523 13.96788341 17.21762159
 20.46735977 23.71709796 26.96683614 30.21657432] 

scanning direction vector [0.7023708 0.7023708 0.7023708 0.7023708 0.7023708 0.7023708 0.7023708
 0.7023708 0.7023708 0.7023708]_[-0.57505611 -0.57505611 -0.57505611 -0.57505611 -0.57505611 -0.57505611
 -0.57505611 -0.57505611 -0.57505611 -0.57505611] 

changing back speed 0.3 

velocity vector [-1.32399667 -0.47279428 -0.36829387  0.07858885  0.16312948  0.87217048
  1.2341633   1.92911249  2.2361636   2.67546465]_[-1.77723487 -0.89744425 -1.20213562 -1.21260009 -1.29544199 -0.16369354
 -0.39962585  0.50112166  0.40639243  0.290101  ] 

Moving Straight [-6.30624939 -5.63171136 -3.21486871 -1.59691813  0.86649733  1.87274526
  3.68877228  4.72790111  6.67212546  8.30776662]_[ 3.19895833  4.39585173  8.35653647 11.63069172 15.07372768 15.68271948
 19.48296639 20.63096038 24.10173343 27.6228183 ] 

drones next lat [48.33586428 48.3358751  48.33591092 48.33594051 48.33597167 48.33597723
 48.33601156 48.33602197 48.33605335 48.33608515] drones next lon [14.32655853 14.32656749 14.32659963 14.32662108 14.32665391 14.32666741
 14.32669146 14.32670535 14.32673117 14.32675282] 
WayPoint_Count 123 

Leader Index 4 

Leader Contour 80.5 

Contour Threshold 220 

Previous Drone Positions [-6.30624939 -5.63171136 -3.21486871 -1.59691813  0.86649733  1.87274526
  3.68877228  4.72790111  6.67212546  8.30776662]_[ 3.19895833  4.39585173  8.35653647 11.63069172 15.07372768 15.68271948
 19.48296639 20.63096038 24.10173343 27.6228183 ] 

Mean Previous Drone Positions [0.93860605 0.93860605 0.93860605 0.93860605 0.93860605 0.93860605
 0.93860605 0.93860605 0.93860605 0.93860605]_[15.01769639 15.01769639 15.01769639 15.01769639 15.01769639 15.01769639
 15.01769639 15.01769639 15.01769639 15.01769639] 

relative Drone Positions [-11.9730462   -9.31236927  -6.65169233  -3.9910154   -1.33033847
   1.33033847   3.9910154    6.65169233   9.31236927  11.9730462 ]_[-14.62382182 -11.37408364  -8.12434546  -4.87460727  -1.62486909
   1.62486909   4.87460727   8.12434546  11.37408364  14.62382182] 

current starting Drone Positions [-11.03444015  -8.37376322  -5.71308629  -3.05240935  -0.39173242
   2.26894451   4.92962145   7.59029838  10.25097531  12.91165225]_[ 0.39387457  3.64361275  6.89335093 10.14308912 13.3928273  16.64256548
 19.89230366 23.14204185 26.39178003 29.64151821] 

scanning direction vector [0.7023708 0.7023708 0.7023708 0.7023708 0.7023708 0.7023708 0.7023708
 0.7023708 0.7023708 0.7023708]_[-0.57505611 -0.57505611 -0.57505611 -0.57505611 -0.57505611 -0.57505611
 -0.57505611 -0.57505611 -0.57505611 -0.57505611] 

changing back speed 0.3 

velocity vector [-0.71608643 -0.12024475 -0.04709447  0.26572344  0.32490188  0.82123058
  1.07462555  1.56108999  1.77602576  2.08353649]_[-1.41658124 -0.8007278  -1.01401177 -1.02133689 -1.07932622 -0.28710231
 -0.45225493  0.17826833  0.11195787  0.03055387] 

Moving Straight [-7.02233581 -5.75195611 -3.26196318 -1.33119469  1.19139921  2.69397584
  4.76339783  6.28899109  8.44815122 10.39130311]_[ 1.78237709  3.59512393  7.3425247  10.60935483 13.99440145 15.39561717
 19.03071146 20.80922871 24.2136913  27.65337216] 

drones next lat [48.33585148 48.33586789 48.3359018  48.33593134 48.33596199 48.33597471
 48.33600758 48.3360237  48.3360545  48.33608559] drones next lon [14.32654904 14.32656597 14.32659912 14.32662478 14.32665842 14.32667852
 14.32670602 14.32672639 14.32675512 14.32678093] 
WayPoint_Count 124 

Leader Index 5 

Leader Contour 98.0 

Contour Threshold 220 

Previous Drone Positions [-7.02233581 -5.75195611 -3.26196318 -1.33119469  1.19139921  2.69397584
  4.76339783  6.28899109  8.44815122 10.39130311]_[ 1.78237709  3.59512393  7.3425247  10.60935483 13.99440145 15.39561717
 19.03071146 20.80922871 24.2136913  27.65337216] 

Mean Previous Drone Positions [1.64097685 1.64097685 1.64097685 1.64097685 1.64097685 1.64097685
 1.64097685 1.64097685 1.64097685 1.64097685]_[14.44264028 14.44264028 14.44264028 14.44264028 14.44264028 14.44264028
 14.44264028 14.44264028 14.44264028 14.44264028] 

relative Drone Positions [-11.9730462   -9.31236927  -6.65169233  -3.9910154   -1.33033847
   1.33033847   3.9910154    6.65169233   9.31236927  11.9730462 ]_[-14.62382182 -11.37408364  -8.12434546  -4.87460727  -1.62486909
   1.62486909   4.87460727   8.12434546  11.37408364  14.62382182] 

current starting Drone Positions [-10.33206935  -7.67139242  -5.01071548  -2.35003855   0.31063838
   2.97131532   5.63199225   8.29266919  10.95334612  13.61402305]_[-0.18118154  3.06855664  6.31829482  9.56803301 12.81777119 16.06750937
 19.31724755 22.56698574 25.81672392 29.0664621 ] 

scanning direction vector [0.7023708 0.7023708 0.7023708 0.7023708 0.7023708 0.7023708 0.7023708
 0.7023708 0.7023708 0.7023708]_[-0.57505611 -0.57505611 -0.57505611 -0.57505611 -0.57505611 -0.57505611
 -0.57505611 -0.57505611 -0.57505611 -0.57505611] 

changing back speed 0.3 

velocity vector [-0.29054926  0.12653991  0.17774511  0.39671765  0.43814256  0.78557265
  0.96294913  1.30347423  1.45392927  1.66918679]_[-1.1641237  -0.7330263  -0.88232507 -0.88745266 -0.92804519 -0.37348845
 -0.48909528 -0.047729   -0.09414632 -0.15112913] 

Moving Straight [-7.31288507 -5.6254162  -3.08421806 -0.93447705  1.62954177  3.47954849
  5.72634696  7.59246533  9.90208049 12.0604899 ]_[ 0.61825339  2.86209763  6.46019962  9.72190217 13.06635626 15.02212872
 18.54161618 20.76149971 24.11954497 27.50224303] 

drones next lat [48.33584099 48.33586131 48.33589387 48.33592339 48.33595368 48.33597142
 48.33600326 48.33602337 48.33605376 48.33608437] drones next lon [14.32654526 14.32656776 14.32660162 14.32663024 14.32666444 14.32668917
 14.32671907 14.32674398 14.32677475 14.32680347] 
WayPoint_Count 125 

Leader Index 4 

Leader Contour 61.0 

Contour Threshold 220 

Previous Drone Positions [-7.31288507 -5.6254162  -3.08421806 -0.93447705  1.62954177  3.47954849
  5.72634696  7.59246533  9.90208049 12.0604899 ]_[ 0.61825339  2.86209763  6.46019962  9.72190217 13.06635626 15.02212872
 18.54161618 20.76149971 24.11954497 27.50224303] 

Mean Previous Drone Positions [2.34334766 2.34334766 2.34334766 2.34334766 2.34334766 2.34334766
 2.34334766 2.34334766 2.34334766 2.34334766]_[13.86758417 13.86758417 13.86758417 13.86758417 13.86758417 13.86758417
 13.86758417 13.86758417 13.86758417 13.86758417] 

relative Drone Positions [-11.9730462   -9.31236927  -6.65169233  -3.9910154   -1.33033847
   1.33033847   3.9910154    6.65169233   9.31236927  11.9730462 ]_[-14.62382182 -11.37408364  -8.12434546  -4.87460727  -1.62486909
   1.62486909   4.87460727   8.12434546  11.37408364  14.62382182] 

current starting Drone Positions [-9.62969854 -6.96902161 -4.30834468 -1.64766774  1.01300919  3.67368612
  6.33436306  8.99503999 11.65571692 14.31639386]_[-0.75623765  2.49350053  5.74323871  8.9929769  12.24271508 15.49245326
 18.74219144 21.99192963 25.24166781 28.49140599] 

scanning direction vector [0.7023708 0.7023708 0.7023708 0.7023708 0.7023708 0.7023708 0.7023708
 0.7023708 0.7023708 0.7023708]_[-0.57505611 -0.57505611 -0.57505611 -0.57505611 -0.57505611 -0.57505611
 -0.57505611 -0.57505611 -0.57505611 -0.57505611] 

changing back speed 0.3 

velocity vector [0.00732676 0.29928918 0.33513282 0.4884136  0.51741103 0.76061209
 0.88477563 1.1231432  1.22846173 1.37914199]_[-0.98740342 -0.68563524 -0.79014438 -0.79373369 -0.82214847 -0.43395875
 -0.51488353 -0.20592713 -0.23841926 -0.27830722] 

Moving Straight [-7.30555831 -5.32612702 -2.74908524 -0.44606345  2.1469528   4.24016058
  6.6111226   8.71560853 11.13054223 13.43963189]_[-0.36915003  2.17646239  5.67005524  8.92816848 12.2442078  14.58816997
 18.02673265 20.55557257 23.88112571 27.22393581] 

drones next lat [48.3358321  48.33585516 48.33588679 48.33591629 48.33594632 48.33596757
 48.33599869 48.33602161 48.33605172 48.33608197] drones next lon [14.32654547 14.32657188 14.32660624 14.32663692 14.32667152 14.32669948
 14.32673107 14.32675916 14.32679135 14.32682211] 
WayPoint_Count 126 

Leader Index 4 

Leader Contour 47.0 

Contour Threshold 220 

Previous Drone Positions [-7.30555831 -5.32612702 -2.74908524 -0.44606345  2.1469528   4.24016058
  6.6111226   8.71560853 11.13054223 13.43963189]_[-0.36915003  2.17646239  5.67005524  8.92816848 12.2442078  14.58816997
 18.02673265 20.55557257 23.88112571 27.22393581] 

Mean Previous Drone Positions [3.04571846 3.04571846 3.04571846 3.04571846 3.04571846 3.04571846
 3.04571846 3.04571846 3.04571846 3.04571846]_[13.29252806 13.29252806 13.29252806 13.29252806 13.29252806 13.29252806
 13.29252806 13.29252806 13.29252806 13.29252806] 

relative Drone Positions [-11.9730462   -9.31236927  -6.65169233  -3.9910154   -1.33033847
   1.33033847   3.9910154    6.65169233   9.31236927  11.9730462 ]_[-14.62382182 -11.37408364  -8.12434546  -4.87460727  -1.62486909
   1.62486909   4.87460727   8.12434546  11.37408364  14.62382182] 

current starting Drone Positions [-8.92732774 -6.26665081 -3.60597387 -0.94529694  1.71537999  4.37605693
  7.03673386  9.69741079 12.35808773 15.01876466]_[-1.33129376  1.91844442  5.1681826   8.41792079 11.66765897 14.91739715
 18.16713533 21.41687352 24.6666117  27.91634988] 

scanning direction vector [0.7023708 0.7023708 0.7023708 0.7023708 0.7023708 0.7023708 0.7023708
 0.7023708 0.7023708 0.7023708]_[-0.57505611 -0.57505611 -0.57505611 -0.57505611 -0.57505611 -0.57505611
 -0.57505611 -0.57505611 -0.57505611 -0.57505611] 

changing back speed 0.3 

velocity vector [0.21583997 0.42021367 0.44530422 0.55260076 0.57289896 0.74313971
 0.83005418 0.99691148 1.07063445 1.17611064]_[-0.86369923 -0.6524615  -0.7256179  -0.72813042 -0.74802076 -0.47628796
 -0.5329353  -0.31666583 -0.33941031 -0.36733189] 

Moving Straight [-7.08971833 -4.90591335 -2.30378103  0.10653731  2.71985176  4.98330029
  7.44117678  9.71252001 12.20117668 14.61574253]_[-1.23284926  1.52400089  4.94443734  8.20003806 11.49618704 14.11188202
 17.49379734 20.23890675 23.5417154  26.85660392] 

drones next lat [48.33582435 48.33584932 48.3358803  48.33590978 48.33593964 48.33596335
 48.33599396 48.33601884 48.33604875 48.33607876] drones next lon [14.32654849 14.32657763 14.32661233 14.32664447 14.32667934 14.32670957
 14.32674233 14.32677265 14.32680584 14.32683802] 
WayPoint_Count 127 

Leader Index 3 

Leader Contour 61.0 

Contour Threshold 220 

Previous Drone Positions [-7.08971833 -4.90591335 -2.30378103  0.10653731  2.71985176  4.98330029
  7.44117678  9.71252001 12.20117668 14.61574253]_[-1.23284926  1.52400089  4.94443734  8.20003806 11.49618704 14.11188202
 17.49379734 20.23890675 23.5417154  26.85660392] 

Mean Previous Drone Positions [3.74808927 3.74808927 3.74808927 3.74808927 3.74808927 3.74808927
 3.74808927 3.74808927 3.74808927 3.74808927]_[12.71747195 12.71747195 12.71747195 12.71747195 12.71747195 12.71747195
 12.71747195 12.71747195 12.71747195 12.71747195] 

relative Drone Positions [-11.9730462   -9.31236927  -6.65169233  -3.9910154   -1.33033847
   1.33033847   3.9910154    6.65169233   9.31236927  11.9730462 ]_[-14.62382182 -11.37408364  -8.12434546  -4.87460727  -1.62486909
   1.62486909   4.87460727   8.12434546  11.37408364  14.62382182] 

current starting Drone Positions [-8.22495694 -5.56428    -2.90360307 -0.24292614  2.4177508   5.07842773
  7.73910467 10.3997816  13.06045853 15.72113547]_[-1.90634987  1.34338831  4.59312649  7.84286468 11.09260286 14.34234104
 17.59207922 20.84181741 24.09155559 27.34129377] 

scanning direction vector [0.7023708 0.7023708 0.7023708 0.7023708 0.7023708 0.7023708 0.7023708
 0.7023708 0.7023708 0.7023708]_[-0.57505611 -0.57505611 -0.57505611 -0.57505611 -0.57505611 -0.57505611
 -0.57505611 -0.57505611 -0.57505611 -0.57505611] 

changing back speed 0.3 

velocity vector [0.36179922 0.50486081 0.52242419 0.59753177 0.61174052 0.73090904
 0.79174917 0.90854928 0.96015536 1.03398869]_[-0.77710629 -0.62923988 -0.68044936 -0.68220813 -0.69613136 -0.5059184
 -0.54557155 -0.39418291 -0.41010405 -0.42964916] 

Moving Straight [-6.72791911 -4.40105254 -1.78135684  0.70406908  3.33159228  5.71420933
  8.23292595 10.62106929 13.16133204 15.64973121]_[-2.00995555  0.89476101  4.26398798  7.51782994 10.80005568 13.60596361
 16.9482258  19.84472383 23.13161135 26.42695477] 

drones next lat [48.33581739 48.3358437  48.33587422 48.33590369 48.33593342 48.33595885
 48.33598912 48.33601536 48.33604513 48.33607498] drones next lon [14.32655346 14.32658451 14.32661946 14.32665261 14.32668767 14.32671949
 14.32675308 14.32678495 14.32681884 14.32685202] 
WayPoint_Count 128 

Leader Index 3 

Leader Contour 72.5 

Contour Threshold 220 

Previous Drone Positions [-6.72791911 -4.40105254 -1.78135684  0.70406908  3.33159228  5.71420933
  8.23292595 10.62106929 13.16133204 15.64973121]_[-2.00995555  0.89476101  4.26398798  7.51782994 10.80005568 13.60596361
 16.9482258  19.84472383 23.13161135 26.42695477] 

Mean Previous Drone Positions [4.45046007 4.45046007 4.45046007 4.45046007 4.45046007 4.45046007
 4.45046007 4.45046007 4.45046007 4.45046007]_[12.14241584 12.14241584 12.14241584 12.14241584 12.14241584 12.14241584
 12.14241584 12.14241584 12.14241584 12.14241584] 

relative Drone Positions [-11.9730462   -9.31236927  -6.65169233  -3.9910154   -1.33033847
   1.33033847   3.9910154    6.65169233   9.31236927  11.9730462 ]_[-14.62382182 -11.37408364  -8.12434546  -4.87460727  -1.62486909
   1.62486909   4.87460727   8.12434546  11.37408364  14.62382182] 

current starting Drone Positions [-7.52258613 -4.8619092  -2.20123226  0.45944467  3.1201216   5.78079854
  8.44147547 11.1021524  13.76282934 16.42350627]_[-2.48140598  0.7683322   4.01807038  7.26780857 10.51754675 13.76728493
 17.01702311 20.2667613  23.51649948 26.76623766] 

scanning direction vector [0.7023708 0.7023708 0.7023708 0.7023708 0.7023708 0.7023708 0.7023708
 0.7023708 0.7023708 0.7023708]_[-0.57505611 -0.57505611 -0.57505611 -0.57505611 -0.57505611 -0.57505611
 -0.57505611 -0.57505611 -0.57505611 -0.57505611] 

changing back speed 0.3 

velocity vector [0.4639707  0.56411381 0.57640818 0.62898348 0.6389296  0.72234757
 0.76493566 0.84669574 0.88281999 0.93450332]_[-0.71649124 -0.61298475 -0.64883139 -0.65006252 -0.65980879 -0.52665971
 -0.55441692 -0.44844487 -0.45958967 -0.47327124] 

Moving Straight [-6.26394841 -3.83693873 -1.20494866  1.33305256  3.97052188  6.4365569
  8.99786161 11.46776503 14.04415203 16.58423453]_[-2.72644679  0.28177625  3.61515659  6.86776742 10.14024689 13.0793039
 16.39380888 19.39627896 22.67202168 25.95368353] 

drones next lat [48.33581098 48.33583823 48.33586843 48.33589789 48.33592754 48.33595417
 48.33598419 48.3360114  48.33604107 48.33607079] drones next lon [14.32655981 14.3265922  14.32662731 14.32666117 14.32669637 14.3267293
 14.32676346 14.32679643 14.32683081 14.32686469] 
WayPoint_Count 129 

Leader Index 3 

Leader Contour 80.0 

Contour Threshold 220 

Previous Drone Positions [-6.26394841 -3.83693873 -1.20494866  1.33305256  3.97052188  6.4365569
  8.99786161 11.46776503 14.04415203 16.58423453]_[-2.72644679  0.28177625  3.61515659  6.86776742 10.14024689 13.0793039
 16.39380888 19.39627896 22.67202168 25.95368353] 

Mean Previous Drone Positions [5.15283087 5.15283087 5.15283087 5.15283087 5.15283087 5.15283087
 5.15283087 5.15283087 5.15283087 5.15283087]_[11.56735973 11.56735973 11.56735973 11.56735973 11.56735973 11.56735973
 11.56735973 11.56735973 11.56735973 11.56735973] 

relative Drone Positions [-11.9730462   -9.31236927  -6.65169233  -3.9910154   -1.33033847
   1.33033847   3.9910154    6.65169233   9.31236927  11.9730462 ]_[-14.62382182 -11.37408364  -8.12434546  -4.87460727  -1.62486909
   1.62486909   4.87460727   8.12434546  11.37408364  14.62382182] 

current starting Drone Positions [-6.82021533 -4.15953839 -1.49886146  1.16181547  3.82249241  6.48316934
  9.14384627 11.80452321 14.46520014 17.12587707]_[-3.05646209  0.19327609  3.44301427  6.69275246  9.94249064 13.19222882
 16.441967   19.69170519 22.94144337 26.19118155] 

scanning direction vector [0.7023708 0.7023708 0.7023708 0.7023708 0.7023708 0.7023708 0.7023708
 0.7023708 0.7023708 0.7023708]_[-0.57505611 -0.57505611 -0.57505611 -0.57505611 -0.57505611 -0.57505611
 -0.57505611 -0.57505611 -0.57505611 -0.57505611] 

changing back speed 0.3 

velocity vector [0.53549073 0.60559091 0.61419696 0.65099968 0.65796196 0.71635454
 0.7461662  0.80339826 0.82868524 0.86486357]_[-0.6740607  -0.60160616 -0.6266988  -0.6275606  -0.63438298 -0.54117863
 -0.56060867 -0.48642824 -0.4942296  -0.5038067 ] 

Moving Straight [-5.72845768 -3.23134783 -0.59075169  1.98405224  4.62848384  7.15291143
  9.74402781 12.27116329 14.87283727 17.4490981 ]_[-3.40050749 -0.3198299   2.98845778  6.24020682  9.5058639  12.53812527
 15.83320021 18.90985072 22.17779207 25.44987682] 

drones next lat [48.33580496 48.33583287 48.33586284 48.3358923  48.33592188 48.33594936
 48.33597921 48.33600708 48.33603669 48.33606633] drones next lon [14.32656711 14.32660044 14.32663568 14.32667003 14.32670532 14.32673903
 14.3267736  14.32680733 14.32684205 14.32687642] 
WayPoint_Count 130 

Leader Index 4 

Leader Contour 231.5 

Contour Threshold 220 

Converging Before Rutherford Scattering [-3.55675466 -1.8201221   1.53042713  4.08495044  5.42693993  5.81772846
  7.49394852 10.12860669 12.93184875 15.24024183]_[-2.23264353  2.22877003  5.04083423  8.33356447 10.10791695 11.99952634
 14.3988497  17.83056322 19.89263276 23.5965036 ] 

Minimum Distance Within Rutherford Scattering 4.2 

Converging After Rutherford Scattering [-3.84150582 -2.29343056  1.3268341   3.47611736  6.26951546  5.22072062
  7.89087325 10.06792849 13.49212422 15.66863789]_[-2.8066755   2.03674108  4.55812216  7.60514844  9.47154828 12.81902234
 14.98831256 18.16330329 20.1354189  24.22557621] 

drones next lat [48.33581045 48.33585414 48.33587711 48.33590469 48.3359217  48.33595173
 48.33597146 48.3360002  48.33601821 48.33605517] drones next lon [14.3265925  14.32661281 14.32666136 14.32669    14.32672747 14.32671292
 14.32674869 14.32677769 14.32682366 14.32685254] 
WayPoint_Count 131 

Leader Index 4 

Leader Contour 210.0 

Contour Threshold 220 

Previous Drone Positions [-3.84150582 -2.29343056  1.3268341   3.47611736  6.26951546  5.22072062
  7.89087325 10.06792849 13.49212422 15.66863789]_[-2.8066755   2.03674108  4.55812216  7.60514844  9.47154828 12.81902234
 14.98831256 18.16330329 20.1354189  24.22557621] 

Mean Previous Drone Positions [5.7277815 5.7277815 5.7277815 5.7277815 5.7277815 5.7277815 5.7277815
 5.7277815 5.7277815 5.7277815]_[11.11965178 11.11965178 11.11965178 11.11965178 11.11965178 11.11965178
 11.11965178 11.11965178 11.11965178 11.11965178] 

relative Drone Positions [-13.33218864 -10.36948005  -7.40677147  -4.44406288  -1.48135429
   1.48135429   4.44406288   7.40677147  10.36948005  13.33218864]_[-13.39637063 -10.41939938  -7.44242813  -4.46545688  -1.48848563
   1.48848563   4.46545688   7.44242813  10.41939938  13.39637063] 

current starting Drone Positions [-7.60440714 -4.64169855 -1.67898997  1.28371862  4.24642721  7.20913579
 10.17184438 13.13455296 16.09726155 19.05997014]_[-2.27671886  0.7002524   3.67722365  6.6541949   9.63116615 12.6081374
 15.58510865 18.56207991 21.53905116 24.51602241] 

scanning direction vector [0.64341728 0.64341728 0.64341728 0.64341728 0.64341728 0.64341728
 0.64341728 0.64341728 0.64341728 0.64341728]_[-0.64033467 -0.64033467 -0.64033467 -0.64033467 -0.64033467 -0.64033467
 -0.64033467 -0.64033467 -0.64033467 -0.64033467] 

changing back speed 0.3 

velocity vector [-0.48545312 -0.06106312 -0.25832994 -0.01430234  0.0364908   1.23994183
  1.32770862  1.56340462  1.42495848  1.66081695]_[-0.48134767 -1.04128127 -0.90460422 -0.92562073 -0.5924493  -0.70360015
 -0.46129584 -0.52070168 -0.21924499 -0.55320081] 

Moving Straight [-4.32695894 -2.35449368  1.06850416  3.46181501  6.30600626  6.46066245
  9.21858186 11.63133311 14.9170827  17.32945484]_[-3.28802317  0.99545981  3.65351794  6.67952771  8.87909898 12.11542219
 14.52701673 17.64260161 19.91617391 23.67237541] 

drones next lat [48.33580608 48.33584477 48.33586895 48.33589636 48.33591638 48.3359455
 48.33596742 48.33599563 48.33601635 48.33605033] drones next lon [14.32658601 14.32661211 14.32665798 14.32668992 14.32672803 14.32672974
 14.32676666 14.32679885 14.32684291 14.32687501] 
WayPoint_Count 132 

Leader Index 5 

Leader Contour 206.5 

Contour Threshold 220 

Previous Drone Positions [-4.32695894 -2.35449368  1.06850416  3.46181501  6.30600626  6.46066245
  9.21858186 11.63133311 14.9170827  17.32945484]_[-3.28802317  0.99545981  3.65351794  6.67952771  8.87909898 12.11542219
 14.52701673 17.64260161 19.91617391 23.67237541] 

Mean Previous Drone Positions [6.37119878 6.37119878 6.37119878 6.37119878 6.37119878 6.37119878
 6.37119878 6.37119878 6.37119878 6.37119878]_[10.47931711 10.47931711 10.47931711 10.47931711 10.47931711 10.47931711
 10.47931711 10.47931711 10.47931711 10.47931711] 

relative Drone Positions [-13.33218864 -10.36948005  -7.40677147  -4.44406288  -1.48135429
   1.48135429   4.44406288   7.40677147  10.36948005  13.33218864]_[-13.39637063 -10.41939938  -7.44242813  -4.46545688  -1.48848563
   1.48848563   4.46545688   7.44242813  10.41939938  13.39637063] 

current starting Drone Positions [-6.96098986 -3.99828128 -1.03557269  1.9271359   4.88984448  7.85255307
 10.81526166 13.77797024 16.74067883 19.70338741]_[-2.91705352  0.05991773  3.03688898  6.01386023  8.99083148 11.96780274
 14.94477399 17.92174524 20.89871649 23.87568774] 

scanning direction vector [0.64341728 0.64341728 0.64341728 0.64341728 0.64341728 0.64341728
 0.64341728 0.64341728 0.64341728 0.64341728]_[-0.64033467 -0.64033467 -0.64033467 -0.64033467 -0.64033467 -0.64033467
 -0.64033467 -0.64033467 -0.64033467 -0.64033467] 

changing back speed 0.3 

velocity vector [-0.146792    0.150281    0.01219422  0.18301354  0.21856874  1.06098446
  1.12242121  1.28740842  1.19049612  1.35559705]_[-0.52904377 -0.92099729 -0.82532335 -0.84003491 -0.60681491 -0.6846205
 -0.51500749 -0.55659158 -0.34557189 -0.57934097] 

Moving Straight [-4.47375094 -2.20421268  1.08069838  3.64482856  6.524575    7.52164691
 10.34100308 12.91874152 16.10757881 18.68505189]_[-3.81706694  0.07446252  2.82819459  5.8394928   8.27228406 11.43080169
 14.01200924 17.08601003 19.57060202 23.09303444] 

drones next lat [48.33580131 48.3358365  48.33586153 48.33588882 48.33591094 48.33593943
 48.33596287 48.33599073 48.33601333 48.33604522] drones next lon [14.32658409 14.32661425 14.32665825 14.32669249 14.32673105 14.32674413
 14.32678187 14.32681628 14.32685901 14.32689337] 
WayPoint_Count 133 

Leader Index 4 

Leader Contour 155.0 

Contour Threshold 220 

Previous Drone Positions [-4.47375094 -2.20421268  1.08069838  3.64482856  6.524575    7.52164691
 10.34100308 12.91874152 16.10757881 18.68505189]_[-3.81706694  0.07446252  2.82819459  5.8394928   8.27228406 11.43080169
 14.01200924 17.08601003 19.57060202 23.09303444] 

Mean Previous Drone Positions [7.01461605 7.01461605 7.01461605 7.01461605 7.01461605 7.01461605
 7.01461605 7.01461605 7.01461605 7.01461605]_[9.83898244 9.83898244 9.83898244 9.83898244 9.83898244 9.83898244
 9.83898244 9.83898244 9.83898244 9.83898244] 

relative Drone Positions [-13.33218864 -10.36948005  -7.40677147  -4.44406288  -1.48135429
   1.48135429   4.44406288   7.40677147  10.36948005  13.33218864]_[-13.39637063 -10.41939938  -7.44242813  -4.46545688  -1.48848563
   1.48848563   4.46545688   7.44242813  10.41939938  13.39637063] 

current starting Drone Positions [-6.31757259 -3.354864   -0.39215541  2.57055317  5.53326176  8.49597035
 11.45867893 14.42138752 17.38409611 20.34680469]_[-3.55738819 -0.58041694  2.39655432  5.37352557  8.35049682 11.32746807
 14.30443932 17.28141057 20.25838183 23.23535308] 

scanning direction vector [0.64341728 0.64341728 0.64341728 0.64341728 0.64341728 0.64341728
 0.64341728 0.64341728 0.64341728 0.64341728]_[-0.64033467 -0.64033467 -0.64033467 -0.64033467 -0.64033467 -0.64033467
 -0.64033467 -0.64033467 -0.64033467 -0.64033467] 

changing back speed 0.3 

velocity vector [0.09027078 0.29822188 0.20156114 0.32113466 0.3460233  0.93571431
 0.97872003 1.09421108 1.02637247 1.14194312]_[-0.56243104 -0.8367985  -0.76982675 -0.78012484 -0.61687084 -0.67133475
 -0.55260564 -0.5817145  -0.43400072 -0.59763908] 

Moving Straight [-4.38348016 -1.9059908   1.28225952  3.96596322  6.87059831  8.45736122
 11.31972311 14.0129526  17.13395128 19.82699501]_[-4.37949798 -0.76233598  2.05836784  5.05936797  7.65541322 10.75946694
 13.4594036  16.50429553 19.13660129 22.49539537] 

drones next lat [48.33579626 48.33582899 48.33585462 48.33588183 48.33590541 48.33593346
 48.33595798 48.33598558 48.33600951 48.33603994] drones next lon [14.32658537 14.32661837 14.32666106 14.32669691 14.32673579 14.32675684
 14.32679514 14.32683112 14.32687291 14.32690885] 
WayPoint_Count 134 

Leader Index 4 

Leader Contour 132.5 

Contour Threshold 220 

Previous Drone Positions [-4.38348016 -1.9059908   1.28225952  3.96596322  6.87059831  8.45736122
 11.31972311 14.0129526  17.13395128 19.82699501]_[-4.37949798 -0.76233598  2.05836784  5.05936797  7.65541322 10.75946694
 13.4594036  16.50429553 19.13660129 22.49539537] 

Mean Previous Drone Positions [7.65803333 7.65803333 7.65803333 7.65803333 7.65803333 7.65803333
 7.65803333 7.65803333 7.65803333 7.65803333]_[9.19864778 9.19864778 9.19864778 9.19864778 9.19864778 9.19864778
 9.19864778 9.19864778 9.19864778 9.19864778] 

relative Drone Positions [-13.33218864 -10.36948005  -7.40677147  -4.44406288  -1.48135429
   1.48135429   4.44406288   7.40677147  10.36948005  13.33218864]_[-13.39637063 -10.41939938  -7.44242813  -4.46545688  -1.48848563
   1.48848563   4.46545688   7.44242813  10.41939938  13.39637063] 

current starting Drone Positions [-5.67415531 -2.71144672  0.25126186  3.21397045  6.17667904  9.13938762
 12.10209621 15.0648048  18.02751338 20.99022197]_[-4.19772285 -1.2207516   1.75621965  4.7331909   7.71016215 10.6871334
 13.66410466 16.64107591 19.61804716 22.59501841] 

scanning direction vector [0.64341728 0.64341728 0.64341728 0.64341728 0.64341728 0.64341728
 0.64341728 0.64341728 0.64341728 0.64341728]_[-0.64033467 -0.64033467 -0.64033467 -0.64033467 -0.64033467 -0.64033467
 -0.64033467 -0.64033467 -0.64033467 -0.64033467] 

changing back speed 0.3 

velocity vector [0.25621473 0.4017805  0.33411798 0.41781945 0.4352415  0.8480252
 0.87812921 0.95897294 0.91148591 0.99238537]_[-0.58580213 -0.77785935 -0.73097912 -0.73818779 -0.62390999 -0.66203473
 -0.57892435 -0.59930055 -0.49590091 -0.61044775] 

Moving Straight [-4.12726542 -1.5042103   1.6163775   4.38378266  7.3058398   9.30538642
 12.19785232 14.97192554 18.04543719 20.81938037]_[-4.96530011 -1.54019533  1.32738872  4.32118018  7.03150324 10.09743221
 12.88047925 15.90499498 18.64070039 21.88494761] 

drones next lat [48.33579101 48.33582203 48.33584807 48.33587522 48.33589983 48.33592757
 48.33595284 48.33598027 48.33600512 48.33603452] drones next lon [14.3265889  14.32662389 14.32666565 14.32670264 14.32674174 14.32676836
 14.32680705 14.32684413 14.32688527 14.32692231] 
WayPoint_Count 135 

Leader Index 4 

Leader Contour 194.0 

Contour Threshold 220 

Previous Drone Positions [-4.12726542 -1.5042103   1.6163775   4.38378266  7.3058398   9.30538642
 12.19785232 14.97192554 18.04543719 20.81938037]_[-4.96530011 -1.54019533  1.32738872  4.32118018  7.03150324 10.09743221
 12.88047925 15.90499498 18.64070039 21.88494761] 

Mean Previous Drone Positions [8.30145061 8.30145061 8.30145061 8.30145061 8.30145061 8.30145061
 8.30145061 8.30145061 8.30145061 8.30145061]_[8.55831311 8.55831311 8.55831311 8.55831311 8.55831311 8.55831311
 8.55831311 8.55831311 8.55831311 8.55831311] 

relative Drone Positions [-13.33218864 -10.36948005  -7.40677147  -4.44406288  -1.48135429
   1.48135429   4.44406288   7.40677147  10.36948005  13.33218864]_[-13.39637063 -10.41939938  -7.44242813  -4.46545688  -1.48848563
   1.48848563   4.46545688   7.44242813  10.41939938  13.39637063] 

current starting Drone Positions [-5.03073803 -2.06802944  0.89467914  3.85738773  6.82009631  9.7828049
 12.74551349 15.70822207 18.67093066 21.63363925]_[-4.83805752 -1.86108627  1.11588498  4.09285624  7.06982749 10.04679874
 13.02376999 16.00074124 18.97771249 21.95468374] 

scanning direction vector [0.64341728 0.64341728 0.64341728 0.64341728 0.64341728 0.64341728
 0.64341728 0.64341728 0.64341728 0.64341728]_[-0.64033467 -0.64033467 -0.64033467 -0.64033467 -0.64033467 -0.64033467
 -0.64033467 -0.64033467 -0.64033467 -0.64033467] 

changing back speed 0.3 

velocity vector [0.3723755  0.47427153 0.42690777 0.4854988  0.49769423 0.78664282
 0.80771563 0.86430624 0.83106532 0.88769494]_[-0.60216189 -0.73660195 -0.70378579 -0.70883185 -0.62883739 -0.65552471
 -0.59734744 -0.61161079 -0.53923103 -0.61941383] 

Moving Straight [-3.75488993 -1.02993877  2.04328527  4.86928146  7.80353403 10.09202924
 13.00556795 15.83623177 18.87650251 21.70707531]_[-5.567462   -2.27679728  0.62360293  3.61234833  6.40266585  9.4419075
 12.28313181 15.29338419 18.10146935 21.26553379] 

drones next lat [48.33578562 48.33581544 48.33584177 48.33586888 48.33589422 48.33592174
 48.33594753 48.33597483 48.33600033 48.33602902] drones next lon [14.326594   14.32663037 14.3266715  14.32670927 14.32674853 14.32677905
 14.32681802 14.32685586 14.32689655 14.32693436] 
WayPoint_Count 136 

Leader Index 4 

Leader Contour 125.5 

Contour Threshold 220 

Previous Drone Positions [-3.75488993 -1.02993877  2.04328527  4.86928146  7.80353403 10.09202924
 13.00556795 15.83623177 18.87650251 21.70707531]_[-5.567462   -2.27679728  0.62360293  3.61234833  6.40266585  9.4419075
 12.28313181 15.29338419 18.10146935 21.26553379] 

Mean Previous Drone Positions [8.94486788 8.94486788 8.94486788 8.94486788 8.94486788 8.94486788
 8.94486788 8.94486788 8.94486788 8.94486788]_[7.91797845 7.91797845 7.91797845 7.91797845 7.91797845 7.91797845
 7.91797845 7.91797845 7.91797845 7.91797845] 

relative Drone Positions [-13.33218864 -10.36948005  -7.40677147  -4.44406288  -1.48135429
   1.48135429   4.44406288   7.40677147  10.36948005  13.33218864]_[-13.39637063 -10.41939938  -7.44242813  -4.46545688  -1.48848563
   1.48848563   4.46545688   7.44242813  10.41939938  13.39637063] 

current starting Drone Positions [-4.38732075 -1.42461217  1.53809642  4.500805    7.46351359 10.42622218
 13.38893076 16.35163935 19.31434794 22.27705652]_[-5.47839218 -2.50142093  0.47555032  3.45252157  6.42949282  9.40646407
 12.38343532 15.36040658 18.33737783 21.31434908] 

scanning direction vector [0.64341728 0.64341728 0.64341728 0.64341728 0.64341728 0.64341728
 0.64341728 0.64341728 0.64341728 0.64341728]_[-0.64033467 -0.64033467 -0.64033467 -0.64033467 -0.64033467 -0.64033467
 -0.64033467 -0.64033467 -0.64033467 -0.64033467] 

changing back speed 0.3 

velocity vector [0.45368803 0.52501526 0.49186062 0.53287434 0.54141114 0.74367516
 0.75842612 0.79803955 0.77477091 0.81441164]_[-0.61361372 -0.70772176 -0.68475045 -0.68828269 -0.63228657 -0.6509677
 -0.61024361 -0.62022795 -0.56956212 -0.62569008] 

Moving Straight [-3.3012019  -0.50492351  2.53514589  5.4021558   8.34494518 10.8357044
 13.76399407 16.63427132 19.65127341 22.52148695]_[-6.18107572 -2.98451904 -0.06114752  2.92406564  5.77037927  8.79093981
 11.6728882  14.67315624 17.53190723 20.63984371] 

drones next lat [48.33578014 48.33580911 48.33583565 48.33586273 48.33588857 48.33591594
 48.3359421  48.33596932 48.33599527 48.33602346] drones next lon [14.32660019 14.32663754 14.32667821 14.32671654 14.32675591 14.32678916
 14.32682833 14.3268667  14.32690707 14.32694543] 
WayPoint_Count 137 

Leader Index 4 

Leader Contour 101.0 

Contour Threshold 220 

Previous Drone Positions [-3.3012019  -0.50492351  2.53514589  5.4021558   8.34494518 10.8357044
 13.76399407 16.63427132 19.65127341 22.52148695]_[-6.18107572 -2.98451904 -0.06114752  2.92406564  5.77037927  8.79093981
 11.6728882  14.67315624 17.53190723 20.63984371] 

Mean Previous Drone Positions [9.58828516 9.58828516 9.58828516 9.58828516 9.58828516 9.58828516
 9.58828516 9.58828516 9.58828516 9.58828516]_[7.27764378 7.27764378 7.27764378 7.27764378 7.27764378 7.27764378
 7.27764378 7.27764378 7.27764378 7.27764378] 

relative Drone Positions [-13.33218864 -10.36948005  -7.40677147  -4.44406288  -1.48135429
   1.48135429   4.44406288   7.40677147  10.36948005  13.33218864]_[-13.39637063 -10.41939938  -7.44242813  -4.46545688  -1.48848563
   1.48848563   4.46545688   7.44242813  10.41939938  13.39637063] 

current starting Drone Positions [-3.74390348 -0.78119489  2.1815137   5.14422228  8.10693087 11.06963945
 14.03234804 16.99505663 19.95776521 22.9204738 ]_[-6.11872685 -3.1417556  -0.16478435  2.8121869   5.78915816  8.76612941
 11.74310066 14.72007191 17.69704316 20.67401441] 

scanning direction vector [0.64341728 0.64341728 0.64341728 0.64341728 0.64341728 0.64341728
 0.64341728 0.64341728 0.64341728 0.64341728]_[-0.64033467 -0.64033467 -0.64033467 -0.64033467 -0.64033467 -0.64033467
 -0.64033467 -0.64033467 -0.64033467 -0.64033467] 

changing back speed 0.3 

velocity vector [0.5106068  0.56053586 0.53732762 0.56603722 0.57201298 0.71359779
 0.72392347 0.75165287 0.73536482 0.76311333]_[-0.62163    -0.68750563 -0.67142571 -0.67389829 -0.634701   -0.64777779
 -0.61927093 -0.62625996 -0.59079389 -0.63008345] 

Moving Straight [-2.7905951   0.05561235  3.07247351  5.96819302  8.91695816 11.54930219
 14.48791754 17.38592419 20.38663823 23.28460028]_[-6.80270572 -3.67202467 -0.73257323  2.25016735  5.13567827  8.14316202
 11.05361727 14.04689628 16.94111334 20.00976025] 

drones next lat [48.33577458 48.33580297 48.33582965 48.33585672 48.33588291 48.33591017
 48.33593659 48.33596374 48.33599001 48.33601785] drones next lon [14.32660715 14.32664519 14.32668554 14.32672426 14.3267637  14.32679886
 14.32683817 14.32687692 14.32691706 14.3269558 ] 
WayPoint_Count 138 

Leader Index 4 

Leader Contour 141.0 

Contour Threshold 220 

Previous Drone Positions [-2.7905951   0.05561235  3.07247351  5.96819302  8.91695816 11.54930219
 14.48791754 17.38592419 20.38663823 23.28460028]_[-6.80270572 -3.67202467 -0.73257323  2.25016735  5.13567827  8.14316202
 11.05361727 14.04689628 16.94111334 20.00976025] 

Mean Previous Drone Positions [10.23170244 10.23170244 10.23170244 10.23170244 10.23170244 10.23170244
 10.23170244 10.23170244 10.23170244 10.23170244]_[6.63730912 6.63730912 6.63730912 6.63730912 6.63730912 6.63730912
 6.63730912 6.63730912 6.63730912 6.63730912] 

relative Drone Positions [-13.33218864 -10.36948005  -7.40677147  -4.44406288  -1.48135429
   1.48135429   4.44406288   7.40677147  10.36948005  13.33218864]_[-13.39637063 -10.41939938  -7.44242813  -4.46545688  -1.48848563
   1.48848563   4.46545688   7.44242813  10.41939938  13.39637063] 

current starting Drone Positions [-3.1004862  -0.13777761  2.82493097  5.78763956  8.75034815 11.71305673
 14.67576532 17.6384739  20.60118249 23.56389108]_[-6.75906152 -3.78209026 -0.80511901  2.17185224  5.14882349  8.12579474
 11.10276599 14.07973724 17.0567085  20.03367975] 

scanning direction vector [0.64341728 0.64341728 0.64341728 0.64341728 0.64341728 0.64341728
 0.64341728 0.64341728 0.64341728 0.64341728]_[-0.64033467 -0.64033467 -0.64033467 -0.64033467 -0.64033467 -0.64033467
 -0.64033467 -0.64033467 -0.64033467 -0.64033467] 

changing back speed 0.3 

velocity vector [0.55044995 0.58540029 0.56915452 0.58925124 0.59343427 0.69254364
 0.69977161 0.71918219 0.70778056 0.72720452]_[-0.6272414  -0.67335434 -0.6620984  -0.6638292  -0.6363911  -0.64554485
 -0.62559005 -0.63048238 -0.60565612 -0.63315882] 

Moving Straight [-2.24014515  0.64101264  3.64162803  6.55744426  9.51039243 12.24184583
 15.18768915 18.10510638 21.09441879 24.0118048 ]_[-7.42994713 -4.34537902 -1.39467163  1.58633815  4.49928717  7.49761717
 10.42802722 13.4164139  16.33545722 19.37660144] 

drones next lat [48.33576899 48.33579696 48.33582374 48.33585079 48.33587723 48.33590442
 48.33593101 48.33595813 48.33598462 48.33601221] drones next lon [14.32661466 14.32665316 14.3266933  14.32673229 14.32677179 14.32680829
 14.32684769 14.32688669 14.32692668 14.32696569] 
WayPoint_Count 139 

Leader Index 6 

Leader Contour 132.5 

Contour Threshold 220 

Previous Drone Positions [-2.24014515  0.64101264  3.64162803  6.55744426  9.51039243 12.24184583
 15.18768915 18.10510638 21.09441879 24.0118048 ]_[-7.42994713 -4.34537902 -1.39467163  1.58633815  4.49928717  7.49761717
 10.42802722 13.4164139  16.33545722 19.37660144] 

Mean Previous Drone Positions [10.87511972 10.87511972 10.87511972 10.87511972 10.87511972 10.87511972
 10.87511972 10.87511972 10.87511972 10.87511972]_[5.99697445 5.99697445 5.99697445 5.99697445 5.99697445 5.99697445
 5.99697445 5.99697445 5.99697445 5.99697445] 

relative Drone Positions [-13.33218864 -10.36948005  -7.40677147  -4.44406288  -1.48135429
   1.48135429   4.44406288   7.40677147  10.36948005  13.33218864]_[-13.39637063 -10.41939938  -7.44242813  -4.46545688  -1.48848563
   1.48848563   4.46545688   7.44242813  10.41939938  13.39637063] 

current starting Drone Positions [-2.45706892  0.50563966  3.46834825  6.43105684  9.39376542 12.35647401
 15.3191826  18.28189118 21.24459977 24.20730835]_[-7.39939618 -4.42242493 -1.44545368  1.53151757  4.50848882  7.48546008
 10.46243133 13.43940258 16.41637383 19.39334508] 

scanning direction vector [0.64341728 0.64341728 0.64341728 0.64341728 0.64341728 0.64341728
 0.64341728 0.64341728 0.64341728 0.64341728]_[-0.64033467 -0.64033467 -0.64033467 -0.64033467 -0.64033467 -0.64033467
 -0.64033467 -0.64033467 -0.64033467 -0.64033467] 

changing back speed 0.3 

velocity vector [0.57834015 0.60280538 0.59143334 0.60550105 0.60842917 0.67780573
 0.68286531 0.69645272 0.68847157 0.70206834]_[-0.63116938 -0.66344844 -0.65556928 -0.65678084 -0.63757417 -0.64398179
 -0.63001343 -0.63343806 -0.61605968 -0.63531157] 

Moving Straight [-1.661805    1.24381802  4.23306137  7.16294531 10.11882161 12.91965156
 15.87055446 18.8015591  21.78289036 24.71387314]_[-8.06111651 -5.00882746 -2.05024091  0.92955731  3.861713    6.85363538
  9.79801379 12.78297584 15.71939754 18.74128986] 

drones next lat [48.33576335 48.33579104 48.33581789 48.33584493 48.33587154 48.33589868
 48.3359254  48.33595248 48.33597913 48.33600655] drones next lon [14.32662253 14.32666138 14.32670136 14.32674054 14.32678007 14.32681751
 14.32685697 14.32689617 14.32693604 14.32697523] 
WayPoint_Count 140 

Leader Index 5 

Leader Contour 110.0 

Contour Threshold 220 

Previous Drone Positions [-1.661805    1.24381802  4.23306137  7.16294531 10.11882161 12.91965156
 15.87055446 18.8015591  21.78289036 24.71387314]_[-8.06111651 -5.00882746 -2.05024091  0.92955731  3.861713    6.85363538
  9.79801379 12.78297584 15.71939754 18.74128986] 

Mean Previous Drone Positions [11.51853699 11.51853699 11.51853699 11.51853699 11.51853699 11.51853699
 11.51853699 11.51853699 11.51853699 11.51853699]_[5.35663978 5.35663978 5.35663978 5.35663978 5.35663978 5.35663978
 5.35663978 5.35663978 5.35663978 5.35663978] 

relative Drone Positions [-13.33218864 -10.36948005  -7.40677147  -4.44406288  -1.48135429
   1.48135429   4.44406288   7.40677147  10.36948005  13.33218864]_[-13.39637063 -10.41939938  -7.44242813  -4.46545688  -1.48848563
   1.48848563   4.46545688   7.44242813  10.41939938  13.39637063] 

current starting Drone Positions [-1.81365165  1.14905694  4.11176553  7.07447411 10.0371827  12.99989129
 15.96259987 18.92530846 21.88801705 24.85072563]_[-8.03973085 -5.0627596  -2.08578834  0.89118291  3.86815416  6.84512541
  9.82209666 12.79906791 15.77603916 18.75301042] 

scanning direction vector [0.64341728 0.64341728 0.64341728 0.64341728 0.64341728 0.64341728
 0.64341728 0.64341728 0.64341728 0.64341728]_[-0.64033467 -0.64033467 -0.64033467 -0.64033467 -0.64033467 -0.64033467
 -0.64033467 -0.64033467 -0.64033467 -0.64033467] 

changing back speed 0.3 

velocity vector [0.59786328 0.61498895 0.60702852 0.61687592 0.6189256  0.66748919
 0.6710309  0.68054208 0.67495528 0.68447302]_[-0.63391897 -0.65651431 -0.6509989  -0.65184699 -0.63840232 -0.64288766
 -0.6331098  -0.63550704 -0.62334218 -0.6368185 ] 

Moving Straight [-1.06394172  1.85880698  4.84008989  7.77982123 10.73774721 13.58714076
 16.54158536 19.48210118 22.45784564 25.39834617]_[-8.69503548 -5.66534176 -2.70123981  0.27771032  3.22331068  6.21074772
  9.16490398 12.14746879 15.09605536 18.10447136] 

drones next lat [48.3357577  48.33578518 48.33581208 48.33583911 48.33586585 48.33589295
 48.33591976 48.33594682 48.33597358 48.33600088] drones next lon [14.32663067 14.32666975 14.32670962 14.32674894 14.3267885  14.32682659
 14.3268661  14.32690542 14.32694523 14.32698454] 
WayPoint_Count 141 

Leader Index 5 

Leader Contour 151.5 

Contour Threshold 220 

Previous Drone Positions [-1.06394172  1.85880698  4.84008989  7.77982123 10.73774721 13.58714076
 16.54158536 19.48210118 22.45784564 25.39834617]_[-8.69503548 -5.66534176 -2.70123981  0.27771032  3.22331068  6.21074772
  9.16490398 12.14746879 15.09605536 18.10447136] 

Mean Previous Drone Positions [12.16195427 12.16195427 12.16195427 12.16195427 12.16195427 12.16195427
 12.16195427 12.16195427 12.16195427 12.16195427]_[4.71630512 4.71630512 4.71630512 4.71630512 4.71630512 4.71630512
 4.71630512 4.71630512 4.71630512 4.71630512] 

relative Drone Positions [-13.33218864 -10.36948005  -7.40677147  -4.44406288  -1.48135429
   1.48135429   4.44406288   7.40677147  10.36948005  13.33218864]_[-13.39637063 -10.41939938  -7.44242813  -4.46545688  -1.48848563
   1.48848563   4.46545688   7.44242813  10.41939938  13.39637063] 

current starting Drone Positions [-1.17023437  1.79247422  4.7551828   7.71789139 10.68059998 13.64330856
 16.60601715 19.56872574 22.53143432 25.49414291]_[-8.68006551 -5.70309426 -2.72612301  0.25084824  3.22781949  6.20479074
  9.181762   12.15873325 15.1357045  18.11267575] 

scanning direction vector [0.64341728 0.64341728 0.64341728 0.64341728 0.64341728 0.64341728
 0.64341728 0.64341728 0.64341728 0.64341728]_[-0.64033467 -0.64033467 -0.64033467 -0.64033467 -0.64033467 -0.64033467
 -0.64033467 -0.64033467 -0.64033467 -0.64033467] 

changing back speed 0.3 

velocity vector [0.61152948 0.62351745 0.61794515 0.62483833 0.62627311 0.66026762
 0.66274681 0.66940464 0.66549388 0.6721563 ]_[-0.63584368 -0.65166042 -0.64779963 -0.64839329 -0.63898202 -0.64212176
 -0.63527726 -0.63695533 -0.62843992 -0.63787335] 

Moving Straight [-0.45241224  2.48232443  5.45803504  8.40465955 11.36402032 14.24740838
 17.20433217 20.15150583 23.12333952 26.07050247]_[-9.33087915 -6.31700218 -3.34903943 -0.37068297  2.58432866  5.56862596
  8.52962672 11.51051346 14.46761544 17.46659801] 

drones next lat [48.33575203 48.33577937 48.33580631 48.33583333 48.33586015 48.33588722
 48.33591409 48.33594114 48.33596798 48.33599519] drones next lon [14.326639   14.32667824 14.32671804 14.32675744 14.32679702 14.32683557
 14.32687512 14.32691453 14.32695428 14.32699369] 
WayPoint_Count 142 

Leader Index 4 

Leader Contour 115.5 

Contour Threshold 220 

Previous Drone Positions [-0.45241224  2.48232443  5.45803504  8.40465955 11.36402032 14.24740838
 17.20433217 20.15150583 23.12333952 26.07050247]_[-9.33087915 -6.31700218 -3.34903943 -0.37068297  2.58432866  5.56862596
  8.52962672 11.51051346 14.46761544 17.46659801] 

Mean Previous Drone Positions [12.80537155 12.80537155 12.80537155 12.80537155 12.80537155 12.80537155
 12.80537155 12.80537155 12.80537155 12.80537155]_[4.07597045 4.07597045 4.07597045 4.07597045 4.07597045 4.07597045
 4.07597045 4.07597045 4.07597045 4.07597045] 

relative Drone Positions [-13.33218864 -10.36948005  -7.40677147  -4.44406288  -1.48135429
   1.48135429   4.44406288   7.40677147  10.36948005  13.33218864]_[-13.39637063 -10.41939938  -7.44242813  -4.46545688  -1.48848563
   1.48848563   4.46545688   7.44242813  10.41939938  13.39637063] 

current starting Drone Positions [-0.52681709  2.43589149  5.39860008  8.36130867 11.32401725 14.28672584
 17.24943443 20.21214301 23.1748516  26.13756019]_[-9.32040018 -6.34342893 -3.36645768 -0.38948642  2.58748483  5.56445608
  8.54142733 11.51839858 14.49536983 17.47234108] 

scanning direction vector [0.64341728 0.64341728 0.64341728 0.64341728 0.64341728 0.64341728
 0.64341728 0.64341728 0.64341728 0.64341728]_[-0.64033467 -0.64033467 -0.64033467 -0.64033467 -0.64033467 -0.64033467
 -0.64033467 -0.64033467 -0.64033467 -0.64033467] 

changing back speed 0.3 

velocity vector [0.62109582 0.6294874  0.62558679 0.63041201 0.63141636 0.65521252
 0.65694795 0.66160843 0.6588709  0.66353459]_[-0.63719097 -0.64826269 -0.64556014 -0.6459757  -0.63938782 -0.64158563
 -0.63679448 -0.63796913 -0.63200835 -0.63861174] 

Moving Straight [ 0.16868358  3.11181182  6.08362183  9.03507157 11.99543668 14.90262089
 17.86128013 20.81311426 23.78221042 26.73403706]_[-9.96807013 -6.96526487 -3.99459957 -1.01665867  1.94494084  4.92704033
  7.89283224 10.87254433 13.83560709 16.82798627] 

drones next lat [48.33574634 48.33577359 48.33580055 48.33582757 48.33585445 48.3358815
 48.33590842 48.33593546 48.33596235 48.3359895 ] drones next lon [14.32664746 14.32668681 14.32672656 14.32676603 14.32680562 14.32684449
 14.32688406 14.32692353 14.32696324 14.32700272] 
WayPoint_Count 143 

Leader Index 4 

Leader Contour 125.0 

Contour Threshold 220 

Previous Drone Positions [ 0.16868358  3.11181182  6.08362183  9.03507157 11.99543668 14.90262089
 17.86128013 20.81311426 23.78221042 26.73403706]_[-9.96807013 -6.96526487 -3.99459957 -1.01665867  1.94494084  4.92704033
  7.89283224 10.87254433 13.83560709 16.82798627] 

Mean Previous Drone Positions [13.44878882 13.44878882 13.44878882 13.44878882 13.44878882 13.44878882
 13.44878882 13.44878882 13.44878882 13.44878882]_[3.43563579 3.43563579 3.43563579 3.43563579 3.43563579 3.43563579
 3.43563579 3.43563579 3.43563579 3.43563579] 

relative Drone Positions [-13.33218864 -10.36948005  -7.40677147  -4.44406288  -1.48135429
   1.48135429   4.44406288   7.40677147  10.36948005  13.33218864]_[-13.39637063 -10.41939938  -7.44242813  -4.46545688  -1.48848563
   1.48848563   4.46545688   7.44242813  10.41939938  13.39637063] 

current starting Drone Positions [ 0.11660019  3.07930877  6.04201736  9.00472594 11.96743453 14.93014312
 17.8928517  20.85556029 23.81826888 26.78097746]_[-9.96073485 -6.98376359 -4.00679234 -1.02982109  1.94715016  4.92412141
  7.90109266 10.87806392 13.85503517 16.83200642] 

scanning direction vector [0.64341728 0.64341728 0.64341728 0.64341728 0.64341728 0.64341728
 0.64341728 0.64341728 0.64341728 0.64341728]_[-0.64033467 -0.64033467 -0.64033467 -0.64033467 -0.64033467 -0.64033467
 -0.64033467 -0.64033467 -0.64033467 -0.64033467] 

changing back speed 0.3 

velocity vector [0.62779226 0.63366636 0.63093593 0.63431359 0.63501663 0.65167394
 0.65288875 0.65615109 0.65423481 0.6574994 ]_[-0.63813408 -0.64588428 -0.6439925  -0.64428339 -0.63967187 -0.64121034
 -0.63785654 -0.63867879 -0.63450624 -0.63912862] 

Moving Straight [ 0.79647584  3.74547819  6.71455777  9.66938516 12.63045331 15.55429484
 18.51416888 21.46926535 24.43644524 27.39153646]_[-10.60620421  -7.61114915  -4.63859207  -1.66094206   1.30526897
   4.28582999   7.2549757   10.23386554  13.20110085  16.18885765] 

drones next lat [48.33574065 48.33576783 48.3357948  48.33582182 48.33584874 48.33587579
 48.33590273 48.33592976 48.33595669 48.3359838 ] drones next lon [14.326656   14.32669544 14.32673515 14.32677466 14.32681426 14.32685336
 14.32689294 14.32693246 14.32697215 14.32701166] 
WayPoint_Count 144 

Leader Index 4 

Leader Contour 156.5 

Contour Threshold 220 

Previous Drone Positions [ 0.79647584  3.74547819  6.71455777  9.66938516 12.63045331 15.55429484
 18.51416888 21.46926535 24.43644524 27.39153646]_[-10.60620421  -7.61114915  -4.63859207  -1.66094206   1.30526897
   4.28582999   7.2549757   10.23386554  13.20110085  16.18885765] 

Mean Previous Drone Positions [14.0922061 14.0922061 14.0922061 14.0922061 14.0922061 14.0922061
 14.0922061 14.0922061 14.0922061 14.0922061]_[2.79530112 2.79530112 2.79530112 2.79530112 2.79530112 2.79530112
 2.79530112 2.79530112 2.79530112 2.79530112] 

relative Drone Positions [-13.33218864 -10.36948005  -7.40677147  -4.44406288  -1.48135429
   1.48135429   4.44406288   7.40677147  10.36948005  13.33218864]_[-13.39637063 -10.41939938  -7.44242813  -4.46545688  -1.48848563
   1.48848563   4.46545688   7.44242813  10.41939938  13.39637063] 

current starting Drone Positions [ 0.76001746  3.72272605  6.68543464  9.64814322 12.61085181 15.57356039
 18.53626898 21.49897757 24.46168615 27.42439474]_[-10.60106951  -7.62409826  -4.64712701  -1.67015576   1.30681549
   4.28378675   7.260758    10.23772925  13.2147005   16.19167175] 

scanning direction vector [0.64341728 0.64341728 0.64341728 0.64341728 0.64341728 0.64341728
 0.64341728 0.64341728 0.64341728 0.64341728]_[-0.64033467 -0.64033467 -0.64033467 -0.64033467 -0.64033467 -0.64033467
 -0.64033467 -0.64033467 -0.64033467 -0.64033467] 

changing back speed 0.3 

velocity vector [0.63247976 0.63659164 0.63468034 0.6370447  0.63753683 0.64919694
 0.65004731 0.65233094 0.65098955 0.65327476]_[-0.63879426 -0.6442194  -0.64289515 -0.64309877 -0.63987071 -0.64094764
 -0.63859998 -0.63917555 -0.63625477 -0.63949043] 

Moving Straight [ 1.4289556   4.38206982  7.3492381  10.30642985 13.26799014 16.20349178
 19.16421619 22.12159629 25.08743479 28.04481122]_[-11.24499847  -8.25536855  -5.28148722  -2.30404084   0.66539826
   3.64488235   6.61637572   9.59468999  12.56484608  15.54936721] 

drones next lat [48.33573495 48.33576208 48.33578907 48.33581609 48.33584304 48.33587007
 48.33589704 48.33592406 48.33595102 48.3359781 ] drones next lon [14.32666461 14.3267041  14.32674379 14.32678333 14.32682294 14.32686219
 14.32690179 14.32694134 14.326981   14.32702055] 
WayPoint_Count 145 

Leader Index 4 

Leader Contour 117.0 

Contour Threshold 220 

Previous Drone Positions [ 1.4289556   4.38206982  7.3492381  10.30642985 13.26799014 16.20349178
 19.16421619 22.12159629 25.08743479 28.04481122]_[-11.24499847  -8.25536855  -5.28148722  -2.30404084   0.66539826
   3.64488235   6.61637572   9.59468999  12.56484608  15.54936721] 

Mean Previous Drone Positions [14.73562338 14.73562338 14.73562338 14.73562338 14.73562338 14.73562338
 14.73562338 14.73562338 14.73562338 14.73562338]_[2.15496645 2.15496645 2.15496645 2.15496645 2.15496645 2.15496645
 2.15496645 2.15496645 2.15496645 2.15496645] 

relative Drone Positions [-13.33218864 -10.36948005  -7.40677147  -4.44406288  -1.48135429
   1.48135429   4.44406288   7.40677147  10.36948005  13.33218864]_[-13.39637063 -10.41939938  -7.44242813  -4.46545688  -1.48848563
   1.48848563   4.46545688   7.44242813  10.41939938  13.39637063] 

current starting Drone Positions [ 1.40343474  4.36614333  7.32885191 10.2915605  13.25426909 16.21697767
 19.17968626 22.14239484 25.10510343 28.06781202]_[-11.24140418  -8.26443293  -5.28746167  -2.31049042   0.66648083
   3.64345208   6.62042333   9.59739458  12.57436584  15.55133709] 

scanning direction vector [0.64341728 0.64341728 0.64341728 0.64341728 0.64341728 0.64341728
 0.64341728 0.64341728 0.64341728 0.64341728]_[-0.64033467 -0.64033467 -0.64033467 -0.64033467 -0.64033467 -0.64033467
 -0.64033467 -0.64033467 -0.64033467 -0.64033467] 

changing back speed 0.3 

velocity vector [0.63576102 0.63863933 0.63730142 0.63895647 0.63930096 0.64746304
 0.6480583  0.64965684 0.64871787 0.65031752]_[-0.63925638 -0.64305398 -0.642127   -0.64226954 -0.6400099  -0.64076375
 -0.63912038 -0.63952329 -0.63747874 -0.6397437 ] 

Moving Straight [ 2.06471662  5.02070915  7.98653952 10.94538632 13.9072911  16.85095483
 19.81227448 22.77125313 25.73615266 28.69512874]_[-11.88425484  -8.89842253  -5.92361422  -2.94631038   0.02538837
   3.0041186    5.97725534   8.9551667   11.92736734  14.90962351] 

drones next lat [48.33572925 48.33575635 48.33578334 48.33581036 48.33583733 48.33586436
 48.33589134 48.33591836 48.33594533 48.3359724 ] drones next lon [14.32667327 14.3267128  14.32675246 14.32679203 14.32683164 14.32687101
 14.32691061 14.32695018 14.32698983 14.3270294 ] 
WayPoint_Count 146 

Leader Index 4 

Leader Contour 130.5 

Contour Threshold 220 

Previous Drone Positions [ 2.06471662  5.02070915  7.98653952 10.94538632 13.9072911  16.85095483
 19.81227448 22.77125313 25.73615266 28.69512874]_[-11.88425484  -8.89842253  -5.92361422  -2.94631038   0.02538837
   3.0041186    5.97725534   8.9551667   11.92736734  14.90962351] 

Mean Previous Drone Positions [15.37904066 15.37904066 15.37904066 15.37904066 15.37904066 15.37904066
 15.37904066 15.37904066 15.37904066 15.37904066]_[1.51463179 1.51463179 1.51463179 1.51463179 1.51463179 1.51463179
 1.51463179 1.51463179 1.51463179 1.51463179] 

relative Drone Positions [-13.33218864 -10.36948005  -7.40677147  -4.44406288  -1.48135429
   1.48135429   4.44406288   7.40677147  10.36948005  13.33218864]_[-13.39637063 -10.41939938  -7.44242813  -4.46545688  -1.48848563
   1.48848563   4.46545688   7.44242813  10.41939938  13.39637063] 

current starting Drone Positions [ 2.04685202  5.0095606   7.97226919 10.93497778 13.89768636 16.86039495
 19.82310354 22.78581212 25.74852071 28.71122929]_[-11.88173884  -8.90476759  -5.92779634  -2.95082509   0.02614616
   3.00311741   5.98008867   8.95705992  11.93403117  14.91100242] 

scanning direction vector [0.64341728 0.64341728 0.64341728 0.64341728 0.64341728 0.64341728
 0.64341728 0.64341728 0.64341728 0.64341728]_[-0.64033467 -0.64033467 -0.64033467 -0.64033467 -0.64033467 -0.64033467
 -0.64033467 -0.64033467 -0.64033467 -0.64033467] 

changing back speed 0.3 

velocity vector [0.6380579  0.64007271 0.63913618 0.64029471 0.64053586 0.64624931
 0.64666599 0.64778497 0.64712769 0.64824744]_[-0.63957987 -0.64223818 -0.6415893  -0.64168908 -0.64010733 -0.64063502
 -0.63948467 -0.6397667  -0.63833552 -0.63992099] 

Moving Straight [ 2.70277452  5.66078186  8.6256757  11.58568104 14.54782695 17.49720414
 20.45894048 23.41903811 26.38328035 29.34337618]_[-12.52383471  -9.54066071  -6.56520352  -3.58799946  -0.61471896
   2.36348358   5.33777067   8.3154      11.28903182  14.26970252] 

drones next lat [48.33572355 48.33575062 48.33577762 48.33580464 48.33583162 48.33585865
 48.33588564 48.33591266 48.33593964 48.33596669] drones next lon [14.32668195 14.32672151 14.32676116 14.32680074 14.32684036 14.3268798
 14.32691941 14.326959   14.32699864 14.32703823] 
WayPoint_Count 147 

Leader Index 4 

Leader Contour 143.5 

Contour Threshold 220 

Previous Drone Positions [ 2.70277452  5.66078186  8.6256757  11.58568104 14.54782695 17.49720414
 20.45894048 23.41903811 26.38328035 29.34337618]_[-12.52383471  -9.54066071  -6.56520352  -3.58799946  -0.61471896
   2.36348358   5.33777067   8.3154      11.28903182  14.26970252] 

Mean Previous Drone Positions [16.02245793 16.02245793 16.02245793 16.02245793 16.02245793 16.02245793
 16.02245793 16.02245793 16.02245793 16.02245793]_[0.87429712 0.87429712 0.87429712 0.87429712 0.87429712 0.87429712
 0.87429712 0.87429712 0.87429712 0.87429712] 

relative Drone Positions [-13.33218864 -10.36948005  -7.40677147  -4.44406288  -1.48135429
   1.48135429   4.44406288   7.40677147  10.36948005  13.33218864]_[-13.39637063 -10.41939938  -7.44242813  -4.46545688  -1.48848563
   1.48848563   4.46545688   7.44242813  10.41939938  13.39637063] 

current starting Drone Positions [ 2.69026929  5.65297788  8.61568647 11.57839505 14.54110364 17.50381223
 20.46652081 23.4292294  26.39193799 29.35464657]_[-12.52207351  -9.54510226  -6.56813101  -3.59115975  -0.6141885
   2.36278275   5.339754     8.31672525  11.2936965   14.27066775] 

scanning direction vector [0.64341728 0.64341728 0.64341728 0.64341728 0.64341728 0.64341728
 0.64341728 0.64341728 0.64341728 0.64341728]_[-0.64033467 -0.64033467 -0.64033467 -0.64033467 -0.64033467 -0.64033467
 -0.64033467 -0.64033467 -0.64033467 -0.64033467] 

changing back speed 0.3 

velocity vector [0.63966571 0.64107608 0.64042051 0.64123148 0.64140028 0.6453997
 0.64569138 0.64647466 0.64601457 0.64679839]_[-0.63980631 -0.64166713 -0.64121291 -0.64128276 -0.64017553 -0.64054492
 -0.63973967 -0.63993709 -0.63893526 -0.64004509] 

Moving Straight [ 3.34244023  6.30185795  9.26609621 12.22691252 15.18922724 18.14260384
 21.10463185 24.06551277 27.02929492 29.99017457]_[-13.16364102 -10.18232784  -7.20641643  -4.22928221  -1.25489449
   1.72293867   4.698031     7.67546291  10.65009656  13.62965742] 

drones next lat [48.33571785 48.3357449  48.3357719  48.33579892 48.33582591 48.33585293
 48.33587993 48.33590695 48.33593395 48.33596098] drones next lon [14.32669066 14.32673023 14.32676988 14.32680947 14.32684909 14.32688859
 14.3269282  14.3269678  14.32700743 14.32704703] 
WayPoint_Count 148 

Leader Index 4 

Leader Contour 154.0 

Contour Threshold 220 

Previous Drone Positions [ 3.34244023  6.30185795  9.26609621 12.22691252 15.18922724 18.14260384
 21.10463185 24.06551277 27.02929492 29.99017457]_[-13.16364102 -10.18232784  -7.20641643  -4.22928221  -1.25489449
   1.72293867   4.698031     7.67546291  10.65009656  13.62965742] 

Mean Previous Drone Positions [16.66587521 16.66587521 16.66587521 16.66587521 16.66587521 16.66587521
 16.66587521 16.66587521 16.66587521 16.66587521]_[0.23396246 0.23396246 0.23396246 0.23396246 0.23396246 0.23396246
 0.23396246 0.23396246 0.23396246 0.23396246] 

relative Drone Positions [-13.33218864 -10.36948005  -7.40677147  -4.44406288  -1.48135429
   1.48135429   4.44406288   7.40677147  10.36948005  13.33218864]_[-13.39637063 -10.41939938  -7.44242813  -4.46545688  -1.48848563
   1.48848563   4.46545688   7.44242813  10.41939938  13.39637063] 

current starting Drone Positions [ 3.33368657  6.29639516  9.25910374 12.22181233 15.18452092 18.1472295
 21.10993809 24.07264668 27.03535526 29.99806385]_[-13.16240817 -10.18543692  -7.20846567  -4.23149442  -1.25452317
   1.72244808   4.69941933   7.67639059  10.65336184  13.63033309] 

scanning direction vector [0.64341728 0.64341728 0.64341728 0.64341728 0.64341728 0.64341728
 0.64341728 0.64341728 0.64341728 0.64341728]_[-0.64033467 -0.64033467 -0.64033467 -0.64033467 -0.64033467 -0.64033467
 -0.64033467 -0.64033467 -0.64033467 -0.64033467] 

changing back speed 0.3 

velocity vector [0.64079118 0.64177844 0.64131954 0.64188722 0.64200538 0.64480498
 0.64500915 0.64555745 0.64523538 0.64578406]_[-0.63996481 -0.64126739 -0.64094944 -0.64099833 -0.64022327 -0.64048184
 -0.63991817 -0.64005636 -0.63935508 -0.64013197] 

Moving Straight [ 3.98323141  6.94363639  9.90741575 12.86879974 15.83123262 18.78740882
 21.749641   24.71107022 27.6745303  30.63595863]_[-13.80360583 -10.82359523  -7.84736587  -4.87028054  -1.89511776
   1.08245683   4.05811284   7.03540655  10.01074148  12.98952546] 

drones next lat [48.33571214 48.33573918 48.33576619 48.33579321 48.3358202  48.33584722
 48.33587423 48.33590124 48.33592824 48.33595528] drones next lon [14.32669938 14.32673897 14.32677861 14.32681821 14.32685783 14.32689736
 14.32693698 14.32697658 14.32701621 14.32705582] 
WayPoint_Count 149 

Leader Index 4 

Leader Contour 134.5 

Contour Threshold 220 

Previous Drone Positions [ 3.98323141  6.94363639  9.90741575 12.86879974 15.83123262 18.78740882
 21.749641   24.71107022 27.6745303  30.63595863]_[-13.80360583 -10.82359523  -7.84736587  -4.87028054  -1.89511776
   1.08245683   4.05811284   7.03540655  10.01074148  12.98952546] 

Mean Previous Drone Positions [17.30929249 17.30929249 17.30929249 17.30929249 17.30929249 17.30929249
 17.30929249 17.30929249 17.30929249 17.30929249]_[-0.40637221 -0.40637221 -0.40637221 -0.40637221 -0.40637221 -0.40637221
 -0.40637221 -0.40637221 -0.40637221 -0.40637221] 

relative Drone Positions [-13.33218864 -10.36948005  -7.40677147  -4.44406288  -1.48135429
   1.48135429   4.44406288   7.40677147  10.36948005  13.33218864]_[-13.39637063 -10.41939938  -7.44242813  -4.46545688  -1.48848563
   1.48848563   4.46545688   7.44242813  10.41939938  13.39637063] 

current starting Drone Positions [ 3.97710385  6.93981243  9.90252102 12.86522961 15.82793819 18.79064678
 21.75335537 24.71606395 27.67877254 30.64148113]_[-13.80274284 -10.82577159  -7.84880034  -4.87182909  -1.89485783
   1.08211342   4.05908467   7.03605592  10.01302717  12.98999842] 

scanning direction vector [0.64341728 0.64341728 0.64341728 0.64341728 0.64341728 0.64341728
 0.64341728 0.64341728 0.64341728 0.64341728]_[-0.64033467 -0.64033467 -0.64033467 -0.64033467 -0.64033467 -0.64033467
 -0.64033467 -0.64033467 -0.64033467 -0.64033467] 

changing back speed 0.3 

velocity vector [0.64157901 0.64227009 0.64194886 0.64234624 0.64242895 0.64438867
 0.64453159 0.6449154  0.64468995 0.64507402]_[-0.64007577 -0.64098757 -0.64076501 -0.64079923 -0.64025669 -0.64043769
 -0.64004312 -0.64013985 -0.63964896 -0.64019278] 

Moving Straight [ 4.62481042  7.58590648 10.54936461 13.51114598 16.47366157 19.43179748
 22.39417259 25.35598562 28.31922025 31.28103266]_[-14.4436816  -11.46458281  -8.48813088  -5.51107977  -2.53537445
   0.44201914   3.41806972   6.39526669   9.37109252  12.34933268] 

drones next lat [48.33570643 48.33573347 48.33576048 48.33578749 48.33581449 48.33584151
 48.33586852 48.33589554 48.33592254 48.33594957] drones next lon [14.32670811 14.32674771 14.32678734 14.32682695 14.32686657 14.32690613
 14.32694575 14.32698536 14.32702499 14.3270646 ] 
WayPoint_Count 150 

Leader Index 3 

Leader Contour 97.5 

Contour Threshold 220 

Previous Drone Positions [ 4.62481042  7.58590648 10.54936461 13.51114598 16.47366157 19.43179748
 22.39417259 25.35598562 28.31922025 31.28103266]_[-14.4436816  -11.46458281  -8.48813088  -5.51107977  -2.53537445
   0.44201914   3.41806972   6.39526669   9.37109252  12.34933268] 

Mean Previous Drone Positions [17.95270976 17.95270976 17.95270976 17.95270976 17.95270976 17.95270976
 17.95270976 17.95270976 17.95270976 17.95270976]_[-1.04670687 -1.04670687 -1.04670687 -1.04670687 -1.04670687 -1.04670687
 -1.04670687 -1.04670687 -1.04670687 -1.04670687] 

relative Drone Positions [-13.33218864 -10.36948005  -7.40677147  -4.44406288  -1.48135429
   1.48135429   4.44406288   7.40677147  10.36948005  13.33218864]_[-13.39637063 -10.41939938  -7.44242813  -4.46545688  -1.48848563
   1.48848563   4.46545688   7.44242813  10.41939938  13.39637063] 

current starting Drone Positions [ 4.62052113  7.58322971 10.5459383  13.50864688 16.47135547 19.43406406
 22.39677264 25.35948123 28.32218982 31.2848984 ]_[-14.44307751 -11.46610625  -8.489135    -5.51216375  -2.5351925
   0.44177875   3.41875      6.39572125   9.37269251  12.34966376] 

scanning direction vector [0.64341728 0.64341728 0.64341728 0.64341728 0.64341728 0.64341728
 0.64341728 0.64341728 0.64341728 0.64341728]_[-0.64033467 -0.64033467 -0.64033467 -0.64033467 -0.64033467 -0.64033467
 -0.64033467 -0.64033467 -0.64033467 -0.64033467] 

changing back speed 0.3 

velocity vector [0.64213049 0.64261425 0.64238938 0.64266755 0.64272545 0.64409725
 0.64419729 0.64446596 0.64430815 0.644577  ]_[-0.64015344 -0.6407917  -0.6406359  -0.64065986 -0.64028008 -0.64040678
 -0.64013058 -0.6401983  -0.63985467 -0.64023534] 

Moving Straight [ 5.26694091  8.22852073 11.19175399 14.15381353 17.11638702 20.07589473
 23.03836988 26.00045158 28.9635284  31.92560966]_[-15.08383504 -12.10537451  -9.12876678  -6.15173963  -3.17565453
  -0.19838764   2.77793914   5.7550684    8.73123785  11.70909734] 

drones next lat [48.33570072 48.33572775 48.33575476 48.33578178 48.33580879 48.3358358
 48.33586281 48.33588983 48.33591684 48.33594386] drones next lon [14.32671685 14.32675646 14.32679609 14.3268357  14.32687532 14.3269149
 14.32695452 14.32699413 14.32703376 14.32707337] 
WayPoint_Count 151 

Leader Index 3 

Leader Contour 90.0 

Contour Threshold 220 

Previous Drone Positions [ 5.26694091  8.22852073 11.19175399 14.15381353 17.11638702 20.07589473
 23.03836988 26.00045158 28.9635284  31.92560966]_[-15.08383504 -12.10537451  -9.12876678  -6.15173963  -3.17565453
  -0.19838764   2.77793914   5.7550684    8.73123785  11.70909734] 

Mean Previous Drone Positions [18.59612704 18.59612704 18.59612704 18.59612704 18.59612704 18.59612704
 18.59612704 18.59612704 18.59612704 18.59612704]_[-1.68704154 -1.68704154 -1.68704154 -1.68704154 -1.68704154 -1.68704154
 -1.68704154 -1.68704154 -1.68704154 -1.68704154] 

relative Drone Positions [-13.33218864 -10.36948005  -7.40677147  -4.44406288  -1.48135429
   1.48135429   4.44406288   7.40677147  10.36948005  13.33218864]_[-13.39637063 -10.41939938  -7.44242813  -4.46545688  -1.48848563
   1.48848563   4.46545688   7.44242813  10.41939938  13.39637063] 

current starting Drone Positions [ 5.2639384   8.22664699 11.18935558 14.15206416 17.11477275 20.07748133
 23.04018992 26.00289851 28.96560709 31.92831568]_[-15.08341217 -12.10644092  -9.12946967  -6.15249842  -3.17552717
  -0.19855591   2.77841534   5.75538659   8.73235784  11.70932909] 

scanning direction vector [0.64341728 0.64341728 0.64341728 0.64341728 0.64341728 0.64341728
 0.64341728 0.64341728 0.64341728 0.64341728]_[-0.64033467 -0.64033467 -0.64033467 -0.64033467 -0.64033467 -0.64033467
 -0.64033467 -0.64033467 -0.64033467 -0.64033467] 

changing back speed 0.3 

velocity vector [0.64251653 0.64285516 0.64269775 0.64289247 0.642933   0.64389326
 0.64396329 0.64415136 0.64404089 0.64422908]_[-0.64020781 -0.64065459 -0.64054553 -0.6405623  -0.64029646 -0.64038515
 -0.64019181 -0.64023921 -0.63999867 -0.64026514] 

Moving Straight [ 5.90945743  8.87137588 11.83445174 14.79670599 17.75932001 20.71978799
 23.68233317 26.64460293 29.60756928 32.56983874]_[-15.72404284 -12.7460291   -9.76931231  -6.79230193  -3.81595099
  -0.83877279   2.13774733   5.11482919   8.09123918  11.0688322 ] 

drones next lat [48.33569501 48.33572204 48.33574905 48.33577607 48.33580308 48.33583009
 48.3358571  48.33588412 48.33591113 48.33593815] drones next lon [14.3267256  14.32676521 14.32680483 14.32684445 14.32688407 14.32692366
 14.32696328 14.3270029  14.32704252 14.32708214] 
WayPoint_Count 152 

Leader Index 4 

Leader Contour 237.5 

Contour Threshold 220 

Converging Before Rutherford Scattering [ 6.49987982 11.15620017 13.84948477 16.78774977 18.05813874 20.27507677
 22.66400041 24.58445007 27.35300593 30.16813242]_[-13.73446373 -10.84247539  -7.55488981  -6.18936271  -2.8616411
  -2.51730165   1.63975516   2.93669448   7.21007978   9.51747604] 

Minimum Distance Within Rutherford Scattering 4.2 

Converging After Rutherford Scattering [ 6.05238085 10.86103982 13.25063443 17.16901307 17.17885984 21.22386168
 22.12753513 25.40772702 27.32579148 30.79927555]_[-14.05091378 -11.32760141  -7.6458431   -6.77870862  -2.33187734
  -2.78745022   1.69116938   3.27844823   7.47297567  10.08367227] 

drones next lat [48.33571008 48.33573496 48.33576827 48.33577638 48.33581638 48.3358126
 48.33585296 48.3358675  48.33590539 48.33592915] drones next lon [14.32672733 14.32679188 14.32682369 14.32687646 14.32687606 14.32693069
 14.32694236 14.32698643 14.32701181 14.32705837] 
WayPoint_Count 153 

Leader Index 4 

Leader Contour 257.5 

Contour Threshold 220 

Converging Before Rutherford Scattering [ 6.46172418 12.64547762 15.23486029 18.1324307  16.92190994 19.1451764
 20.66295271 23.69188214 26.52775691 28.39032443]_[-12.85251222  -8.91838425  -5.43140599  -5.06215691  -1.36545262
  -1.56778517  -0.56662249   1.15382061   6.85140947   8.37100541] 

Minimum Distance Within Rutherford Scattering 4.2 

Converging After Rutherford Scattering [ 6.13332217 12.1974694  14.39618504 18.80576783 15.50626853 19.11715051
 21.48671429 24.73359967 26.16423384 29.27378403]_[-13.09873411  -9.56299133  -5.68744229  -6.176563    -0.48673343
  -1.99136681   0.15302167   1.47975034   6.82404001   9.15893478] 

drones next lat [48.33571865 48.33575094 48.33578597 48.33578192 48.33583285 48.3358196
 48.33583908 48.33585127 48.33589946 48.33592071] drones next lon [14.32672831 14.32680971 14.32683891 14.32689847 14.32685328 14.32690217
 14.32693389 14.32697754 14.32699621 14.32703789] 
WayPoint_Count 154 

Leader Index 4 

Leader Contour 303.5 

Contour Threshold 220 

Converging Before Rutherford Scattering [ 6.84410239 13.20683568 15.52917548 16.8573526  16.48583967 17.76961364
 19.28406208 21.90234859 23.96331764 28.63293997]_[-12.36955411  -8.62989514  -4.43011733  -4.11968619  -0.68783139
  -0.35526003   0.91712046   0.57908124   4.85863979   8.08678715] 

Minimum Distance Within Rutherford Scattering 4.2 

Converging After Rutherford Scattering [ 6.51045464 12.88155539 14.10387515 18.10884277 14.4695776  18.16005226
 19.56000395 23.26880003 24.31767711 29.09474882]_[-12.63298904  -9.40598472  -5.00964048  -5.06408429  -0.09032381
  -0.63174254   2.56348456   0.21833733   5.45051028   8.45171715] 

drones next lat [48.33572287 48.3357524  48.33579205 48.33579188 48.33583633 48.33583175
 48.33586061 48.3358398  48.33588696 48.33591433] drones next lon [14.32673334 14.32681892 14.32683489 14.32688893 14.32683924 14.3268891
 14.32690761 14.32695793 14.32697146 14.32703556] 
WayPoint_Count 155 

Leader Index 4 

Leader Contour 246.0 

Contour Threshold 220 

Converging Before Rutherford Scattering [ 6.68396713 14.18221994 14.43908623 17.22519531 13.54214426 15.54145785
 18.08084142 22.22289411 21.80396151 27.35629825]_[-11.38413437  -7.69822788  -2.0327728   -2.49524628  -0.46431231
   0.42712547   2.59463082  -0.15517146   5.10706106   6.44309879] 

Minimum Distance Within Rutherford Scattering 4.2 

Converging After Rutherford Scattering [ 6.38769867 14.07817933 13.79480058 18.16931307 11.63011383 15.49272334
 18.32370008 23.08496656 22.18667514 27.92989542]_[-11.6432973   -8.52196141  -3.2486239   -3.35188338   0.24816583
   1.22546725   3.54262406  -0.49039997   5.84972876   6.73223108] 

drones next lat [48.33573176 48.33576045 48.33580787 48.33580728 48.33583915 48.33584825
 48.33586932 48.33583341 48.33589038 48.33589877] drones next lon [14.32673157 14.32683496 14.32683051 14.32688955 14.32680089 14.32685289
 14.32689081 14.32695553 14.32694266 14.32702005] 
WayPoint_Count 156 

Leader Index 4 

Leader Contour 120.5 

Contour Threshold 220 

Previous Drone Positions [ 6.38769867 14.07817933 13.79480058 18.16931307 11.63011383 15.49272334
 18.32370008 23.08496656 22.18667514 27.92989542]_[-11.6432973   -8.52196141  -3.2486239   -3.35188338   0.24816583
   1.22546725   3.54262406  -0.49039997   5.84972876   6.73223108] 

Mean Previous Drone Positions [17.1078066 17.1078066 17.1078066 17.1078066 17.1078066 17.1078066
 17.1078066 17.1078066 17.1078066 17.1078066]_[-0.9657949 -0.9657949 -0.9657949 -0.9657949 -0.9657949 -0.9657949
 -0.9657949 -0.9657949 -0.9657949 -0.9657949] 

relative Drone Positions [-18.70900713 -14.55144999 -10.39389285  -6.23633571  -2.07877857
   2.07877857   6.23633571  10.39389285  14.55144999  18.70900713]_[-2.68012169 -2.08453909 -1.4889565  -0.8933739  -0.2977913   0.2977913
  0.8933739   1.4889565   2.08453909  2.68012169] 

current starting Drone Positions [-1.60120053  2.55635661  6.71391375 10.87147089 15.02902803 19.18658517
 23.34414231 27.50169945 31.65925659 35.81681373]_[-3.64591659 -3.05033399 -2.45475139 -1.85916879 -1.26358619 -0.6680036
 -0.072421    0.5231616   1.1187442   1.7143268 ] 

scanning direction vector [0.270706 0.270706 0.270706 0.270706 0.270706 0.270706 0.270706 0.270706
 0.270706 0.270706]_[-1.88970541 -1.88970541 -1.88970541 -1.88970541 -1.88970541 -1.88970541
 -1.88970541 -1.88970541 -1.88970541 -1.88970541] 

changing back speed 0.3 

velocity vector [-2.12596376 -3.18584082 -1.85356005 -1.91864665  1.29038026  1.37886455
  1.77683867  1.59572587  3.11248043  2.63678149]_[ 0.5095088  -0.24821719 -1.65154366 -1.44189104 -2.34323102 -2.45774667
 -2.97421893 -1.58563694 -3.30900078 -3.3950767 ] 

Moving Straight [ 4.26173491 10.89233852 11.94124053 16.25066642 12.92049409 16.87158789
 20.10053875 24.68069242 25.29915557 30.56667691]_[-11.1337885   -8.77017859  -4.90016756  -4.79377441  -2.09506519
  -1.23227941   0.56840513  -2.07603691   2.54072798   3.33715438] 

drones next lat [48.33573618 48.33575797 48.33579286 48.33579416 48.33581818 48.33582625
 48.3358427  48.33581927 48.33586086 48.33586844] drones next lon [14.32670282 14.326792   14.3268057  14.32686383 14.32681858 14.32687179
 14.32691514 14.32697725 14.32698505 14.32705603] 
WayPoint_Count 157 

Leader Index 4 

Leader Contour 105.0 

Contour Threshold 220 

Previous Drone Positions [ 4.26173491 10.89233852 11.94124053 16.25066642 12.92049409 16.87158789
 20.10053875 24.68069242 25.29915557 30.56667691]_[-11.1337885   -8.77017859  -4.90016756  -4.79377441  -2.09506519
  -1.23227941   0.56840513  -2.07603691   2.54072798   3.33715438] 

Mean Previous Drone Positions [17.3785126 17.3785126 17.3785126 17.3785126 17.3785126 17.3785126
 17.3785126 17.3785126 17.3785126 17.3785126]_[-2.85550031 -2.85550031 -2.85550031 -2.85550031 -2.85550031 -2.85550031
 -2.85550031 -2.85550031 -2.85550031 -2.85550031] 

relative Drone Positions [-18.70900713 -14.55144999 -10.39389285  -6.23633571  -2.07877857
   2.07877857   6.23633571  10.39389285  14.55144999  18.70900713]_[-2.68012169 -2.08453909 -1.4889565  -0.8933739  -0.2977913   0.2977913
  0.8933739   1.4889565   2.08453909  2.68012169] 

current starting Drone Positions [-1.33049453  2.82706261  6.98461975 11.14217689 15.29973403 19.45729117
 23.61484831 27.77240545 31.92996259 36.08751973]_[-5.535622   -4.9400394  -4.3444568  -3.7488742  -3.15329161 -2.55770901
 -1.96212641 -1.36654381 -0.77096121 -0.17537862] 

scanning direction vector [0.270706 0.270706 0.270706 0.270706 0.270706 0.270706 0.270706 0.270706
 0.270706 0.270706]_[-1.88970541 -1.88970541 -1.88970541 -1.88970541 -1.88970541 -1.88970541
 -1.88970541 -1.88970541 -1.88970541 -1.88970541] 

changing back speed 0.3 

velocity vector [-1.40696283 -2.14887677 -1.21628023 -1.26184086  0.98447798  1.04641698
  1.32499887  1.19821991  2.2599481   1.92695884]_[-0.21025546 -0.74066365 -1.72299218 -1.57623535 -2.20717334 -2.28733429
 -2.64886488 -1.67685748 -2.88321217 -2.94346531] 

Moving Straight [ 2.85477208  8.74346174 10.72496029 14.98882556 13.90497207 17.91800487
 21.42553762 25.87891233 27.55910368 32.49363576]_[-11.34404396  -9.51084225  -6.62315975  -6.37000976  -4.30223853
  -3.5196137   -2.08045974  -3.75289439  -0.34248419   0.39368907] 

drones next lat [48.33573418 48.33575113 48.33577727 48.33577988 48.3357984  48.33580575
 48.33581898 48.33580428 48.3358351  48.33584211] drones next lon [14.32668386 14.3267631  14.32678949 14.32684699 14.32683212 14.32688618
 14.32693333 14.32699362 14.32701588 14.32708237] 
WayPoint_Count 158 

Leader Index 4 

Leader Contour 110.5 

Contour Threshold 220 

Previous Drone Positions [ 2.85477208  8.74346174 10.72496029 14.98882556 13.90497207 17.91800487
 21.42553762 25.87891233 27.55910368 32.49363576]_[-11.34404396  -9.51084225  -6.62315975  -6.37000976  -4.30223853
  -3.5196137   -2.08045974  -3.75289439  -0.34248419   0.39368907] 

Mean Previous Drone Positions [17.6492186 17.6492186 17.6492186 17.6492186 17.6492186 17.6492186
 17.6492186 17.6492186 17.6492186 17.6492186]_[-4.74520572 -4.74520572 -4.74520572 -4.74520572 -4.74520572 -4.74520572
 -4.74520572 -4.74520572 -4.74520572 -4.74520572] 

relative Drone Positions [-18.70900713 -14.55144999 -10.39389285  -6.23633571  -2.07877857
   2.07877857   6.23633571  10.39389285  14.55144999  18.70900713]_[-2.68012169 -2.08453909 -1.4889565  -0.8933739  -0.2977913   0.2977913
  0.8933739   1.4889565   2.08453909  2.68012169] 

current starting Drone Positions [-1.05978853  3.09776861  7.25532575 11.41288289 15.57044003 19.72799717
 23.88555431 28.04311145 32.20066859 36.35822573]_[-7.42532741 -6.82974481 -6.23416221 -5.63857962 -5.04299702 -4.44741442
 -3.85183182 -3.25624922 -2.66066663 -2.06508403] 

scanning direction vector [0.270706 0.270706 0.270706 0.270706 0.270706 0.270706 0.270706 0.270706
 0.270706 0.270706]_[-1.88970541 -1.88970541 -1.88970541 -1.88970541 -1.88970541 -1.88970541
 -1.88970541 -1.88970541 -1.88970541 -1.88970541] 

changing back speed 0.3 

velocity vector [-0.90366218 -1.42300194 -0.77018436 -0.8020768   0.77034639  0.81370369
  1.00871101  0.91996573  1.66317547  1.43008299]_[-0.71409045 -1.08537618 -1.77300615 -1.67027637 -2.11193296 -2.16804563
 -2.42111704 -1.74071186 -2.58516014 -2.62733734] 

Moving Straight [ 1.9511099   7.3204598   9.95477593 14.18674876 14.67531846 18.73170856
 22.43424862 26.79887807 29.22227915 33.92371875]_[-12.05813441 -10.59621843  -8.3961659   -8.04028613  -6.41417149
  -5.68765933  -4.50157678  -5.49360625  -2.92764433  -2.23364827] 

drones next lat [48.33572768 48.33574126 48.33576126 48.33576479 48.33577946 48.33578631
 48.33579728 48.3357887  48.33581197 48.33581859] drones next lon [14.32667175 14.32674403 14.32677931 14.32683637 14.32684277 14.32689741
 14.32694723 14.32700623 14.32703863 14.32710198] 
WayPoint_Count 159 

Leader Index 4 

Leader Contour 162.5 

Contour Threshold 220 

Previous Drone Positions [ 1.9511099   7.3204598   9.95477593 14.18674876 14.67531846 18.73170856
 22.43424862 26.79887807 29.22227915 33.92371875]_[-12.05813441 -10.59621843  -8.3961659   -8.04028613  -6.41417149
  -5.68765933  -4.50157678  -5.49360625  -2.92764433  -2.23364827] 

Mean Previous Drone Positions [17.9199246 17.9199246 17.9199246 17.9199246 17.9199246 17.9199246
 17.9199246 17.9199246 17.9199246 17.9199246]_[-6.63491113 -6.63491113 -6.63491113 -6.63491113 -6.63491113 -6.63491113
 -6.63491113 -6.63491113 -6.63491113 -6.63491113] 

relative Drone Positions [-18.70900713 -14.55144999 -10.39389285  -6.23633571  -2.07877857
   2.07877857   6.23633571  10.39389285  14.55144999  18.70900713]_[-2.68012169 -2.08453909 -1.4889565  -0.8933739  -0.2977913   0.2977913
  0.8933739   1.4889565   2.08453909  2.68012169] 

current starting Drone Positions [-0.78908253  3.36847461  7.52603175 11.68358889 15.84114603 19.99870317
 24.15626031 28.31381745 32.47137459 36.62893173]_[-9.31503282 -8.71945022 -8.12386763 -7.52828503 -6.93270243 -6.33711983
 -5.74153723 -5.14595464 -4.55037204 -3.95478944] 

scanning direction vector [0.270706 0.270706 0.270706 0.270706 0.270706 0.270706 0.270706 0.270706
 0.270706 0.270706]_[-1.88970541 -1.88970541 -1.88970541 -1.88970541 -1.88970541 -1.88970541
 -1.88970541 -1.88970541 -1.88970541 -1.88970541] 

changing back speed 0.3 

velocity vector [-0.55135173 -0.91488956 -0.45791726 -0.48024196  0.62045427  0.65080438
  0.7873095   0.72518781  1.24543463  1.08226989]_[-1.06677494 -1.32667495 -1.80801593 -1.73610508 -2.0452647  -2.08454356
 -2.26169355 -1.78540993 -2.37652372 -2.40604776] 

Moving Straight [ 1.39975817  6.40557024  9.49685868 13.7065068  15.29577273 19.38251294
 23.22155813 27.52406588 30.46771378 35.00598864]_[-13.12490934 -11.92289338 -10.20418183  -9.77639121  -8.45943618
  -7.77220289  -6.76327033  -7.27901618  -5.30416806  -4.63969603] 

drones next lat [48.33571804 48.33572925 48.33574495 48.33574914 48.33576111 48.33576761
 48.33577699 48.33577269 48.33579069 48.33579703] drones next lon [14.32666444 14.32673184 14.32677335 14.32683009 14.32685138 14.32690644
 14.32695812 14.32701623 14.32705571 14.32711687] 
WayPoint_Count 160 

Leader Index 6 

Leader Contour 141.5 

Contour Threshold 220 

Previous Drone Positions [ 1.39975817  6.40557024  9.49685868 13.7065068  15.29577273 19.38251294
 23.22155813 27.52406588 30.46771378 35.00598864]_[-13.12490934 -11.92289338 -10.20418183  -9.77639121  -8.45943618
  -7.77220289  -6.76327033  -7.27901618  -5.30416806  -4.63969603] 

Mean Previous Drone Positions [18.1906306 18.1906306 18.1906306 18.1906306 18.1906306 18.1906306
 18.1906306 18.1906306 18.1906306 18.1906306]_[-8.52461654 -8.52461654 -8.52461654 -8.52461654 -8.52461654 -8.52461654
 -8.52461654 -8.52461654 -8.52461654 -8.52461654] 

relative Drone Positions [-18.70900713 -14.55144999 -10.39389285  -6.23633571  -2.07877857
   2.07877857   6.23633571  10.39389285  14.55144999  18.70900713]_[-2.68012169 -2.08453909 -1.4889565  -0.8933739  -0.2977913   0.2977913
  0.8933739   1.4889565   2.08453909  2.68012169] 

current starting Drone Positions [-0.51837653  3.63918061  7.79673775 11.95429489 16.11185203 20.26940917
 24.42696631 28.58452345 32.74208059 36.89963773]_[-11.20473823 -10.60915564 -10.01357304  -9.41799044  -8.82240784
  -8.22682524  -7.63124265  -7.03566005  -6.44007745  -5.84449485] 

scanning direction vector [0.270706 0.270706 0.270706 0.270706 0.270706 0.270706 0.270706 0.270706
 0.270706 0.270706]_[-1.88970541 -1.88970541 -1.88970541 -1.88970541 -1.88970541 -1.88970541
 -1.88970541 -1.88970541 -1.88970541 -1.88970541] 

changing back speed 0.3 

velocity vector [-0.30473441 -0.55921089 -0.23933028 -0.25495757  0.51552979  0.53677487
  0.63232845  0.58884327  0.95301604  0.83880072]_[-1.31365408 -1.49558409 -1.83252277 -1.78218518 -1.99859691 -2.02609212
 -2.15009711 -1.81669857 -2.23047823 -2.25114506] 

Moving Straight [ 1.09502376  5.84635935  9.2575284  13.45154922 15.81130252 19.91928781
 23.85388658 28.11290915 31.42072982 35.84478936]_[-14.43856342 -13.41847747 -12.0367046  -11.55857639 -10.45803309
  -9.79829501  -8.91336743  -9.09571475  -7.53464629  -6.89084109] 

drones next lat [48.3357062  48.33571575 48.33572845 48.33573308 48.33574317 48.33574943
 48.3357577  48.3357564  48.3357707  48.33577684] drones next lon [14.32666048 14.32672447 14.32677033 14.32682686 14.32685857 14.32691392
 14.3269669  14.32702439 14.32706884 14.32712845] 
WayPoint_Count 161 

Leader Index 4 

Leader Contour 171.5 

Contour Threshold 220 

Previous Drone Positions [ 1.09502376  5.84635935  9.2575284  13.45154922 15.81130252 19.91928781
 23.85388658 28.11290915 31.42072982 35.84478936]_[-14.43856342 -13.41847747 -12.0367046  -11.55857639 -10.45803309
  -9.79829501  -8.91336743  -9.09571475  -7.53464629  -6.89084109] 

Mean Previous Drone Positions [18.4613366 18.4613366 18.4613366 18.4613366 18.4613366 18.4613366
 18.4613366 18.4613366 18.4613366 18.4613366]_[-10.41432195 -10.41432195 -10.41432195 -10.41432195 -10.41432195
 -10.41432195 -10.41432195 -10.41432195 -10.41432195 -10.41432195] 

relative Drone Positions [-18.70900713 -14.55144999 -10.39389285  -6.23633571  -2.07877857
   2.07877857   6.23633571  10.39389285  14.55144999  18.70900713]_[-2.68012169 -2.08453909 -1.4889565  -0.8933739  -0.2977913   0.2977913
  0.8933739   1.4889565   2.08453909  2.68012169] 

current starting Drone Positions [-0.24767053  3.90988661  8.06744375 12.22500089 16.38255803 20.54011517
 24.69767231 28.85522945 33.01278658 37.17034372]_[-13.09444365 -12.49886105 -11.90327845 -11.30769585 -10.71211325
 -10.11653066  -9.52094806  -8.92536546  -8.32978286  -7.73420026] 

scanning direction vector [0.270706 0.270706 0.270706 0.270706 0.270706 0.270706 0.270706 0.270706
 0.270706 0.270706]_[-1.88970541 -1.88970541 -1.88970541 -1.88970541 -1.88970541 -1.88970541
 -1.88970541 -1.88970541 -1.88970541 -1.88970541] 

changing back speed 0.3 

velocity vector [-0.13210229 -0.31023582 -0.0863194  -0.0972585   0.44208265  0.45695421
  0.52384172  0.49340209  0.74832303  0.66837231]_[-1.48646948 -1.61382049 -1.84967757 -1.81444125 -1.96592946 -1.98517611
 -2.0719796  -1.83860062 -2.12824638 -2.14271316] 

Moving Straight [ 0.96292147  5.53612353  9.171209   13.35429072 16.25338517 20.37624201
 24.3777283  28.60631124 32.16905285 36.51316167]_[-15.9250329  -15.03229795 -13.88638217 -13.37301764 -12.42396255
 -11.78347112 -10.98534703 -10.93431538  -9.66289267  -9.03355425] 

drones next lat [48.33569282 48.33570121 48.3357118  48.33571675 48.33572552 48.33573161
 48.3357391  48.3357399  48.33575161 48.33575762] drones next lon [14.32665888 14.32672048 14.32676939 14.32682577 14.32686477 14.32692032
 14.32697422 14.32703127 14.32707919 14.32713772] 
WayPoint_Count 162 

Leader Index 2 

Leader Contour 72.5 

Contour Threshold 220 

Previous Drone Positions [ 0.96292147  5.53612353  9.171209   13.35429072 16.25338517 20.37624201
 24.3777283  28.60631124 32.16905285 36.51316167]_[-15.9250329  -15.03229795 -13.88638217 -13.37301764 -12.42396255
 -11.78347112 -10.98534703 -10.93431538  -9.66289267  -9.03355425] 

Mean Previous Drone Positions [18.7320426 18.7320426 18.7320426 18.7320426 18.7320426 18.7320426
 18.7320426 18.7320426 18.7320426 18.7320426]_[-12.30402737 -12.30402737 -12.30402737 -12.30402737 -12.30402737
 -12.30402737 -12.30402737 -12.30402737 -12.30402737 -12.30402737] 

relative Drone Positions [-18.70900713 -14.55144999 -10.39389285  -6.23633571  -2.07877857
   2.07877857   6.23633571  10.39389285  14.55144999  18.70900713]_[-2.68012169 -2.08453909 -1.4889565  -0.8933739  -0.2977913   0.2977913
  0.8933739   1.4889565   2.08453909  2.68012169] 

current starting Drone Positions [2.30354673e-02 4.18059261e+00 8.33814975e+00 1.24957069e+01
 1.66532640e+01 2.08108212e+01 2.49683783e+01 2.91259354e+01
 3.32834926e+01 3.74410497e+01]_[-14.98414906 -14.38856646 -13.79298386 -13.19740126 -12.60181867
 -12.00623607 -11.41065347 -10.81507087 -10.21948827  -9.62390568] 

scanning direction vector [0.270706 0.270706 0.270706 0.270706 0.270706 0.270706 0.270706 0.270706
 0.270706 0.270706]_[-1.88970541 -1.88970541 -1.88970541 -1.88970541 -1.88970541 -1.88970541
 -1.88970541 -1.88970541 -1.88970541 -1.88970541] 

changing back speed 0.3 

velocity vector [-0.0112598  -0.13595328  0.02078822  0.01313085  0.39066966  0.40107974
  0.447901    0.42659326  0.60503792  0.54907241]_[-1.60744026 -1.69658596 -1.86168592 -1.8370205  -1.94306225 -1.9565349
 -2.01729734 -1.85393206 -2.05668409 -2.06681084] 

Moving Straight [ 0.95166167  5.40017025  9.19199722 13.36742157 16.64405482 20.77732176
 24.8256293  29.0329045  32.77409077 37.06223409]_[-17.53247316 -16.72888392 -15.74806809 -15.21003814 -14.3670248
 -13.74000601 -13.00264438 -12.78824744 -11.71957676 -11.10036509] 

drones next lat [48.33567835 48.33568593 48.33569506 48.33570023 48.33570807 48.33571404
 48.33572099 48.33572325 48.33573316 48.33573907] drones next lon [14.32665892 14.32671884 14.32676989 14.32682616 14.32687027 14.32692597
 14.3269805  14.32703724 14.32708759 14.32714538] 
WayPoint_Count 163 

Leader Index 4 

Leader Contour 32.0 

Contour Threshold 220 

Previous Drone Positions [ 0.95166167  5.40017025  9.19199722 13.36742157 16.64405482 20.77732176
 24.8256293  29.0329045  32.77409077 37.06223409]_[-17.53247316 -16.72888392 -15.74806809 -15.21003814 -14.3670248
 -13.74000601 -13.00264438 -12.78824744 -11.71957676 -11.10036509] 

Mean Previous Drone Positions [19.00274859 19.00274859 19.00274859 19.00274859 19.00274859 19.00274859
 19.00274859 19.00274859 19.00274859 19.00274859]_[-14.19373278 -14.19373278 -14.19373278 -14.19373278 -14.19373278
 -14.19373278 -14.19373278 -14.19373278 -14.19373278 -14.19373278] 

relative Drone Positions [-18.70900713 -14.55144999 -10.39389285  -6.23633571  -2.07877857
   2.07877857   6.23633571  10.39389285  14.55144999  18.70900713]_[-2.68012169 -2.08453909 -1.4889565  -0.8933739  -0.2977913   0.2977913
  0.8933739   1.4889565   2.08453909  2.68012169] 

current starting Drone Positions [ 0.29374147  4.45129861  8.60885575 12.76641289 16.92397002 21.08152716
 25.2390843  29.39664144 33.55419858 37.71175572]_[-16.87385447 -16.27827187 -15.68268927 -15.08710668 -14.49152408
 -13.89594148 -13.30035888 -12.70477628 -12.10919369 -11.51361109] 

scanning direction vector [0.270706 0.270706 0.270706 0.270706 0.270706 0.270706 0.270706 0.270706
 0.270706 0.270706]_[-1.88970541 -1.88970541 -1.88970541 -1.88970541 -1.88970541 -1.88970541
 -1.88970541 -1.88970541 -1.88970541 -1.88970541] 

changing back speed 0.3 

velocity vector [ 0.07332994 -0.01395549  0.09576356  0.09040339  0.35468056  0.36196762
  0.3947425   0.37982708  0.50473834  0.46556249]_[-1.6921198  -1.7545218  -1.87009177 -1.85282597 -1.9270552  -1.93648605
 -1.97901976 -1.86466407 -2.00659049 -2.01367921] 

Moving Straight [ 1.02499161  5.38621476  9.28776078 13.45782496 16.99873538 21.13928938
 25.2203718  29.41273158 33.27882911 37.52779658]_[-19.22459297 -18.48340572 -17.61815986 -17.06286411 -16.29407999
 -15.67649206 -14.98166414 -14.6529115  -13.72616725 -13.1140443 ] 

drones next lat [48.33566314 48.33567015 48.33567824 48.33568357 48.33569076 48.33569665
 48.33570322 48.33570651 48.33571515 48.33572099] drones next lon [14.32666011 14.32671886 14.3267714  14.3268276  14.32687529 14.32693108
 14.32698606 14.32704259 14.32709464 14.3271519 ] 
WayPoint_Count 164 

Leader Index 4 

Leader Contour 252.0 

Contour Threshold 220 

Converging Before Rutherford Scattering [ 2.64389078  8.33294968 10.41841793 15.33050604 16.30359026 20.06052229
 22.6975359  28.30405554 30.35181252 35.13190991]_[-17.92630562 -17.9206855  -17.82150762 -15.64187074 -15.57521057
 -16.40876947 -14.46034895 -14.42924073 -13.72995174 -14.32797559] 

Minimum Distance Within Rutherford Scattering 4.2 

Converging After Rutherford Scattering [ 2.03103781  7.21984871 10.80747168 13.90402405 17.17620855 20.41430325
 23.08241292 27.87713102 31.21248244 35.85027041]_[-17.95066511 -18.04948017 -18.17781464 -15.40613516 -15.13463931
 -17.21115384 -13.91481988 -14.7643132  -13.24801921 -14.38482601] 

drones next lat [48.33567468 48.3356742  48.33567333 48.33569851 48.33570121 48.33568278
 48.33571265 48.33570538 48.33571929 48.33570943] drones next lon [14.32667353 14.32674355 14.32679197 14.32683342 14.32687754 14.32692148
 14.32695709 14.32702188 14.3270667  14.32712941] 
WayPoint_Count 165 

Leader Index 4 

Leader Contour 241.0 

Contour Threshold 220 

Converging Before Rutherford Scattering [ 4.48912303  9.48322488 11.89611536 15.02147672 16.44945159 17.88333364
 21.68139144 26.1103257  29.82433734 32.88606576]_[-18.4557763  -16.54855255 -18.01371113 -14.7579035  -15.821534
 -15.60057245 -13.48926383 -15.8062019  -12.71000105 -14.20583416] 

Minimum Distance Within Rutherford Scattering 4.2 

Converging After Rutherford Scattering [ 3.83155732  8.59867839 11.79595575 14.11169672 16.0706678  19.18065873
 22.10904991 26.37487915 29.90146174 33.75023995]_[-18.64685167 -16.12568212 -18.98388239 -13.39334156 -16.99925082
 -15.61349856 -12.80752669 -16.26896112 -12.14139259 -14.42896334] 

drones next lat [48.33566856 48.33569161 48.33566615 48.33571663 48.33568435 48.33569706
 48.33572253 48.33569173 48.33572914 48.33570886] drones next lon [14.32669791 14.32676193 14.32680541 14.32683599 14.32686285 14.32690464
 14.32694382 14.32700179 14.32704888 14.32710108] 
WayPoint_Count 166 

Leader Index 4 

Leader Contour 265.0 

Contour Threshold 220 

Converging Before Rutherford Scattering [ 6.24232458 10.6375056  12.95199173 14.45110347 17.02002752 17.00327908
 20.97994185 24.59417558 28.37570095 31.09650701]_[-17.47655088 -17.35655365 -18.89470512 -15.9390136  -16.6850596
 -17.36406097 -13.09013639 -15.43358276 -11.87169161 -15.45494069] 

Minimum Distance Within Rutherford Scattering 4.2 

Converging After Rutherford Scattering [ 5.28907668  9.68804964 12.73104497 13.74336371 17.69017962 17.60843862
 21.14252864 24.98961584 28.71798032 31.75227933]_[-17.51085175 -17.11687023 -20.17226801 -14.93414994 -15.37708122
 -19.32760376 -12.30528264 -15.80999686 -11.26136369 -15.75082718] 

drones next lat [48.33567889 48.33568278 48.33565554 48.33570274 48.33569907 48.33566352
 48.33572697 48.33569575 48.33573696 48.33569681] drones next lon [14.32671744 14.32677674 14.32681816 14.3268312  14.32688451 14.32688387
 14.32693072 14.32698304 14.32703281 14.32707428] 
WayPoint_Count 167 

Leader Index 4 

Leader Contour 133.0 

Contour Threshold 220 

Previous Drone Positions [ 5.28907668  9.68804964 12.73104497 13.74336371 17.69017962 17.60843862
 21.14252864 24.98961584 28.71798032 31.75227933]_[-17.51085175 -17.11687023 -20.17226801 -14.93414994 -15.37708122
 -19.32760376 -12.30528264 -15.80999686 -11.26136369 -15.75082718] 

Mean Previous Drone Positions [18.33525574 18.33525574 18.33525574 18.33525574 18.33525574 18.33525574
 18.33525574 18.33525574 18.33525574 18.33525574]_[-15.95662953 -15.95662953 -15.95662953 -15.95662953 -15.95662953
 -15.95662953 -15.95662953 -15.95662953 -15.95662953 -15.95662953] 

relative Drone Positions [-16.72404717 -13.00759224  -9.29113732  -5.57468239  -1.85822746
   1.85822746   5.57468239   9.29113732  13.00759224  16.72404717]_[ 8.80433111  6.84781309  4.89129506  2.93477704  0.97825901 -0.97825901
 -2.93477704 -4.89129506 -6.84781309 -8.80433111] 

current starting Drone Positions [ 1.61120857  5.3276635   9.04411842 12.76057335 16.47702827 20.1934832
 23.90993813 27.62639305 31.34284798 35.05930291]_[ -7.15229842  -9.10881644 -11.06533447 -13.02185249 -14.97837051
 -16.93488854 -18.89140656 -20.84792459 -22.80444261 -24.76096064] 

scanning direction vector [-0.5679425 -0.5679425 -0.5679425 -0.5679425 -0.5679425 -0.5679425
 -0.5679425 -0.5679425 -0.5679425 -0.5679425]_[-1.07882098 -1.07882098 -1.07882098 -1.07882098 -1.07882098 -1.07882098
 -1.07882098 -1.07882098 -1.07882098 -1.07882098] 

changing back speed 0.3 

velocity vector [-1.67130293 -1.87605834 -1.67402046 -0.86277961 -0.9318879   0.20757088
  0.26228035  0.22309067  0.2195178   0.42416458]_[ 2.02874502  1.32359516  1.65325908 -0.50513175 -0.95920777 -0.36100641
 -3.05465816 -2.5901993  -4.54174466 -3.78186102] 

Moving Straight [ 3.61777375  7.8119913  11.05702451 12.88058411 16.75829172 17.8160095
 21.40480899 25.2127065  28.93749812 32.1764439 ]_[-15.48210673 -15.79327507 -18.51900893 -15.43928168 -16.33628899
 -19.68861018 -15.3599408  -18.40019616 -15.80310835 -19.5326882 ] 

drones next lat [48.33569701 48.33569454 48.33567028 48.33569813 48.33569036 48.33566029
 48.33569951 48.33567246 48.33569612 48.33566283] drones next lon [14.32669465 14.32675127 14.32679538 14.32681962 14.32687205 14.32688671
 14.32693462 14.32698636 14.32703631 14.32708045] 
WayPoint_Count 168 

Leader Index 4 

Leader Contour 138.0 

Contour Threshold 220 

Previous Drone Positions [ 3.61777375  7.8119913  11.05702451 12.88058411 16.75829172 17.8160095
 21.40480899 25.2127065  28.93749812 32.1764439 ]_[-15.48210673 -15.79327507 -18.51900893 -15.43928168 -16.33628899
 -19.68861018 -15.3599408  -18.40019616 -15.80310835 -19.5326882 ] 

Mean Previous Drone Positions [17.76731324 17.76731324 17.76731324 17.76731324 17.76731324 17.76731324
 17.76731324 17.76731324 17.76731324 17.76731324]_[-17.03545051 -17.03545051 -17.03545051 -17.03545051 -17.03545051
 -17.03545051 -17.03545051 -17.03545051 -17.03545051 -17.03545051] 

relative Drone Positions [-16.72404717 -13.00759224  -9.29113732  -5.57468239  -1.85822746
   1.85822746   5.57468239   9.29113732  13.00759224  16.72404717]_[ 8.80433111  6.84781309  4.89129506  2.93477704  0.97825901 -0.97825901
 -2.93477704 -4.89129506 -6.84781309 -8.80433111] 

current starting Drone Positions [ 1.04326607  4.759721    8.47617592 12.19263085 15.90908578 19.6255407
 23.34199563 27.05845056 30.77490548 34.49136041]_[ -8.2311194  -10.18763742 -12.14415545 -14.10067347 -16.0571915
 -18.01370952 -19.97022755 -21.92674557 -23.8832636  -25.83978162] 

scanning direction vector [-0.5679425 -0.5679425 -0.5679425 -0.5679425 -0.5679425 -0.5679425
 -0.5679425 -0.5679425 -0.5679425 -0.5679425]_[-1.07882098 -1.07882098 -1.07882098 -1.07882098 -1.07882098 -1.07882098
 -1.07882098 -1.07882098 -1.07882098 -1.07882098] 

changing back speed 0.3 

velocity vector [-1.3402948  -1.48362359 -1.34219707 -0.77432847 -0.82270428 -0.02508314
  0.01321349 -0.01421928 -0.01672029  0.12653245]_[ 1.09647522  0.60287032  0.83363506 -0.67723852 -0.99509173 -0.57635078
 -2.46190701 -2.1367858  -3.50286755 -2.97094901] 

Moving Straight [ 2.27747895  6.32836771  9.71482744 12.10625563 15.93558744 17.79092636
 21.41802248 25.19848722 28.92077783 32.30297636]_[-14.38563151 -15.19040476 -17.68537386 -16.1165202  -17.33138072
 -20.26496096 -17.8218478  -20.53698196 -19.3059759  -22.50363721] 

drones next lat [48.33570677 48.33569985 48.33567767 48.33569197 48.33568135 48.3356551
 48.33567737 48.33565324 48.33566461 48.33563611] drones next lon [14.32667643 14.32673118 14.32677717 14.32680925 14.32686106 14.32688644
 14.32693509 14.32698642 14.3270365  14.32708251] 
WayPoint_Count 169 

Leader Index 4 

Leader Contour 254.0 

Contour Threshold 220 

Converging Before Rutherford Scattering [ 3.65049376  8.84876329 10.81941191 14.74611793 15.06945019 15.91373204
 19.19829788 22.4068616  26.09291427 29.89738836]_[-13.99412442 -16.4482689  -17.12007763 -16.04162583 -17.83118695
 -19.16361346 -18.6173724  -19.45034151 -18.47947891 -21.03412754] 

Minimum Distance Within Rutherford Scattering 4.2 

Converging After Rutherford Scattering [ 3.01040439  7.50099335 10.61437559 14.84385388 14.60687769 16.14117179
 19.61620406 22.96962305 26.76323477 30.57669268]_[-13.73017458 -16.10341062 -17.56278344 -14.11819114 -17.8831292
 -21.08639209 -18.33475225 -19.95510762 -18.05975439 -21.34652222] 

drones next lat [48.33571272 48.33569173 48.33567884 48.33571017 48.33567628 48.33564758
 48.33567261 48.3356583  48.33567565 48.33564638] drones next lon [14.32668624 14.32674711 14.32678929 14.32684595 14.3268432  14.32686428
 14.32691084 14.32695628 14.32700724 14.32705908] 
WayPoint_Count 170 

Leader Index 4 

Leader Contour 188.5 

Contour Threshold 220 

Previous Drone Positions [ 3.01040439  7.50099335 10.61437559 14.84385388 14.60687769 16.14117179
 19.61620406 22.96962305 26.76323477 30.57669268]_[-13.73017458 -16.10341062 -17.56278344 -14.11819114 -17.8831292
 -21.08639209 -18.33475225 -19.95510762 -18.05975439 -21.34652222] 

Mean Previous Drone Positions [16.66434312 16.66434312 16.66434312 16.66434312 16.66434312 16.66434312
 16.66434312 16.66434312 16.66434312 16.66434312]_[-17.81802176 -17.81802176 -17.81802176 -17.81802176 -17.81802176
 -17.81802176 -17.81802176 -17.81802176 -17.81802176 -17.81802176] 

relative Drone Positions [-14.88493942 -11.5771751   -8.26941079  -4.96164647  -1.65388216
   1.65388216   4.96164647   8.26941079  11.5771751   14.88493942]_[ 11.64682697   9.0586432    6.47045943   3.88227566   1.29409189
  -1.29409189  -3.88227566  -6.47045943  -9.0586432  -11.64682697] 

current starting Drone Positions [ 1.7794037   5.08716802  8.39493234 11.70269665 15.01046097 18.31822528
 21.6259896  24.93375391 28.24151823 31.54928254]_[ -6.17119479  -8.75937856 -11.34756233 -13.9357461  -16.52392987
 -19.11211364 -21.70029741 -24.28848118 -26.87666495 -29.46484873] 

scanning direction vector [-0.75130387 -0.75130387 -0.75130387 -0.75130387 -0.75130387 -0.75130387
 -0.75130387 -0.75130387 -0.75130387 -0.75130387]_[-0.96018534 -0.96018534 -0.96018534 -0.96018534 -0.96018534 -0.96018534
 -0.96018534 -0.96018534 -0.96018534 -0.96018534] 

changing back speed 0.3 

velocity vector [-1.12060407 -1.47545147 -1.41713684 -1.69365103 -0.63022888 -0.09818782
 -0.1483682  -0.16206461 -0.30781883 -0.45952691]_[ 1.3075086   1.24302428  0.90438099 -0.90545183 -0.55242554 -0.36790181
 -1.96984889 -2.26019741 -3.60525851 -3.39568329] 

Moving Straight [ 1.88980032  6.02554189  9.19723875 13.15020284 13.97664881 16.04298397
 19.46783585 22.80755845 26.45541594 30.11716578]_[-12.42266598 -14.86038634 -16.65840245 -15.02364297 -18.43555474
 -21.4542939  -20.30460114 -22.21530503 -21.6650129  -24.74220551] 

drones next lat [48.3357244  48.33570279 48.33568687 48.33570189 48.33567126 48.33564427
 48.33565488 48.33563795 48.33564319 48.3356158 ] drones next lon [14.32667097 14.32672706 14.32677007 14.32682321 14.32683476 14.326863
 14.32690907 14.32695436 14.32700352 14.32705329] 
WayPoint_Count 171 

Leader Index 4 

Leader Contour 195.0 

Contour Threshold 220 

Previous Drone Positions [ 1.88980032  6.02554189  9.19723875 13.15020284 13.97664881 16.04298397
 19.46783585 22.80755845 26.45541594 30.11716578]_[-12.42266598 -14.86038634 -16.65840245 -15.02364297 -18.43555474
 -21.4542939  -20.30460114 -22.21530503 -21.6650129  -24.74220551] 

Mean Previous Drone Positions [15.91303926 15.91303926 15.91303926 15.91303926 15.91303926 15.91303926
 15.91303926 15.91303926 15.91303926 15.91303926]_[-18.7782071 -18.7782071 -18.7782071 -18.7782071 -18.7782071 -18.7782071
 -18.7782071 -18.7782071 -18.7782071 -18.7782071] 

relative Drone Positions [-14.88493942 -11.5771751   -8.26941079  -4.96164647  -1.65388216
   1.65388216   4.96164647   8.26941079  11.5771751   14.88493942]_[ 11.64682697   9.0586432    6.47045943   3.88227566   1.29409189
  -1.29409189  -3.88227566  -6.47045943  -9.0586432  -11.64682697] 

current starting Drone Positions [ 1.02809984  4.33586415  7.64362847 10.95139279 14.2591571  17.56692142
 20.87468573 24.18245005 27.49021436 30.79797868]_[ -7.13138013  -9.7195639  -12.30774767 -14.89593144 -17.48411521
 -20.07229898 -22.66048275 -25.24866652 -27.8368503  -30.42503407] 

scanning direction vector [-0.75130387 -0.75130387 -0.75130387 -0.75130387 -0.75130387 -0.75130387
 -0.75130387 -0.75130387 -0.75130387 -0.75130387]_[-0.96018534 -0.96018534 -0.96018534 -0.96018534 -0.96018534 -0.96018534
 -0.96018534 -0.96018534 -0.96018534 -0.96018534] 

changing back speed 0.3 

velocity vector [-1.00981401 -1.25820719 -1.21738695 -1.41094688 -0.66655138 -0.29412263
 -0.3292489  -0.33883639 -0.44086434 -0.54705999]_[ 0.62720042  0.58206139  0.34501109 -0.92187188 -0.67475348 -0.54558687
 -1.66694983 -1.87019379 -2.81173656 -2.66503391] 

Moving Straight [ 0.87998631  4.7673347   7.9798518  11.73925596 13.31009743 15.74886134
 19.13858695 22.46872206 26.0145516  29.57010578]_[-11.79546557 -14.27832495 -16.31339136 -15.94551485 -19.11030822
 -21.99988076 -21.97155096 -24.08549882 -24.47674946 -27.40723942] 

drones next lat [48.33572996 48.33570793 48.33568988 48.33569348 48.33566514 48.33563933
 48.33563986 48.3356211  48.33561786 48.33559178] drones next lon [14.32665727 14.32671001 14.3267536  14.32680428 14.32682585 14.3268591
 14.32690483 14.32695001 14.3269979  14.32704622] 
WayPoint_Count 172 

Leader Index 4 

Leader Contour 295.5 

Contour Threshold 220 

Converging Before Rutherford Scattering [ 1.61108099  7.34712424 10.39991809 12.00232412 12.56657556 13.79407576
 18.33587549 21.12764572 24.47911612 27.25772208]_[-12.68831391 -15.80715776 -18.00340649 -18.51670271 -19.77901984
 -21.21847036 -21.21142838 -24.04001629 -22.74678941 -27.3456426 ] 

Minimum Distance Within Rutherford Scattering 4.2 

Converging After Rutherford Scattering [ 1.1509592   6.49512702  9.01633477 12.88072685 11.97945335 14.47345302
 18.74264842 21.1900705  25.26001724 27.7326678 ]_[-12.42798852 -15.12834877 -17.87372296 -16.7877027  -20.62589314
 -22.785449   -20.81500129 -24.75086816 -22.38232509 -27.77964812] 

drones next lat [48.33572429 48.33570042 48.33567592 48.335686   48.3356514  48.33563217
 48.33565023 48.33561502 48.33563664 48.33558829] drones next lon [14.326661   14.32673343 14.32676777 14.32681978 14.32680808 14.32684198
 14.32689935 14.32693284 14.32698747 14.32702147] 
WayPoint_Count 173 

Leader Index 4 

Leader Contour 164.0 

Contour Threshold 220 

Previous Drone Positions [ 1.1509592   6.49512702  9.01633477 12.88072685 11.97945335 14.47345302
 18.74264842 21.1900705  25.26001724 27.7326678 ]_[-12.42798852 -15.12834877 -17.87372296 -16.7877027  -20.62589314
 -22.785449   -20.81500129 -24.75086816 -22.38232509 -27.77964812] 

Mean Previous Drone Positions [14.89214582 14.89214582 14.89214582 14.89214582 14.89214582 14.89214582
 14.89214582 14.89214582 14.89214582 14.89214582]_[-20.13569477 -20.13569477 -20.13569477 -20.13569477 -20.13569477
 -20.13569477 -20.13569477 -20.13569477 -20.13569477 -20.13569477] 

relative Drone Positions [-13.59414294 -10.57322228  -7.55230163  -4.53138098  -1.51046033
   1.51046033   4.53138098   7.55230163  10.57322228  13.59414294]_[ 13.13047135  10.21258883   7.29470631   4.37682378   1.45894126
  -1.45894126  -4.37682378  -7.29470631 -10.21258883 -13.13047135] 

current starting Drone Positions [ 1.29800288  4.31892353  7.33984419 10.36076484 13.38168549 16.40260614
 19.4235268  22.44444745 25.4653681  28.48628875]_[ -7.00522342  -9.92310595 -12.84098847 -15.75887099 -18.67675351
 -21.59463603 -24.51251856 -27.43040108 -30.3482836  -33.26616612] 

scanning direction vector [-0.84700957 -0.84700957 -0.84700957 -0.84700957 -0.84700957 -0.84700957
 -0.84700957 -0.84700957 -0.84700957 -0.84700957]_[-0.87691971 -0.87691971 -0.87691971 -0.87691971 -0.87691971 -0.87691971
 -0.87691971 -0.87691971 -0.87691971 -0.87691971] 

changing back speed 0.3 

velocity vector [-0.80289647 -1.49987061 -1.34995674 -1.60299817 -0.42633993 -0.26826363
 -0.64274606 -0.47069648 -0.78540431 -0.62092328]_[ 0.74990982  0.68465314  0.63290064 -0.5682702  -0.29217782 -0.51967582
 -1.98617489 -1.68077959 -3.26670727 -2.52287511] 

Moving Straight [ 0.34806274  4.9952564   7.66637802 11.27772868 11.55311342 14.20518939
 18.09990237 20.71937401 24.47461293 27.11174452]_[-11.6780787  -14.44369563 -17.24082232 -17.3559729  -20.91807096
 -23.30512482 -22.80117618 -26.43164774 -25.64903235 -30.30252323] 

drones next lat [48.33573097 48.33570646 48.33568151 48.33568076 48.33564873 48.33562747
 48.33563231 48.33559986 48.3356072  48.33556554] drones next lon [14.32665008 14.32671311 14.32674948 14.32679822 14.32680236 14.32683842
 14.32689091 14.32692669 14.32697726 14.32701339] 
WayPoint_Count 174 

Leader Index 5 

Leader Contour 279.5 

Contour Threshold 220 

Converging Before Rutherford Scattering [ 2.87878973  5.54758244  9.41816617 12.60324546 13.72468252 13.2145934
 15.46100842 17.95426051 21.55085019 24.60642061]_[-12.91097059 -16.28849433 -17.64240903 -20.04725568 -22.98457037
 -23.16830532 -22.302566   -25.29332921 -25.43094599 -30.01399756] 

Minimum Distance Within Rutherford Scattering 4.2 

Converging After Rutherford Scattering [ 2.34765699  4.96431868  9.16494852 12.54674184 14.18705079 10.924856
 17.12756405 18.17421611 22.4734316  25.04881484]_[-12.3450089  -16.27347643 -17.10622155 -19.13625393 -23.43982485
 -24.54446825 -21.24337884 -26.13203922 -25.38509601 -30.4770761 ] 

drones next lat [48.33572513 48.33569    48.33568284 48.33566484 48.33562626 48.33561606
 48.33564625 48.33560235 48.33560941 48.33556381] drones next lon [14.32667714 14.32671291 14.32676968 14.32681555 14.32683819 14.32679431
 14.32687761 14.32689231 14.32695023 14.32698558] 
WayPoint_Count 175 

Leader Index 4 

Leader Contour 305.5 

Contour Threshold 220 

Converging Before Rutherford Scattering [ 2.80797733  6.28216478 10.97435265 12.5131344  13.66308416 13.80733557
 16.00621309 16.41225376 21.51315329 23.98474754]_[-13.75644305 -18.46584516 -19.49721736 -20.33907245 -22.58808606
 -23.74944265 -21.56352981 -24.01831104 -25.09001807 -30.17855544] 

Minimum Distance Within Rutherford Scattering 4.2 

Converging After Rutherford Scattering [ 2.39162506  5.4400166   9.61760729 12.91944073 13.09899313 13.03650802
 17.3461738  17.43163068 22.30820099 24.37422026]_[-13.3475222  -18.41377036 -18.54668456 -19.07899232 -22.57578777
 -26.05630661 -20.41137857 -25.04089787 -25.12409171 -30.65108913] 

drones next lat [48.33571612 48.33567078 48.33566992 48.33566539 48.33563394 48.33560263
 48.33565375 48.33561211 48.33561175 48.33556219] drones next lon [14.32667785 14.32671958 14.32677596 14.32682058 14.32682341 14.32682298
 14.32688046 14.32688216 14.32694797 14.3269765 ] 
WayPoint_Count 176 

Leader Index 5 

Leader Contour 245.5 

Contour Threshold 220 

Converging Before Rutherford Scattering [ 4.49602901  5.87588788  9.51469148 12.2230042  13.47448429 13.46259363
 16.5156847  16.34964659 20.40596318 22.33287696]_[-15.4528506  -19.60597258 -20.00347049 -20.39525129 -23.66400658
 -26.96098946 -22.92473329 -25.98995391 -26.32031569 -30.88211398] 

Minimum Distance Within Rutherford Scattering 4.2 

Converging After Rutherford Scattering [ 4.02872298  4.88546192  8.92644331 12.72522092 12.8975718  12.64817056
 17.47335737 16.85806745 21.40049301 22.80735258]_[-14.7544791  -19.79095852 -19.6811409  -19.39261711 -23.76575855
 -28.22902729 -21.98616085 -26.78187547 -26.31807984 -31.49956025] 

drones next lat [48.33570359 48.33565835 48.33565965 48.33566255 48.33562322 48.33558305
 48.33563959 48.3355964  48.33560093 48.33555443] drones next lon [14.32670011 14.32671226 14.32676677 14.32681799 14.32682084 14.326818
 14.32688236 14.32687463 14.32693586 14.32695546] 
WayPoint_Count 177 

Leader Index 4 

Leader Contour 283.0 

Contour Threshold 220 

Converging Before Rutherford Scattering [ 4.4356912   5.98082034  9.79997761 12.21509257 12.36341906 11.84745089
 15.95180398 15.41629461 20.30219    22.05815099]_[-16.08984254 -21.39755753 -21.9689256  -20.58285223 -22.92037057
 -25.82262615 -23.65063798 -26.55892837 -26.31935464 -29.70759022] 

Minimum Distance Within Rutherford Scattering 4.2 

Converging After Rutherford Scattering [ 4.01412646  4.82685033  8.79856125 12.61278902 12.59297669 11.04455183
 16.97552945 15.73944193 21.07681755 22.68924672]_[-15.51035676 -21.43485602 -21.78585519 -18.85006765 -23.04093371
 -27.12461424 -22.98161498 -27.72378537 -26.12997243 -30.43662949] 

drones next lat [48.33569679 48.33564355 48.33564071 48.33566742 48.33562972 48.33559286
 48.3356306  48.33558784 48.3356026  48.33556398] drones next lon [14.3267     14.32671167 14.3267653  14.32681641 14.32681664 14.32679623
 14.32687576 14.32685965 14.32693147 14.32695374] 
WayPoint_Count 178 

Leader Index 5 

Leader Contour 271.0 

Contour Threshold 220 

Converging Before Rutherford Scattering [ 4.45705717  5.46233363  8.83949026 13.14351277 12.29931264 11.20208039
 15.75386858 14.59068132 19.53485086 20.8784133 ]_[-16.41592543 -23.32765361 -24.30783449 -20.38575169 -24.00138424
 -28.11212867 -25.0354069  -28.02061981 -25.43339818 -30.88309461] 

Minimum Distance Within Rutherford Scattering 4.2 

Converging After Rutherford Scattering [ 4.14264273  4.32311876  8.17685456 13.36490567 12.22520141 10.47525315
 16.41347533 14.97176279 20.65918736 21.40919915]_[-15.94833423 -23.20210716 -24.35546753 -19.19386737 -23.66331123
 -29.14789296 -24.62128725 -29.11432741 -25.22856539 -31.44803709] 

drones next lat [48.33569286 48.33562762 48.33561755 48.33566439 48.33562409 48.33557461
 48.3356158  48.33557527 48.33561068 48.33555479] drones next lon [14.32670178 14.32670508 14.32675721 14.3268266  14.32681175 14.32678879
 14.32686837 14.32684945 14.32692573 14.32693659] 
WayPoint_Count 179 

Leader Index 7 

Leader Contour 217.5 

Contour Threshold 220 

Previous Drone Positions [ 4.14264273  4.32311876  8.17685456 13.36490567 12.22520141 10.47525315
 16.41347533 14.97176279 20.65918736 21.40919915]_[-15.94833423 -23.20210716 -24.35546753 -19.19386737 -23.66331123
 -29.14789296 -24.62128725 -29.11432741 -25.22856539 -31.44803709] 

Mean Previous Drone Positions [12.61616009 12.61616009 12.61616009 12.61616009 12.61616009 12.61616009
 12.61616009 12.61616009 12.61616009 12.61616009]_[-24.59231976 -24.59231976 -24.59231976 -24.59231976 -24.59231976
 -24.59231976 -24.59231976 -24.59231976 -24.59231976 -24.59231976] 

relative Drone Positions [-8.22422544 -6.39661979 -4.56901413 -2.74140848 -0.91380283  0.91380283
  2.74140848  4.56901413  6.39661979  8.22422544]_[ 17.01681862  13.23530337   9.45378812   5.67227287   1.89075762
  -1.89075762  -5.67227287  -9.45378812 -13.23530337 -17.01681862] 

current starting Drone Positions [ 4.39193465  6.21954031  8.04714596  9.87475161 11.70235727 13.52996292
 15.35756857 17.18517423 19.01277988 20.84038553]_[ -7.57550114 -11.35701639 -15.13853164 -18.92004689 -22.70156214
 -26.48307739 -30.26459264 -34.04610788 -37.82762313 -41.60913838] 

scanning direction vector [-1.11235093 -1.11235093 -1.11235093 -1.11235093 -1.11235093 -1.11235093
 -1.11235093 -1.11235093 -1.11235093 -1.11235093]_[-0.53759901 -0.53759901 -0.53759901 -0.53759901 -0.53759901 -0.53759901
 -0.53759901 -0.53759901 -0.53759901 -0.53759901] 

changing back speed 0.3 

velocity vector [-1.03756335 -0.54342447 -1.15126351 -2.15939715 -1.26920417 -0.195938
 -1.42912296 -0.4483275  -1.60627318 -1.28299502]_[ 1.97425092  3.01592822  2.22748176 -0.45545286 -0.24907428  0.26184566
 -2.23059062 -2.01713315 -4.31731633 -3.58592939] 

Moving Straight [ 3.10507938  3.7796943   7.02559105 11.20550853 10.95599724 10.27931515
 14.98435237 14.52343529 19.05291419 20.12620414]_[-13.97408331 -20.18617894 -22.12798577 -19.64932024 -23.91238551
 -28.8860473  -26.85187787 -31.13146056 -29.54588172 -35.03396649] 

drones next lat [48.33571054 48.33565471 48.33563749 48.33566012 48.33562175 48.33557695
 48.33559562 48.33555709 48.33557171 48.33552242] drones next lon [14.32668755 14.32669739 14.32674141 14.32679752 14.32679466 14.32678611
 14.32684936 14.32684364 14.32690457 14.3269197 ] 
WayPoint_Count 180 

Leader Index 4 

Leader Contour 285.0 

Contour Threshold 220 

Converging Before Rutherford Scattering [ 5.15501175  6.3562959   9.64650107 11.87428821 10.30188705 11.34744181
 12.50766929 14.23565581 17.41682249 19.8447257 ]_[-14.9572757  -20.50997772 -23.55503013 -22.26459123 -23.15598624
 -27.50629359 -25.16449883 -28.53715076 -27.40365136 -33.62571856] 

Minimum Distance Within Rutherford Scattering 4.2 

Converging After Rutherford Scattering [ 4.87526917  5.44542428  7.46370102 13.42935432 10.17734002 10.38439627
 13.38988191 14.6644314  18.6186844  20.23781629]_[-14.33533642 -20.00798189 -24.57360719 -20.53488025 -22.10606087
 -28.77336648 -25.20274661 -29.71595956 -27.30284679 -34.12738806] 

drones next lat [48.33570743 48.33565644 48.33561553 48.33565233 48.33563794 48.33557798
 48.33561033 48.33556983 48.33559186 48.33553059] drones next lon [14.32671148 14.32671984 14.32674761 14.32682763 14.32678394 14.32678752
 14.32682765 14.32684538 14.32689845 14.3269211 ] 
