WayPoint_Count 1 

Leader Index 4 

Leader Contour 380.5 

Contour Threshold 180 

Converging Before Rutherford Scattering [ 9.40986831  6.74679028  4.97927953  8.39875555 -1.5390514  10.86971373
  1.51806058  1.89613826  0.86006517  1.04810488]_[-7.60388489 -4.01477149  0.17066287  2.02656826  0.93302378 -4.33897741
 -6.32429826 -1.67086284  2.66077108 -1.72964312] 

Minimum Distance Within Rutherford Scattering 4.2 

Converging After Rutherford Scattering [ 9.77959877  6.97414703  5.47431401  9.30318588 -3.00791955 11.99023817
  1.08345105  2.68818331  0.77762689 -0.87510067]_[-8.69406363 -4.44000629  0.90453724  2.85228513  1.39552619 -4.22051918
 -7.41722416 -1.91295585  3.99914439 -2.35813586] 

drones next lat [48.33575856 48.33579661 48.33584457 48.3358624  48.33584832 48.33579898
 48.33576936 48.33581901 48.33587204 48.33581472] drones next lon [14.32677698 14.32673862 14.32671776 14.32676919 14.32660325 14.32680628
 14.3266595  14.3266805  14.32665402 14.32663247] 
WayPoint_Count 2 

Leader Index 4 

Leader Contour 324.0 

Contour Threshold 180 

Converging Before Rutherford Scattering [ 7.29059493  5.44295259  2.99390687  6.31913718 -2.16623031  9.40956722
  0.22152934  0.40620431 -1.12173375 -2.47025069]_[-7.84972712 -4.41135254  1.89531915  2.68196223  0.85556395 -4.22571673
 -6.60299059 -1.74192758  3.83363449 -1.41385063] 

Minimum Distance Within Rutherford Scattering 4.2 

Converging After Rutherford Scattering [ 7.66609051  5.52882383  3.17535583  7.30320402 -3.13214019 10.46796812
 -0.15800346  0.6985191  -1.39856264 -3.82557743]_[-8.8922757  -4.52007735  2.43036415  3.32726686  1.55051901 -4.12955127
 -7.54811854 -2.10309898  5.22177081 -2.31588436] 

drones next lat [48.33575661 48.33579578 48.33585812 48.33586651 48.3358497  48.33579968
 48.33576809 48.33581714 48.33588287 48.33581487] drones next lon [14.32674849 14.32671913 14.32668656 14.32674214 14.32660156 14.32678573
 14.32664276 14.32665367 14.32662451 14.32659266] 
WayPoint_Count 3 

Leader Index 4 

Leader Contour 381.5 

Contour Threshold 180 

Converging Before Rutherford Scattering [ 7.20474855  4.80171287  1.84768297  5.24026708 -2.4102918   9.24708666
 -1.17453443  0.24736224 -2.39454076 -3.38788515]_[-7.28565797 -3.78532872  1.39682565  1.99575042  2.24257024 -2.57785389
 -4.72847781 -0.81089766  2.42339275  0.6491179 ] 

Minimum Distance Within Rutherford Scattering 4.2 

Converging After Rutherford Scattering [ 7.64754876  4.96986343  2.30381778  6.30469987 -2.50892805 10.21612372
 -1.68930625  0.28419961 -2.8412557  -5.46515492]_[-8.21169618 -4.19510868  2.25606165  2.72432798  1.8191079  -2.50448021
 -5.83248306 -1.57590227  5.34740092 -0.30778714] 

drones next lat [48.33576273 48.33579866 48.33585648 48.33586101 48.33585217 48.33581428
 48.3357834  48.33582185 48.33588388 48.3358328 ] drones next lon [14.32674816 14.32671155 14.32667482 14.32672874 14.32660993 14.32678214
 14.3266219  14.32664802 14.32660503 14.3265703 ] 
WayPoint_Count 4 

Leader Index 4 

Leader Contour 352.0 

Contour Threshold 180 

Converging Before Rutherford Scattering [ 6.9199119   4.13078094  1.31199751  5.31510808 -2.07462857  9.2572099
 -2.62033922 -0.90864148 -3.40367487 -3.79783699]_[-6.08764555 -3.63627315  2.08025344  2.53073741  2.71987644 -2.2163335
 -3.14783282 -1.02839224  2.6947396  -0.13879097] 

Minimum Distance Within Rutherford Scattering 4.2 

Converging After Rutherford Scattering [ 7.46051951  4.17208719  2.0108464   6.23156676 -1.60313736 10.1637265
 -3.29276916 -0.47148309 -5.2820201  -5.25944945]_[-7.0590737  -4.02694618  2.68243566  3.17139888  3.96964323 -2.10925314
 -4.6760279  -1.47307411  3.8137182  -0.5224823 ] 

drones next lat [48.33577309 48.33580011 48.33586029 48.33586502 48.33587159 48.33581783
 48.33579368 48.33582271 48.33586989 48.33583089] drones next lon [14.3267455  14.32670077 14.32667081 14.3267277  14.3266219  14.32678138
 14.32660013 14.32663781 14.32657228 14.3265731 ] 
WayPoint_Count 5 

Leader Index 4 

Leader Contour 314.5 

Contour Threshold 180 

Converging Before Rutherford Scattering [ 6.91430127  3.41068629  1.05770551  5.21090835 -2.54752352  7.67463342
 -2.85866922 -1.07939198 -2.58437641 -4.80293436]_[-4.82372683 -1.49329957  3.71871189  3.12722101  3.6408047  -1.89326585
 -1.71443649 -0.49458961  3.18371615  0.43675604] 

Minimum Distance Within Rutherford Scattering 4.2 

Converging After Rutherford Scattering [ 7.29822665  3.6655902   1.59369522  6.12518741 -3.08315342  8.76464448
 -3.68836787 -0.5325138  -3.18393358 -6.56403598]_[-5.97797049 -1.98238874  4.62276608  3.78027671  6.23724406 -1.67674534
 -3.34964632 -0.90824209  2.65389386  0.28870369] 

drones next lat [48.3357828  48.33581846 48.33587771 48.33587049 48.33589187 48.33582161
 48.33580558 48.33582779 48.33585963 48.33583808] drones next lon [14.32674318 14.32669369 14.32666496 14.3267262  14.32660166 14.32676246
 14.32659463 14.32663692 14.32660073 14.3265554 ] 
WayPoint_Count 6 

Leader Index 4 

Leader Contour 291.0 

Contour Threshold 180 

Converging Before Rutherford Scattering [ 6.26125362  2.67844942 -0.52935445  3.44943282 -2.52429366  7.29413521
 -2.61186349 -2.11955485 -3.63603526 -6.52385383]_[-5.42008473 -1.39606784  4.30279689  3.62698487  7.06650624  0.41543624
 -1.04288438  1.37953793  5.51426654  2.25831069] 

Minimum Distance Within Rutherford Scattering 4.2 

Converging After Rutherford Scattering [ 6.67398918  2.89051418  0.05498305  4.33696628 -2.33152022  8.24541305
 -3.16396521 -2.28672869 -4.88590995 -7.79542614]_[-6.13636269 -2.00828456  4.8274059   4.1637941   8.89600012  0.43073473
 -2.54000257  1.21978372  5.8315414   2.02019229] 

drones next lat [48.33578133 48.33581816 48.33587943 48.3358738  48.33591585 48.33584053
 48.3358129  48.33584679 48.33588808 48.33585356] drones next lon [14.32673478 14.32668324 14.32664417 14.32670202 14.32661149 14.3267552
 14.32660161 14.326613   14.32657739 14.32653858] 
WayPoint_Count 7 

Leader Index 4 

Leader Contour 371.0 

Contour Threshold 180 

Converging Before Rutherford Scattering [ 6.64529295  1.09610872  0.03135707  3.70408202 -2.95532887  5.74978839
 -2.94025649 -2.86902626 -3.15892729 -6.81879384]_[-4.462433   -0.5706027   6.70521268  5.38186313  9.67757722  1.3235917
  0.45163313  4.04095864  8.26264407  4.5495193 ] 

Minimum Distance Within Rutherford Scattering 4.2 

Converging After Rutherford Scattering [ 7.03685804  1.29913     0.62342467  4.62424697 -2.99830419  6.57362569
 -3.54637353 -3.08417657 -3.98726034 -8.05687435]_[-5.05639679 -1.30055801  7.21510385  5.77873648 11.7195092   1.14555186
 -0.57012002  3.76616536  8.1960459   4.46592635] 

drones next lat [48.33579107 48.3358244  48.33590096 48.33588835 48.33594119 48.33584683
 48.33583059 48.33586964 48.33590942 48.33587554] drones next lon [14.32673954 14.32666168 14.32665156 14.32670571 14.32660216 14.32673256
 14.32659622 14.32660194 14.32658923 14.32653476] 
WayPoint_Count 8 

Leader Index 4 

Leader Contour 324.0 

Contour Threshold 180 

Converging Before Rutherford Scattering [ 5.27304793  0.97301134  0.32250685  3.77542567 -2.45876794  6.01097055
 -3.63450679 -2.31953461 -3.27966316 -7.90626822]_[-2.66426296 -0.35504117  9.0788975   7.69304871 12.56147157  3.25460319
  0.44372591  5.09681198 11.10757013  5.99206525] 

Minimum Distance Within Rutherford Scattering 4.2 

Converging After Rutherford Scattering [ 5.75969307  1.01745671  0.58945787  4.63859374 -2.16063274  6.72999141
 -4.23892809 -2.52750402 -4.33738599 -8.71452035]_[-3.31186924 -0.86523639  9.44727796  7.97977982 14.20503495  3.1254313
 -0.20251114  4.92712348 10.9412934   5.96256596] 

drones next lat [48.33580666 48.3358283  48.33592104 48.33590815 48.33596362 48.33586465
 48.33583385 48.33588013 48.33593409 48.33588895] drones next lon [14.3267221  14.32665783 14.32665083 14.32670564 14.32661316 14.32673443
 14.32658683 14.32660931 14.32658418 14.32652571] 
WayPoint_Count 9 

Leader Index 5 

Leader Contour 344.0 

Contour Threshold 180 

Converging Before Rutherford Scattering [ 5.29737381  1.70518248  1.21266946  4.99794278 -0.53587505  7.55679376
 -1.58927688  0.2791817  -2.8866538  -6.81625647]_[-1.98364857  0.58675125  7.37493444  7.04487218 13.57295808  2.56293875
  1.05534881  4.00795381  8.8044512   6.59884414] 

Minimum Distance Within Rutherford Scattering 4.2 

Converging After Rutherford Scattering [ 5.81473261  1.96560919  1.37331538  5.91487354 -0.51774459  8.43704471
 -2.65909589  0.0728194  -3.4572197  -7.72325287]_[-2.87765437 -0.19845956  8.10986438  7.55073811 14.41305093  2.47267227
  0.25180958  4.01325845  9.34904144  6.54108285] 

drones next lat [48.33581057 48.33583437 48.33590907 48.3359044  48.33596562 48.33585891
 48.33583806 48.33587211 48.33591983 48.33589424] drones next lon [14.3267228  14.32667054 14.32666157 14.32672291 14.32663531 14.32675754
 14.32660809 14.32664451 14.32659625 14.32653902] 
WayPoint_Count 10 

Leader Index 5 

Leader Contour 144.5 

Contour Threshold 180 

Previous Drone Positions [ 5.81473261  1.96560919  1.37331538  5.91487354 -0.51774459  8.43704471
 -2.65909589  0.0728194  -3.4572197  -7.72325287]_[-2.87765437 -0.19845956  8.10986438  7.55073811 14.41305093  2.47267227
  0.25180958  4.01325845  9.34904144  6.54108285] 

Mean Previous Drone Positions [0.92210818 0.92210818 0.92210818 0.92210818 0.92210818 0.92210818
 0.92210818 0.92210818 0.92210818 0.92210818]_[4.96254041 4.96254041 4.96254041 4.96254041 4.96254041 4.96254041
 4.96254041 4.96254041 4.96254041 4.96254041] 

relative Drone Positions [ 5.9409291   4.62072263  3.30051617  1.9803097   0.66010323 -0.66010323
 -1.9803097  -3.30051617 -4.62072263 -5.9409291 ]_[-17.94199993 -13.95488883  -9.96777774  -5.98066664  -1.99355555
   1.99355555   5.98066664   9.96777774  13.95488883  17.94199993] 

current starting Drone Positions [ 6.86303727  5.54283081  4.22262434  2.90241788  1.58221141  0.26200494
 -1.05820152 -2.37840799 -3.69861445 -5.01882092]_[-12.97945952  -8.99234843  -5.00523733  -1.01812623   2.96898486
   6.95609596  10.94320705  14.93031815  18.91742924  22.90454034] 

Mean Current Drone Positions [0.92210818 0.92210818 0.92210818 0.92210818 0.92210818 0.92210818
 0.92210818 0.92210818 0.92210818 0.92210818]_[4.96254041 4.96254041 4.96254041 4.96254041 4.96254041 4.96254041
 4.96254041 4.96254041 4.96254041 4.96254041] 

scanning direction vector [0.81080692 0.81080692 0.81080692 0.81080692 0.81080692 0.81080692
 0.81080692 0.81080692 0.81080692 0.81080692]_[0.26847322 0.26847322 0.26847322 0.26847322 0.26847322 0.26847322
 0.26847322 0.26847322 0.26847322 0.26847322] 

changing back speed 0.3 

velocity vector [ 1.12529832  1.88397341  1.66559961 -0.09292978  1.44079372 -1.64170501
  1.29107523  0.0754387   0.7383885   1.62213651]_[-2.76206833 -2.36969344 -3.6660573  -2.30218609 -3.1647466   1.61350032
  3.47589246  3.54359113  3.13898956  5.17751046] 

Moving Straight [ 6.94003093  3.8495826   3.03891499  5.82194376  0.92304913  6.7953397
 -1.36802066  0.1482581  -2.71883121 -6.10111636]_[-5.6397227  -2.56815301  4.44380709  5.24855202 11.24830433  4.08617259
  3.72770204  7.55684958 12.48803099 11.71859331] 

drones next lat [48.33578582 48.3358132  48.33587622 48.33588368 48.33593727 48.3358733
 48.33586943 48.335904   48.33594813 48.33594094] drones next lon [14.32673831 14.32669624 14.32668448 14.32672193 14.32665512 14.3267352
 14.3266251  14.32664511 14.32660584 14.32656029] 
WayPoint_Count 11 

Leader Index 4 

Leader Contour 131.5 

Contour Threshold 180 

Previous Drone Positions [ 6.94003093  3.8495826   3.03891499  5.82194376  0.92304913  6.7953397
 -1.36802066  0.1482581  -2.71883121 -6.10111636]_[-5.6397227  -2.56815301  4.44380709  5.24855202 11.24830433  4.08617259
  3.72770204  7.55684958 12.48803099 11.71859331] 

Mean Previous Drone Positions [1.7329151 1.7329151 1.7329151 1.7329151 1.7329151 1.7329151 1.7329151
 1.7329151 1.7329151 1.7329151]_[5.23101362 5.23101362 5.23101362 5.23101362 5.23101362 5.23101362
 5.23101362 5.23101362 5.23101362 5.23101362] 

relative Drone Positions [ 5.9409291   4.62072263  3.30051617  1.9803097   0.66010323 -0.66010323
 -1.9803097  -3.30051617 -4.62072263 -5.9409291 ]_[-17.94199993 -13.95488883  -9.96777774  -5.98066664  -1.99355555
   1.99355555   5.98066664   9.96777774  13.95488883  17.94199993] 

current starting Drone Positions [ 7.6738442   6.35363773  5.03343126  3.7132248   2.39301833  1.07281187
 -0.2473946  -1.56760107 -2.88780753 -4.208014  ]_[-12.7109863   -8.72387521  -4.73676411  -0.74965302   3.23745808
   7.22456917  11.21168027  15.19879136  19.18590246  23.17301355] 

Mean Current Drone Positions [1.7329151 1.7329151 1.7329151 1.7329151 1.7329151 1.7329151 1.7329151
 1.7329151 1.7329151 1.7329151]_[5.23101362 5.23101362 5.23101362 5.23101362 5.23101362 5.23101362
 5.23101362 5.23101362 5.23101362 5.23101362] 

scanning direction vector [0.81080692 0.81080692 0.81080692 0.81080692 0.81080692 0.81080692
 0.81080692 0.81080692 0.81080692 0.81080692]_[0.26847322 0.26847322 0.26847322 0.26847322 0.26847322 0.26847322
 0.26847322 0.26847322 0.26847322 0.26847322] 

changing back speed 0.3 

velocity vector [ 1.0309509   1.56202346  1.4091618   0.17819123  1.25179768 -0.90595143
  1.14699474  0.29604917  0.76011402  1.37873763]_[-1.85290587 -1.57824344 -2.48569814 -1.5309883  -2.13478066  1.20999219
  2.51366668  2.56105575  2.27783466  3.70479929] 

Moving Straight [ 7.97098183  5.41160606  4.44807679  6.00013499  2.17484681  5.88938827
 -0.22102592  0.44430727 -1.95871718 -4.72237873]_[-7.49262856 -4.14639645  1.95810894  3.71756373  9.11352367  5.29616478
  6.24136873 10.11790533 14.76586565 15.4233926 ] 

drones next lat [48.33576923 48.33579913 48.33585397 48.33586992 48.33591816 48.33588411
 48.33589213 48.33592706 48.33596868 48.33597438] drones next lon [14.32675244 14.32671751 14.32670378 14.32672452 14.32667226 14.32672284
 14.32664028 14.3266488  14.32661582 14.32657846] 
WayPoint_Count 12 

Leader Index 4 

Leader Contour 84.0 

Contour Threshold 180 

Previous Drone Positions [ 7.97098183  5.41160606  4.44807679  6.00013499  2.17484681  5.88938827
 -0.22102592  0.44430727 -1.95871718 -4.72237873]_[-7.49262856 -4.14639645  1.95810894  3.71756373  9.11352367  5.29616478
  6.24136873 10.11790533 14.76586565 15.4233926 ] 

Mean Previous Drone Positions [2.54372202 2.54372202 2.54372202 2.54372202 2.54372202 2.54372202
 2.54372202 2.54372202 2.54372202 2.54372202]_[5.49948684 5.49948684 5.49948684 5.49948684 5.49948684 5.49948684
 5.49948684 5.49948684 5.49948684 5.49948684] 

relative Drone Positions [ 5.9409291   4.62072263  3.30051617  1.9803097   0.66010323 -0.66010323
 -1.9803097  -3.30051617 -4.62072263 -5.9409291 ]_[-17.94199993 -13.95488883  -9.96777774  -5.98066664  -1.99355555
   1.99355555   5.98066664   9.96777774  13.95488883  17.94199993] 

current starting Drone Positions [ 8.48465112  7.16444465  5.84423818  4.52403172  3.20382525  1.88361879
  0.56341232 -0.75679415 -2.07700061 -3.39720708]_[-12.44251309  -8.45540199  -4.4682909   -0.4811798    3.50593129
   7.49304239  11.48015348  15.46726458  19.45437568  23.44148677] 

Mean Current Drone Positions [2.54372202 2.54372202 2.54372202 2.54372202 2.54372202 2.54372202
 2.54372202 2.54372202 2.54372202 2.54372202]_[5.49948684 5.49948684 5.49948684 5.49948684 5.49948684 5.49948684
 5.49948684 5.49948684 5.49948684 5.49948684] 

scanning direction vector [0.81080692 0.81080692 0.81080692 0.81080692 0.81080692 0.81080692
 0.81080692 0.81080692 0.81080692 0.81080692]_[0.26847322 0.26847322 0.26847322 0.26847322 0.26847322 0.26847322
 0.26847322 0.26847322 0.26847322 0.26847322] 

changing back speed 0.3 

velocity vector [ 0.96490771  1.3366585   1.22965534  0.36797594  1.11950045 -0.39092392
  1.04613839  0.45047649  0.77532189  1.20835842]_[-1.21649214 -1.02422845 -1.65944674 -0.99114984 -1.4138045   0.9275365
  1.84010864  1.87328099  1.67502622  2.67390147] 

Moving Straight [ 8.93588954  6.74826456  5.67773213  6.36811093  3.29434726  5.49846435
  0.82511247  0.89478377 -1.18339529 -3.51402032]_[-8.7091207  -5.1706249   0.29866221  2.72641388  7.69971917  6.22370128
  8.08147737 11.99118632 16.44089187 18.09729407] 

drones next lat [48.33575836 48.33579002 48.33583914 48.33586103 48.33590553 48.33589243
 48.33590877 48.33594395 48.33598381 48.33599853] drones next lon [14.3267656  14.32673566 14.32672057 14.3267296  14.32668754 14.32671745
 14.32665418 14.32665465 14.32662609 14.32659444] 
WayPoint_Count 13 

Leader Index 6 

Leader Contour 67.5 

Contour Threshold 180 

Previous Drone Positions [ 8.93588954  6.74826456  5.67773213  6.36811093  3.29434726  5.49846435
  0.82511247  0.89478377 -1.18339529 -3.51402032]_[-8.7091207  -5.1706249   0.29866221  2.72641388  7.69971917  6.22370128
  8.08147737 11.99118632 16.44089187 18.09729407] 

Mean Previous Drone Positions [3.35452894 3.35452894 3.35452894 3.35452894 3.35452894 3.35452894
 3.35452894 3.35452894 3.35452894 3.35452894]_[5.76796006 5.76796006 5.76796006 5.76796006 5.76796006 5.76796006
 5.76796006 5.76796006 5.76796006 5.76796006] 

relative Drone Positions [ 5.9409291   4.62072263  3.30051617  1.9803097   0.66010323 -0.66010323
 -1.9803097  -3.30051617 -4.62072263 -5.9409291 ]_[-17.94199993 -13.95488883  -9.96777774  -5.98066664  -1.99355555
   1.99355555   5.98066664   9.96777774  13.95488883  17.94199993] 

current starting Drone Positions [ 9.29545804  7.97525157  6.65504511  5.33483864  4.01463217  2.69442571
  1.37421924  0.05401278 -1.26619369 -2.58640016]_[-12.17403987  -8.18692878  -4.19981768  -0.21270659   3.77440451
   7.76151561  11.7486267   15.7357378   19.72284889  23.70995999] 

Mean Current Drone Positions [3.35452894 3.35452894 3.35452894 3.35452894 3.35452894 3.35452894
 3.35452894 3.35452894 3.35452894 3.35452894]_[5.76796006 5.76796006 5.76796006 5.76796006 5.76796006 5.76796006
 5.76796006 5.76796006 5.76796006 5.76796006] 

scanning direction vector [0.81080692 0.81080692 0.81080692 0.81080692 0.81080692 0.81080692
 0.81080692 0.81080692 0.81080692 0.81080692]_[0.26847322 0.26847322 0.26847322 0.26847322 0.26847322 0.26847322
 0.26847322 0.26847322 0.26847322 0.26847322] 

changing back speed 0.3 

velocity vector [ 0.91867747  1.17890302  1.10400081  0.50082523  1.02689239 -0.03040467
  0.97553895  0.55857562  0.7859674   1.08909297]_[-0.77100253 -0.63641795 -1.08107075 -0.61326292 -0.90912118  0.72981751
  1.36861802  1.39183866  1.25306032  1.95227299] 

Moving Straight [ 9.85456701  7.92716758  6.78173294  6.86893616  4.32123966  5.46805968
  1.80065142  1.45335939 -0.39742789 -2.42492735]_[-9.48012324 -5.80704284 -0.78240854  2.11315096  6.79059799  6.9535188
  9.45009538 13.38302498 17.6939522  20.04956706] 

drones next lat [48.3357515  48.33578439 48.3358295  48.33585555 48.33589743 48.33589899
 48.33592116 48.33595651 48.33599515 48.33601618] drones next lon [14.32677809 14.32675165 14.3267356  14.32673643 14.3267015  14.32671695
 14.32666718 14.32666202 14.32663654 14.32660891] 
WayPoint_Count 14 

Leader Index 5 

Leader Contour 100.5 

Contour Threshold 180 

Previous Drone Positions [ 9.85456701  7.92716758  6.78173294  6.86893616  4.32123966  5.46805968
  1.80065142  1.45335939 -0.39742789 -2.42492735]_[-9.48012324 -5.80704284 -0.78240854  2.11315096  6.79059799  6.9535188
  9.45009538 13.38302498 17.6939522  20.04956706] 

Mean Previous Drone Positions [4.16533586 4.16533586 4.16533586 4.16533586 4.16533586 4.16533586
 4.16533586 4.16533586 4.16533586 4.16533586]_[6.03643327 6.03643327 6.03643327 6.03643327 6.03643327 6.03643327
 6.03643327 6.03643327 6.03643327 6.03643327] 

relative Drone Positions [ 5.9409291   4.62072263  3.30051617  1.9803097   0.66010323 -0.66010323
 -1.9803097  -3.30051617 -4.62072263 -5.9409291 ]_[-17.94199993 -13.95488883  -9.96777774  -5.98066664  -1.99355555
   1.99355555   5.98066664   9.96777774  13.95488883  17.94199993] 

current starting Drone Positions [10.10626496  8.78605849  7.46585203  6.14564556  4.82543909  3.50523263
  2.18502616  0.8648197  -0.45538677 -1.77559324]_[-11.90556666  -7.91845556  -3.93134446   0.05576663   4.04287773
   8.02998882  12.01709992  16.00421101  19.99132211  23.9784332 ] 

Mean Current Drone Positions [4.16533586 4.16533586 4.16533586 4.16533586 4.16533586 4.16533586
 4.16533586 4.16533586 4.16533586 4.16533586]_[6.03643327 6.03643327 6.03643327 6.03643327 6.03643327 6.03643327
 6.03643327 6.03643327 6.03643327 6.03643327] 

scanning direction vector [0.81080692 0.81080692 0.81080692 0.81080692 0.81080692 0.81080692
 0.81080692 0.81080692 0.81080692 0.81080692]_[0.26847322 0.26847322 0.26847322 0.26847322 0.26847322 0.26847322
 0.26847322 0.26847322 0.26847322 0.26847322] 

changing back speed 0.3 

velocity vector [0.88631631 1.06847419 1.01604265 0.59381974 0.96206675 0.22195881
 0.92611934 0.63424501 0.79341926 1.00560715]_[-0.45915981 -0.3649506  -0.67620756 -0.34874208 -0.55584286  0.59141422
  1.03857458  1.05482903  0.95768419  1.44713306] 

Moving Straight [10.74088331  8.99564178  7.79777559  7.4627559   5.28330641  5.69001848
  2.72677077  2.0876044   0.39599137 -1.41932019]_[-9.93928305 -6.17199344 -1.4586161   1.76440888  6.23475513  7.54493302
 10.48866996 14.43785401 18.65163639 21.49670012] 

drones next lat [48.33574744 48.33578119 48.3358235  48.33585246 48.33589251 48.33590433
 48.33593057 48.33596605 48.33600382 48.33602928] drones next lon [14.3267901  14.3267661  14.32674938 14.32674448 14.32671455 14.32671988
 14.32667955 14.32667046 14.32664713 14.3266223 ] 
WayPoint_Count 15 

Leader Index 4 

Leader Contour 68.5 

Contour Threshold 180 

Previous Drone Positions [10.74088331  8.99564178  7.79777559  7.4627559   5.28330641  5.69001848
  2.72677077  2.0876044   0.39599137 -1.41932019]_[-9.93928305 -6.17199344 -1.4586161   1.76440888  6.23475513  7.54493302
 10.48866996 14.43785401 18.65163639 21.49670012] 

Mean Previous Drone Positions [4.97614278 4.97614278 4.97614278 4.97614278 4.97614278 4.97614278
 4.97614278 4.97614278 4.97614278 4.97614278]_[6.30490649 6.30490649 6.30490649 6.30490649 6.30490649 6.30490649
 6.30490649 6.30490649 6.30490649 6.30490649] 

relative Drone Positions [ 5.9409291   4.62072263  3.30051617  1.9803097   0.66010323 -0.66010323
 -1.9803097  -3.30051617 -4.62072263 -5.9409291 ]_[-17.94199993 -13.95488883  -9.96777774  -5.98066664  -1.99355555
   1.99355555   5.98066664   9.96777774  13.95488883  17.94199993] 

current starting Drone Positions [10.91707188  9.59686541  8.27665895  6.95645248  5.63624602  4.31603955
  2.99583308  1.67562662  0.35542015 -0.96478631]_[-11.63709344  -7.64998234  -3.66287125   0.32423985   4.31135094
   8.29846204  12.28557313  16.27268423  20.25979532  24.24690642] 

Mean Current Drone Positions [4.97614278 4.97614278 4.97614278 4.97614278 4.97614278 4.97614278
 4.97614278 4.97614278 4.97614278 4.97614278]_[6.30490649 6.30490649 6.30490649 6.30490649 6.30490649 6.30490649
 6.30490649 6.30490649 6.30490649 6.30490649] 

scanning direction vector [0.81080692 0.81080692 0.81080692 0.81080692 0.81080692 0.81080692
 0.81080692 0.81080692 0.81080692 0.81080692]_[0.26847322 0.26847322 0.26847322 0.26847322 0.26847322 0.26847322
 0.26847322 0.26847322 0.26847322 0.26847322] 

changing back speed 0.3 

velocity vector [0.86366349 0.99117401 0.95447193 0.65891589 0.9166888  0.39861324
 0.89152562 0.68721358 0.79863556 0.94716708]_[-0.2408699  -0.17492345 -0.39280333 -0.16357749 -0.30854804  0.49453192
  0.80754417  0.81892228  0.7509209   1.09353511] 

Moving Straight [11.6045468   9.98681579  8.75224752  8.1216718   6.19999521  6.08863172
  3.61829638  2.77481799  1.19462692 -0.47215311]_[-10.18015295  -6.3469169   -1.85141943   1.60083138   5.92620709
   8.03946494  11.29621413  15.25677629  19.40255728  22.59023523] 

drones next lat [48.33574534 48.33577969 48.33582004 48.33585104 48.3358898  48.33590881
 48.33593791 48.33597347 48.33601064 48.33603919] drones next lon [14.32680178 14.3267795  14.32676231 14.32675339 14.32672695 14.3267252
 14.32669148 14.32667963 14.32665782 14.32663495] 
WayPoint_Count 16 

Leader Index 4 

Leader Contour 104.0 

Contour Threshold 180 

Previous Drone Positions [11.6045468   9.98681579  8.75224752  8.1216718   6.19999521  6.08863172
  3.61829638  2.77481799  1.19462692 -0.47215311]_[-10.18015295  -6.3469169   -1.85141943   1.60083138   5.92620709
   8.03946494  11.29621413  15.25677629  19.40255728  22.59023523] 

Mean Previous Drone Positions [5.7869497 5.7869497 5.7869497 5.7869497 5.7869497 5.7869497 5.7869497
 5.7869497 5.7869497 5.7869497]_[6.57337971 6.57337971 6.57337971 6.57337971 6.57337971 6.57337971
 6.57337971 6.57337971 6.57337971 6.57337971] 

relative Drone Positions [ 5.9409291   4.62072263  3.30051617  1.9803097   0.66010323 -0.66010323
 -1.9803097  -3.30051617 -4.62072263 -5.9409291 ]_[-17.94199993 -13.95488883  -9.96777774  -5.98066664  -1.99355555
   1.99355555   5.98066664   9.96777774  13.95488883  17.94199993] 

current starting Drone Positions [11.7278788  10.40767233  9.08746587  7.7672594   6.44705294  5.12684647
  3.80664     2.48643354  1.16622707 -0.15397939]_[-11.36862022  -7.38150913  -3.39439803   0.59271306   4.57982416
   8.56693525  12.55404635  16.54115744  20.52826854  24.51537964] 

Mean Current Drone Positions [5.7869497 5.7869497 5.7869497 5.7869497 5.7869497 5.7869497 5.7869497
 5.7869497 5.7869497 5.7869497]_[6.57337971 6.57337971 6.57337971 6.57337971 6.57337971 6.57337971
 6.57337971 6.57337971 6.57337971 6.57337971] 

scanning direction vector [0.81080692 0.81080692 0.81080692 0.81080692 0.81080692 0.81080692
 0.81080692 0.81080692 0.81080692 0.81080692]_[0.26847322 0.26847322 0.26847322 0.26847322 0.26847322 0.26847322
 0.26847322 0.26847322 0.26847322 0.26847322] 

changing back speed 0.3 

velocity vector [0.84780652 0.93706388 0.91137243 0.7044832  0.88492424 0.52227134
 0.86731001 0.72429159 0.80228697 0.90625904]_[-0.08806697 -0.04190445 -0.19442036 -0.03396228 -0.13544166  0.42671431
  0.64582288  0.65378756  0.60618659  0.84601654] 

Moving Straight [12.45235332 10.92387967  9.66361994  8.826155    7.08491945  6.61090307
  4.48560639  3.49910957  1.99691389  0.43410593]_[-10.26821991  -6.38882135  -2.04583979   1.5668691    5.79076543
   8.46617925  11.94203701  15.91056385  20.00874388  23.43625177] 

drones next lat [48.33574461 48.33577939 48.33581836 48.33585079 48.33588866 48.33591269
 48.33594379 48.33597941 48.33601616 48.33604687] drones next lon [14.32681323 14.32679215 14.32677463 14.3267629  14.32673891 14.32673219
 14.32670311 14.32668933 14.32666857 14.32664708] 
WayPoint_Count 17 

Leader Index 4 

Leader Contour 62.0 

Contour Threshold 180 

Previous Drone Positions [12.45235332 10.92387967  9.66361994  8.826155    7.08491945  6.61090307
  4.48560639  3.49910957  1.99691389  0.43410593]_[-10.26821991  -6.38882135  -2.04583979   1.5668691    5.79076543
   8.46617925  11.94203701  15.91056385  20.00874388  23.43625177] 

Mean Previous Drone Positions [6.59775662 6.59775662 6.59775662 6.59775662 6.59775662 6.59775662
 6.59775662 6.59775662 6.59775662 6.59775662]_[6.84185292 6.84185292 6.84185292 6.84185292 6.84185292 6.84185292
 6.84185292 6.84185292 6.84185292 6.84185292] 

relative Drone Positions [ 5.9409291   4.62072263  3.30051617  1.9803097   0.66010323 -0.66010323
 -1.9803097  -3.30051617 -4.62072263 -5.9409291 ]_[-17.94199993 -13.95488883  -9.96777774  -5.98066664  -1.99355555
   1.99355555   5.98066664   9.96777774  13.95488883  17.94199993] 

current starting Drone Positions [12.53868572 11.21847925  9.89827279  8.57806632  7.25785986  5.93765339
  4.61744692  3.29724046  1.97703399  0.65682753]_[-11.10014701  -7.11303591  -3.12592482   0.86118628   4.84829738
   8.83540847  12.82251957  16.80963066  20.79674176  24.78385285] 

Mean Current Drone Positions [6.59775662 6.59775662 6.59775662 6.59775662 6.59775662 6.59775662
 6.59775662 6.59775662 6.59775662 6.59775662]_[6.84185292 6.84185292 6.84185292 6.84185292 6.84185292 6.84185292
 6.84185292 6.84185292 6.84185292 6.84185292] 

scanning direction vector [0.81080692 0.81080692 0.81080692 0.81080692 0.81080692 0.81080692
 0.81080692 0.81080692 0.81080692 0.81080692]_[0.26847322 0.26847322 0.26847322 0.26847322 0.26847322 0.26847322
 0.26847322 0.26847322 0.26847322 0.26847322] 

changing back speed 0.3 

velocity vector [0.83670664 0.8991868  0.88120277 0.73638032 0.86268904 0.60883202
 0.85035908 0.75024619 0.80484295 0.8776234 ]_[ 0.01889509  0.05120885 -0.05555229  0.05676837 -0.0142672   0.37924198
  0.53261798  0.53819326  0.50487258  0.67275354] 

Moving Straight [13.28905996 11.82306647 10.54482272  9.56253532  7.94760849  7.21973509
  5.33596547  4.24935576  2.80175684  1.31172933]_[-10.24932483  -6.3376125   -2.10139208   1.62363747   5.77649823
   8.84542123  12.47465499  16.44875711  20.51361646  24.10900531] 

drones next lat [48.33574485 48.33577992 48.33581793 48.33585136 48.3358886  48.33591615
 48.33594865 48.33598431 48.33602076 48.33605299] drones next lon [14.32682452 14.32680427 14.32678652 14.32677283 14.32675055 14.32674036
 14.32671452 14.32669939 14.32667937 14.32665884] 
WayPoint_Count 18 

Leader Index 3 

Leader Contour 87.5 

Contour Threshold 180 

Previous Drone Positions [13.28905996 11.82306647 10.54482272  9.56253532  7.94760849  7.21973509
  5.33596547  4.24935576  2.80175684  1.31172933]_[-10.24932483  -6.3376125   -2.10139208   1.62363747   5.77649823
   8.84542123  12.47465499  16.44875711  20.51361646  24.10900531] 

Mean Previous Drone Positions [7.40856354 7.40856354 7.40856354 7.40856354 7.40856354 7.40856354
 7.40856354 7.40856354 7.40856354 7.40856354]_[7.11032614 7.11032614 7.11032614 7.11032614 7.11032614 7.11032614
 7.11032614 7.11032614 7.11032614 7.11032614] 

relative Drone Positions [ 5.9409291   4.62072263  3.30051617  1.9803097   0.66010323 -0.66010323
 -1.9803097  -3.30051617 -4.62072263 -5.9409291 ]_[-17.94199993 -13.95488883  -9.96777774  -5.98066664  -1.99355555
   1.99355555   5.98066664   9.96777774  13.95488883  17.94199993] 

current starting Drone Positions [13.34949264 12.02928618 10.70907971  9.38887324  8.06866678  6.74846031
  5.42825385  4.10804738  2.78784091  1.46763445]_[-10.83167379  -6.84456269  -2.8574516    1.1296595    5.11677059
   9.10388169  13.09099278  17.07810388  21.06521497  25.05232607] 

Mean Current Drone Positions [7.40856354 7.40856354 7.40856354 7.40856354 7.40856354 7.40856354
 7.40856354 7.40856354 7.40856354 7.40856354]_[7.11032614 7.11032614 7.11032614 7.11032614 7.11032614 7.11032614
 7.11032614 7.11032614 7.11032614 7.11032614] 

scanning direction vector [0.81080692 0.81080692 0.81080692 0.81080692 0.81080692 0.81080692
 0.81080692 0.81080692 0.81080692 0.81080692]_[0.26847322 0.26847322 0.26847322 0.26847322 0.26847322 0.26847322
 0.26847322 0.26847322 0.26847322 0.26847322] 

changing back speed 0.3 

velocity vector [0.82893672 0.87267283 0.86008402 0.7587083  0.84712441 0.66942449
 0.83849343 0.76841441 0.80663214 0.85757846]_[0.09376853 0.11638816 0.04165536 0.12027982 0.07055493 0.34601135
 0.45337455 0.45727725 0.43395277 0.55146944] 

Moving Straight [14.11799669 12.6957393  11.40490674 10.32124362  8.7947329   7.88915957
  6.1744589   5.01777017  3.60838898  2.16930778]_[-10.1555563   -6.22122434  -2.05973672   1.7439173    5.84705315
   9.19143259  12.92802955  16.90603436  20.94756923  24.66047475] 

drones next lat [48.33574576 48.33578104 48.33581837 48.33585251 48.3358893  48.33591931
 48.33595279 48.33598849 48.33602473 48.33605802] drones next lon [14.32683569 14.32681603 14.32679812 14.32678305 14.32676197 14.32674936
 14.32672578 14.3267097  14.3266902  14.32667035] 
WayPoint_Count 19 

Leader Index 3 

Leader Contour 71.5 

Contour Threshold 180 

Previous Drone Positions [14.11799669 12.6957393  11.40490674 10.32124362  8.7947329   7.88915957
  6.1744589   5.01777017  3.60838898  2.16930778]_[-10.1555563   -6.22122434  -2.05973672   1.7439173    5.84705315
   9.19143259  12.92802955  16.90603436  20.94756923  24.66047475] 

Mean Previous Drone Positions [8.21937047 8.21937047 8.21937047 8.21937047 8.21937047 8.21937047
 8.21937047 8.21937047 8.21937047 8.21937047]_[7.37879936 7.37879936 7.37879936 7.37879936 7.37879936 7.37879936
 7.37879936 7.37879936 7.37879936 7.37879936] 

relative Drone Positions [ 5.9409291   4.62072263  3.30051617  1.9803097   0.66010323 -0.66010323
 -1.9803097  -3.30051617 -4.62072263 -5.9409291 ]_[-17.94199993 -13.95488883  -9.96777774  -5.98066664  -1.99355555
   1.99355555   5.98066664   9.96777774  13.95488883  17.94199993] 

current starting Drone Positions [14.16029956 12.8400931  11.51988663 10.19968016  8.8794737   7.55926723
  6.23906077  4.9188543   3.59864783  2.27844137]_[-10.56320057  -6.57608948  -2.58897838   1.39813271   5.38524381
   9.3723549   13.359466    17.34657709  21.33368819  25.32079928] 

Mean Current Drone Positions [8.21937047 8.21937047 8.21937047 8.21937047 8.21937047 8.21937047
 8.21937047 8.21937047 8.21937047 8.21937047]_[7.37879936 7.37879936 7.37879936 7.37879936 7.37879936 7.37879936
 7.37879936 7.37879936 7.37879936 7.37879936] 

scanning direction vector [0.81080692 0.81080692 0.81080692 0.81080692 0.81080692 0.81080692
 0.81080692 0.81080692 0.81080692 0.81080692]_[0.26847322 0.26847322 0.26847322 0.26847322 0.26847322 0.26847322
 0.26847322 0.26847322 0.26847322 0.26847322] 

changing back speed 0.3 

velocity vector [0.82349778 0.85411306 0.84530089 0.77433789 0.83622916 0.71183922
 0.83018748 0.78113216 0.80788458 0.843547  ]_[0.14617993 0.16201368 0.10970072 0.16473784 0.12993041 0.32274991
 0.39790415 0.40063604 0.3843089  0.46657058] 

Moving Straight [14.94149447 13.54985236 12.25020763 11.0955815   9.63096206  8.60099879
  7.00464638  5.79890233  4.41627356  3.01285478]_[-10.00937637  -6.05921067  -1.950036     1.90865514   5.97698357
   9.5141825   13.3259337   17.30667039  21.33187813  25.12704533] 

drones next lat [48.33574714 48.33578256 48.33581943 48.33585405 48.33589053 48.33592227
 48.33595644 48.33599215 48.33602825 48.33606228] drones next lon [14.32684678 14.32682754 14.32680952 14.32679348 14.32677324 14.32675892
 14.32673693 14.32672019 14.32670106 14.32668167] 
WayPoint_Count 20 

Leader Index 5 

Leader Contour 142.5 

Contour Threshold 180 

Previous Drone Positions [14.94149447 13.54985236 12.25020763 11.0955815   9.63096206  8.60099879
  7.00464638  5.79890233  4.41627356  3.01285478]_[-10.00937637  -6.05921067  -1.950036     1.90865514   5.97698357
   9.5141825   13.3259337   17.30667039  21.33187813  25.12704533] 

Mean Previous Drone Positions [9.03017739 9.03017739 9.03017739 9.03017739 9.03017739 9.03017739
 9.03017739 9.03017739 9.03017739 9.03017739]_[7.64727257 7.64727257 7.64727257 7.64727257 7.64727257 7.64727257
 7.64727257 7.64727257 7.64727257 7.64727257] 

relative Drone Positions [ 5.9409291   4.62072263  3.30051617  1.9803097   0.66010323 -0.66010323
 -1.9803097  -3.30051617 -4.62072263 -5.9409291 ]_[-17.94199993 -13.95488883  -9.96777774  -5.98066664  -1.99355555
   1.99355555   5.98066664   9.96777774  13.95488883  17.94199993] 

current starting Drone Positions [14.97110648 13.65090002 12.33069355 11.01048709  9.69028062  8.37007415
  7.04986769  5.72966122  4.40945476  3.08924829]_[-10.29472736  -6.30761626  -2.32050517   1.66660593   5.65371702
   9.64082812  13.62793921  17.61505031  21.60216141  25.5892725 ] 

Mean Current Drone Positions [9.03017739 9.03017739 9.03017739 9.03017739 9.03017739 9.03017739
 9.03017739 9.03017739 9.03017739 9.03017739]_[7.64727257 7.64727257 7.64727257 7.64727257 7.64727257 7.64727257
 7.64727257 7.64727257 7.64727257 7.64727257] 

scanning direction vector [0.81080692 0.81080692 0.81080692 0.81080692 0.81080692 0.81080692
 0.81080692 0.81080692 0.81080692 0.81080692]_[0.26847322 0.26847322 0.26847322 0.26847322 0.26847322 0.26847322
 0.26847322 0.26847322 0.26847322 0.26847322] 

changing back speed 0.3 

velocity vector [0.81969052 0.84112122 0.8349527  0.7852786  0.82860249 0.74152953
 0.82437331 0.79003459 0.80876128 0.83372497]_[0.18286792 0.19395154 0.15733247 0.19585845 0.17149325 0.3064669
 0.35907487 0.36098719 0.3495582  0.40714137] 

Moving Straight [15.761185   14.39097358 13.08516032 11.8808601  10.45956455  9.34252832
  7.8290197   6.58893692  5.22503484  3.84657975]_[-9.82650845 -5.86525913 -1.79270354  2.10451359  6.14847682  9.8206494
 13.68500857 17.66765759 21.68143633 25.5341867 ] 

drones next lat [48.33574885 48.33578437 48.33582091 48.33585587 48.33589214 48.33592509
 48.33595973 48.33599546 48.33603146 48.33606601] drones next lon [14.32685782 14.32683886 14.32682076 14.32680405 14.3267844  14.32676889
 14.32674801 14.32673081 14.32671193 14.32669288] 
WayPoint_Count 21 

Leader Index 3 

Leader Contour 128.0 

Contour Threshold 180 

Previous Drone Positions [15.761185   14.39097358 13.08516032 11.8808601  10.45956455  9.34252832
  7.8290197   6.58893692  5.22503484  3.84657975]_[-9.82650845 -5.86525913 -1.79270354  2.10451359  6.14847682  9.8206494
 13.68500857 17.66765759 21.68143633 25.5341867 ] 

Mean Previous Drone Positions [9.84098431 9.84098431 9.84098431 9.84098431 9.84098431 9.84098431
 9.84098431 9.84098431 9.84098431 9.84098431]_[7.91574579 7.91574579 7.91574579 7.91574579 7.91574579 7.91574579
 7.91574579 7.91574579 7.91574579 7.91574579] 

relative Drone Positions [ 5.9409291   4.62072263  3.30051617  1.9803097   0.66010323 -0.66010323
 -1.9803097  -3.30051617 -4.62072263 -5.9409291 ]_[-17.94199993 -13.95488883  -9.96777774  -5.98066664  -1.99355555
   1.99355555   5.98066664   9.96777774  13.95488883  17.94199993] 

current starting Drone Positions [15.7819134  14.46170694 13.14150047 11.82129401 10.50108754  9.18088107
  7.86067461  6.54046814  5.22026168  3.90005521]_[-10.02625414  -6.03914305  -2.05203195   1.93507914   5.92219024
   9.90930134  13.89641243  17.88352353  21.87063462  25.85774572] 

Mean Current Drone Positions [9.84098431 9.84098431 9.84098431 9.84098431 9.84098431 9.84098431
 9.84098431 9.84098431 9.84098431 9.84098431]_[7.91574579 7.91574579 7.91574579 7.91574579 7.91574579 7.91574579
 7.91574579 7.91574579 7.91574579 7.91574579] 

scanning direction vector [0.81080692 0.81080692 0.81080692 0.81080692 0.81080692 0.81080692
 0.81080692 0.81080692 0.81080692 0.81080692]_[0.26847322 0.26847322 0.26847322 0.26847322 0.26847322 0.26847322
 0.26847322 0.26847322 0.26847322 0.26847322] 

changing back speed 0.3 

velocity vector [0.81702544 0.83202693 0.82770897 0.79293709 0.82326382 0.76231275
 0.82030339 0.79626629 0.80937497 0.82684956]_[0.20854951 0.21630804 0.19067469 0.21764288 0.20058724 0.2950688
 0.33189437 0.333233   0.3252327  0.36554092] 

Moving Straight [16.57821044 15.22300051 13.91286929 12.67379719 11.28282837 10.10484107
  8.64932309  7.38520321  6.03440981  4.67342931]_[-9.61795894 -5.64895109 -1.60202884  2.32215647  6.34906406 10.1157182
 14.01690294 18.00089058 22.00666903 25.89972762] 

drones next lat [48.33575079 48.33578639 48.33582269 48.33585789 48.33589401 48.3359278
 48.33596278 48.33599852 48.33603445 48.33606937] drones next lon [14.32686882 14.32685007 14.32683191 14.32681473 14.32679548 14.32677914
 14.32675904 14.32674151 14.32672281 14.32670399] 
WayPoint_Count 22 

Leader Index 3 

Leader Contour 57.0 

Contour Threshold 180 

Previous Drone Positions [16.57821044 15.22300051 13.91286929 12.67379719 11.28282837 10.10484107
  8.64932309  7.38520321  6.03440981  4.67342931]_[-9.61795894 -5.64895109 -1.60202884  2.32215647  6.34906406 10.1157182
 14.01690294 18.00089058 22.00666903 25.89972762] 

Mean Previous Drone Positions [10.65179123 10.65179123 10.65179123 10.65179123 10.65179123 10.65179123
 10.65179123 10.65179123 10.65179123 10.65179123]_[8.184219 8.184219 8.184219 8.184219 8.184219 8.184219 8.184219 8.184219
 8.184219 8.184219] 

relative Drone Positions [ 5.9409291   4.62072263  3.30051617  1.9803097   0.66010323 -0.66010323
 -1.9803097  -3.30051617 -4.62072263 -5.9409291 ]_[-17.94199993 -13.95488883  -9.96777774  -5.98066664  -1.99355555
   1.99355555   5.98066664   9.96777774  13.95488883  17.94199993] 

current starting Drone Positions [16.59272033 15.27251386 13.95230739 12.63210093 11.31189446  9.991688
  8.67148153  7.35127506  6.0310686   4.71086213]_[-9.75778092 -5.77066983 -1.78355873  2.20355236  6.19066346 10.17777455
 14.16488565 18.15199674 22.13910784 26.12621893] 

Mean Current Drone Positions [10.65179123 10.65179123 10.65179123 10.65179123 10.65179123 10.65179123
 10.65179123 10.65179123 10.65179123 10.65179123]_[8.184219 8.184219 8.184219 8.184219 8.184219 8.184219 8.184219 8.184219
 8.184219 8.184219] 

scanning direction vector [0.81080692 0.81080692 0.81080692 0.81080692 0.81080692 0.81080692
 0.81080692 0.81080692 0.81080692 0.81080692]_[0.26847322 0.26847322 0.26847322 0.26847322 0.26847322 0.26847322
 0.26847322 0.26847322 0.26847322 0.26847322] 

changing back speed 0.3 

velocity vector [0.81515989 0.82566093 0.82263835 0.79829804 0.81952675 0.776861
 0.81745445 0.80062848 0.80980456 0.82203677]_[0.22652662 0.23195759 0.21401425 0.23289198 0.22095303 0.28709012
 0.31286803 0.31380506 0.30820486 0.33642061] 

Moving Straight [17.39337033 16.04866143 14.73550764 13.47209523 12.10235512 10.88170207
  9.46677754  8.18583168  6.84421437  5.49546608]_[-9.39143232 -5.41699349 -1.3880146   2.55504846  6.5700171  10.40280832
 14.32977097 18.31469565 22.31487389 26.23614823] 

drones next lat [48.33575289 48.33578854 48.33582468 48.33586005 48.33589606 48.33593045
 48.33596566 48.33600141 48.33603729 48.33607246] drones next lon [14.32687979 14.32686118 14.32684298 14.32682547 14.32680651 14.32678959
 14.32677003 14.32675228 14.3267337  14.32671504] 
WayPoint_Count 23 

Leader Index 4 

Leader Contour 43.0 

Contour Threshold 180 

Previous Drone Positions [17.39337033 16.04866143 14.73550764 13.47209523 12.10235512 10.88170207
  9.46677754  8.18583168  6.84421437  5.49546608]_[-9.39143232 -5.41699349 -1.3880146   2.55504846  6.5700171  10.40280832
 14.32977097 18.31469565 22.31487389 26.23614823] 

Mean Previous Drone Positions [11.46259815 11.46259815 11.46259815 11.46259815 11.46259815 11.46259815
 11.46259815 11.46259815 11.46259815 11.46259815]_[8.45269222 8.45269222 8.45269222 8.45269222 8.45269222 8.45269222
 8.45269222 8.45269222 8.45269222 8.45269222] 

relative Drone Positions [ 5.9409291   4.62072263  3.30051617  1.9803097   0.66010323 -0.66010323
 -1.9803097  -3.30051617 -4.62072263 -5.9409291 ]_[-17.94199993 -13.95488883  -9.96777774  -5.98066664  -1.99355555
   1.99355555   5.98066664   9.96777774  13.95488883  17.94199993] 

current starting Drone Positions [17.40352725 16.08332078 14.76311431 13.44290785 12.12270138 10.80249492
  9.48228845  8.16208198  6.84187552  5.52166905]_[-9.48930771 -5.50219661 -1.51508552  2.47202558  6.45913667 10.44624777
 14.43335886 18.42046996 22.40758105 26.39469215] 

Mean Current Drone Positions [11.46259815 11.46259815 11.46259815 11.46259815 11.46259815 11.46259815
 11.46259815 11.46259815 11.46259815 11.46259815]_[8.45269222 8.45269222 8.45269222 8.45269222 8.45269222 8.45269222
 8.45269222 8.45269222 8.45269222 8.45269222] 

scanning direction vector [0.81080692 0.81080692 0.81080692 0.81080692 0.81080692 0.81080692
 0.81080692 0.81080692 0.81080692 0.81080692]_[0.26847322 0.26847322 0.26847322 0.26847322 0.26847322 0.26847322
 0.26847322 0.26847322 0.26847322 0.26847322] 

changing back speed 0.3 

velocity vector [0.813854   0.82120472 0.81908892 0.80205071 0.8169108  0.78704478
 0.81546019 0.80368201 0.81010527 0.81866781]_[0.2391106  0.24291228 0.23035194 0.24356635 0.23520909 0.28150505
 0.29954958 0.30020551 0.29628537 0.31603639] 

Moving Straight [18.20722432 16.86986616 15.55459656 14.27414594 12.91926592 11.66874684
 10.28223774  8.98951369  7.65431963  6.31413389]_[-9.15232172 -5.17408121 -1.15766266  2.79861481  6.80522619 10.68431337
 14.62932056 18.61490116 22.61115926 26.55218462] 

drones next lat [48.33575511 48.33579079 48.33582682 48.33586231 48.33589824 48.33593304
 48.33596842 48.33600417 48.33604002 48.33607537] drones next lon [14.32689074 14.32687223 14.32685401 14.32683626 14.32681751 14.32680018
 14.326781   14.32676309 14.3267446  14.32672605] 
WayPoint_Count 24 

Leader Index 6 

Leader Contour 55.5 

Contour Threshold 180 

Previous Drone Positions [18.20722432 16.86986616 15.55459656 14.27414594 12.91926592 11.66874684
 10.28223774  8.98951369  7.65431963  6.31413389]_[-9.15232172 -5.17408121 -1.15766266  2.79861481  6.80522619 10.68431337
 14.62932056 18.61490116 22.61115926 26.55218462] 

Mean Previous Drone Positions [12.27340507 12.27340507 12.27340507 12.27340507 12.27340507 12.27340507
 12.27340507 12.27340507 12.27340507 12.27340507]_[8.72116544 8.72116544 8.72116544 8.72116544 8.72116544 8.72116544
 8.72116544 8.72116544 8.72116544 8.72116544] 

relative Drone Positions [ 5.9409291   4.62072263  3.30051617  1.9803097   0.66010323 -0.66010323
 -1.9803097  -3.30051617 -4.62072263 -5.9409291 ]_[-17.94199993 -13.95488883  -9.96777774  -5.98066664  -1.99355555
   1.99355555   5.98066664   9.96777774  13.95488883  17.94199993] 

current starting Drone Positions [18.21433417 16.8941277  15.57392123 14.25371477 12.9335083  11.61330184
 10.29309537  8.9728889   7.65268244  6.33247597]_[-9.22083449 -5.2337234  -1.2466123   2.74049879  6.72760989 10.71472098
 14.70183208 18.68894318 22.67605427 26.66316537] 

Mean Current Drone Positions [12.27340507 12.27340507 12.27340507 12.27340507 12.27340507 12.27340507
 12.27340507 12.27340507 12.27340507 12.27340507]_[8.72116544 8.72116544 8.72116544 8.72116544 8.72116544 8.72116544
 8.72116544 8.72116544 8.72116544 8.72116544] 

scanning direction vector [0.81080692 0.81080692 0.81080692 0.81080692 0.81080692 0.81080692
 0.81080692 0.81080692 0.81080692 0.81080692]_[0.26847322 0.26847322 0.26847322 0.26847322 0.26847322 0.26847322
 0.26847322 0.26847322 0.26847322 0.26847322] 

changing back speed 0.3 

velocity vector [0.81293987 0.81808538 0.81660432 0.80467757 0.81507964 0.79417342
 0.81406421 0.80581948 0.81031576 0.81630955]_[0.24791938 0.25058056 0.24178832 0.25103841 0.24518833 0.2775955
 0.29022667 0.29068582 0.28794172 0.30176744] 

Moving Straight [19.0201642  17.68795154 16.37120089 15.07882351 13.73434555 12.46292026
 11.09630195  9.79533318  8.4646354   7.13044344]_[-8.90440233 -4.92350065 -0.91587433  3.04965322  7.05041451 10.96190887
 14.91954723 18.90558698 22.89910098 26.85395206] 

drones next lat [48.3357574  48.33579311 48.33582906 48.33586463 48.33590051 48.3359356
 48.3359711  48.33600685 48.33604267 48.33607814] drones next lon [14.32690168 14.32688324 14.326865   14.32684709 14.32682848 14.32681086
 14.32679195 14.32677392 14.3267555  14.32673703] 
WayPoint_Count 25 

Leader Index 6 

Leader Contour 77.5 

Contour Threshold 180 

Previous Drone Positions [19.0201642  17.68795154 16.37120089 15.07882351 13.73434555 12.46292026
 11.09630195  9.79533318  8.4646354   7.13044344]_[-8.90440233 -4.92350065 -0.91587433  3.04965322  7.05041451 10.96190887
 14.91954723 18.90558698 22.89910098 26.85395206] 

Mean Previous Drone Positions [13.08421199 13.08421199 13.08421199 13.08421199 13.08421199 13.08421199
 13.08421199 13.08421199 13.08421199 13.08421199]_[8.98963865 8.98963865 8.98963865 8.98963865 8.98963865 8.98963865
 8.98963865 8.98963865 8.98963865 8.98963865] 

relative Drone Positions [ 5.9409291   4.62072263  3.30051617  1.9803097   0.66010323 -0.66010323
 -1.9803097  -3.30051617 -4.62072263 -5.9409291 ]_[-17.94199993 -13.95488883  -9.96777774  -5.98066664  -1.99355555
   1.99355555   5.98066664   9.96777774  13.95488883  17.94199993] 

current starting Drone Positions [19.02514109 17.70493462 16.38472816 15.06452169 13.74431522 12.42410876
 11.10390229  9.78369583  8.46348936  7.14328289]_[-8.95236128 -4.96525018 -0.97813909  3.00897201  6.99608311 10.9831942
 14.9703053  18.95741639 22.94452749 26.93163858] 

Mean Current Drone Positions [13.08421199 13.08421199 13.08421199 13.08421199 13.08421199 13.08421199
 13.08421199 13.08421199 13.08421199 13.08421199]_[8.98963865 8.98963865 8.98963865 8.98963865 8.98963865 8.98963865
 8.98963865 8.98963865 8.98963865 8.98963865] 

scanning direction vector [0.81080692 0.81080692 0.81080692 0.81080692 0.81080692 0.81080692
 0.81080692 0.81080692 0.81080692 0.81080692]_[0.26847322 0.26847322 0.26847322 0.26847322 0.26847322 0.26847322
 0.26847322 0.26847322 0.26847322 0.26847322] 

changing back speed 0.3 

velocity vector [0.81229999 0.81590184 0.8148651  0.80651638 0.81379782 0.79916347
 0.81308702 0.80731572 0.81046311 0.81465876]_[0.25408553 0.25594836 0.24979379 0.25626885 0.25217379 0.27485882
 0.28370064 0.28402204 0.28210117 0.29177917] 

Moving Straight [19.83246419 18.50385339 17.18606599 15.88533988 14.54814338 13.26208373
 11.90938897 10.60264889  9.27509851  7.94510219]_[-8.6503168  -4.66755229 -0.66608054  3.30592207  7.30258831 11.23676769
 15.20324787 19.18960902 23.18120215 27.14573123] 

drones next lat [48.33575975 48.33579547 48.33583137 48.335867   48.33590285 48.33593814
 48.33597371 48.33600947 48.33604527 48.33608083] drones next lon [14.32691261 14.32689422 14.32687596 14.32685794 14.32683943 14.32682161
 14.32680289 14.32678478 14.3267664  14.32674798] 
WayPoint_Count 26 

Leader Index 6 

Leader Contour 38.5 

Contour Threshold 180 

Previous Drone Positions [19.83246419 18.50385339 17.18606599 15.88533988 14.54814338 13.26208373
 11.90938897 10.60264889  9.27509851  7.94510219]_[-8.6503168  -4.66755229 -0.66608054  3.30592207  7.30258831 11.23676769
 15.20324787 19.18960902 23.18120215 27.14573123] 

Mean Previous Drone Positions [13.89501891 13.89501891 13.89501891 13.89501891 13.89501891 13.89501891
 13.89501891 13.89501891 13.89501891 13.89501891]_[9.25811187 9.25811187 9.25811187 9.25811187 9.25811187 9.25811187
 9.25811187 9.25811187 9.25811187 9.25811187] 

relative Drone Positions [ 5.9409291   4.62072263  3.30051617  1.9803097   0.66010323 -0.66010323
 -1.9803097  -3.30051617 -4.62072263 -5.9409291 ]_[-17.94199993 -13.95488883  -9.96777774  -5.98066664  -1.99355555
   1.99355555   5.98066664   9.96777774  13.95488883  17.94199993] 

current starting Drone Positions [19.83594801 18.51574154 17.19553508 15.87532861 14.55512214 13.23491568
 11.91470921 10.59450275  9.27429628  7.95408981]_[-8.68388806 -4.69677696 -0.70966587  3.27744523  7.26455632 11.25166742
 15.23877851 19.22588961 23.2130007  27.2001118 ] 

Mean Current Drone Positions [13.89501891 13.89501891 13.89501891 13.89501891 13.89501891 13.89501891
 13.89501891 13.89501891 13.89501891 13.89501891]_[9.25811187 9.25811187 9.25811187 9.25811187 9.25811187 9.25811187
 9.25811187 9.25811187 9.25811187 9.25811187] 

scanning direction vector [0.81080692 0.81080692 0.81080692 0.81080692 0.81080692 0.81080692
 0.81080692 0.81080692 0.81080692 0.81080692]_[0.26847322 0.26847322 0.26847322 0.26847322 0.26847322 0.26847322
 0.26847322 0.26847322 0.26847322 0.26847322] 

changing back speed 0.3 

velocity vector [0.81185207 0.81437337 0.81364765 0.80780354 0.81290055 0.8026565
 0.81240299 0.80836308 0.81056625 0.81350321]_[0.25840184 0.25970582 0.25539762 0.25993016 0.25706362 0.27294314
 0.27913241 0.27935739 0.27801278 0.28478739] 

Moving Straight [20.64431625 19.31822675 17.99971364 16.69314342 15.36104393 14.06474024
 12.72179196 11.41101197 10.08566476  8.7586054 ]_[-8.39191496 -4.40784648 -0.41068292  3.56585224  7.55965193 11.50971082
 15.48238028 19.46896641 23.45921493 27.43051862] 

drones next lat [48.33576214 48.33579787 48.33583373 48.3358694  48.33590522 48.33594065
 48.33597629 48.33601205 48.33604784 48.33608346] drones next lon [14.32692354 14.32690517 14.32688691 14.32686881 14.32685036 14.32683241
 14.32681382 14.32679566 14.3267773  14.32675893] 
WayPoint_Count 27 

Leader Index 4 

Leader Contour 26.0 

Contour Threshold 180 

Previous Drone Positions [20.64431625 19.31822675 17.99971364 16.69314342 15.36104393 14.06474024
 12.72179196 11.41101197 10.08566476  8.7586054 ]_[-8.39191496 -4.40784648 -0.41068292  3.56585224  7.55965193 11.50971082
 15.48238028 19.46896641 23.45921493 27.43051862] 

Mean Previous Drone Positions [14.70582583 14.70582583 14.70582583 14.70582583 14.70582583 14.70582583
 14.70582583 14.70582583 14.70582583 14.70582583]_[9.52658509 9.52658509 9.52658509 9.52658509 9.52658509 9.52658509
 9.52658509 9.52658509 9.52658509 9.52658509] 

relative Drone Positions [ 5.9409291   4.62072263  3.30051617  1.9803097   0.66010323 -0.66010323
 -1.9803097  -3.30051617 -4.62072263 -5.9409291 ]_[-17.94199993 -13.95488883  -9.96777774  -5.98066664  -1.99355555
   1.99355555   5.98066664   9.96777774  13.95488883  17.94199993] 

current starting Drone Positions [20.64675493 19.32654846 18.006342   16.68613553 15.36592907 14.0457226
 12.72551613 11.40530967 10.0851032   8.76489674]_[-8.41541484 -4.42830375 -0.44119265  3.54591844  7.53302954 11.52014063
 15.50725173 19.49436282 23.48147392 27.46858502] 

Mean Current Drone Positions [14.70582583 14.70582583 14.70582583 14.70582583 14.70582583 14.70582583
 14.70582583 14.70582583 14.70582583 14.70582583]_[9.52658509 9.52658509 9.52658509 9.52658509 9.52658509 9.52658509
 9.52658509 9.52658509 9.52658509 9.52658509] 

scanning direction vector [0.81080692 0.81080692 0.81080692 0.81080692 0.81080692 0.81080692
 0.81080692 0.81080692 0.81080692 0.81080692]_[0.26847322 0.26847322 0.26847322 0.26847322 0.26847322 0.26847322
 0.26847322 0.26847322 0.26847322 0.26847322] 

changing back speed 0.3 

velocity vector [0.81153852 0.81330343 0.81279543 0.80870455 0.81227246 0.80510163
 0.81192417 0.80909623 0.81063845 0.81269432]_[0.26142325 0.26233604 0.2593203  0.26249308 0.2604865  0.27160216
 0.27593465 0.27609214 0.27515091 0.27989313] 

Moving Straight [21.45585478 20.13153019 18.81250906 17.50184798 16.17331639 14.86984187
 13.53371614 12.2201082  10.89630321  9.57129972]_[-8.13049171 -4.14551044 -0.15136263  3.82834531  7.82013843 11.78131298
 15.75831493 19.74505855 23.73436584 27.71041175] 

drones next lat [48.33576455 48.3358003  48.33583613 48.33587182 48.33590763 48.33594316
 48.33597883 48.33601459 48.33605038 48.33608604] drones next lon [14.32693446 14.32691612 14.32689785 14.32687969 14.32686129 14.32684324
 14.32682474 14.32680654 14.32678821 14.32676986] 
WayPoint_Count 28 

Leader Index 3 

Leader Contour 33.0 

Contour Threshold 180 

Previous Drone Positions [21.45585478 20.13153019 18.81250906 17.50184798 16.17331639 14.86984187
 13.53371614 12.2201082  10.89630321  9.57129972]_[-8.13049171 -4.14551044 -0.15136263  3.82834531  7.82013843 11.78131298
 15.75831493 19.74505855 23.73436584 27.71041175] 

Mean Previous Drone Positions [15.51663275 15.51663275 15.51663275 15.51663275 15.51663275 15.51663275
 15.51663275 15.51663275 15.51663275 15.51663275]_[9.7950583 9.7950583 9.7950583 9.7950583 9.7950583 9.7950583 9.7950583
 9.7950583 9.7950583 9.7950583] 

relative Drone Positions [ 5.9409291   4.62072263  3.30051617  1.9803097   0.66010323 -0.66010323
 -1.9803097  -3.30051617 -4.62072263 -5.9409291 ]_[-17.94199993 -13.95488883  -9.96777774  -5.98066664  -1.99355555
   1.99355555   5.98066664   9.96777774  13.95488883  17.94199993] 

current starting Drone Positions [21.45756185 20.13735538 18.81714892 17.49694245 16.17673599 14.85652952
 13.53632305 12.21611659 10.89591012  9.57570366]_[-8.14694163 -4.15983053 -0.17271944  3.81439166  7.80150275 11.78861385
 15.77572495 19.76283604 23.74994714 27.73705823] 

Mean Current Drone Positions [15.51663275 15.51663275 15.51663275 15.51663275 15.51663275 15.51663275
 15.51663275 15.51663275 15.51663275 15.51663275]_[9.7950583 9.7950583 9.7950583 9.7950583 9.7950583 9.7950583 9.7950583
 9.7950583 9.7950583 9.7950583] 

scanning direction vector [0.81080692 0.81080692 0.81080692 0.81080692 0.81080692 0.81080692
 0.81080692 0.81080692 0.81080692 0.81080692]_[0.26847322 0.26847322 0.26847322 0.26847322 0.26847322 0.26847322
 0.26847322 0.26847322 0.26847322 0.26847322] 

changing back speed 0.3 

velocity vector [0.81131904 0.81255448 0.81219888 0.80933526 0.8118328  0.80681322
 0.811589   0.80960944 0.81068899 0.8121281 ]_[0.26353824 0.26417719 0.26206617 0.26428712 0.26288251 0.27066348
 0.27369622 0.27380646 0.2731476  0.27646716] 

Moving Straight [22.26717382 20.94408467 19.62470794 18.31118324 16.98514919 15.67665508
 14.34530513 13.02971764 11.70699221 10.38342782]_[-7.86695347 -3.88133325  0.11070355  4.09263243  8.08302094 12.05197646
 16.03201115 20.01886502 24.00751345 27.98687891] 

drones next lat [48.33576699 48.33580274 48.33583855 48.33587427 48.33591006 48.33594566
 48.33598136 48.33601712 48.3360529  48.33608859] drones next lon [14.32694537 14.32692705 14.32690877 14.32689058 14.32687222 14.32685409
 14.32683566 14.32681743 14.32679911 14.32678078] 
WayPoint_Count 29 

Leader Index 4 

Leader Contour 47.0 

Contour Threshold 180 

Previous Drone Positions [22.26717382 20.94408467 19.62470794 18.31118324 16.98514919 15.67665508
 14.34530513 13.02971764 11.70699221 10.38342782]_[-7.86695347 -3.88133325  0.11070355  4.09263243  8.08302094 12.05197646
 16.03201115 20.01886502 24.00751345 27.98687891] 

Mean Previous Drone Positions [16.32743967 16.32743967 16.32743967 16.32743967 16.32743967 16.32743967
 16.32743967 16.32743967 16.32743967 16.32743967]_[10.06353152 10.06353152 10.06353152 10.06353152 10.06353152 10.06353152
 10.06353152 10.06353152 10.06353152 10.06353152] 

relative Drone Positions [ 5.9409291   4.62072263  3.30051617  1.9803097   0.66010323 -0.66010323
 -1.9803097  -3.30051617 -4.62072263 -5.9409291 ]_[-17.94199993 -13.95488883  -9.96777774  -5.98066664  -1.99355555
   1.99355555   5.98066664   9.96777774  13.95488883  17.94199993] 

current starting Drone Positions [22.26836877 20.94816231 19.62795584 18.30774937 16.98754291 15.66733644
 14.34712998 13.02692351 11.70671704 10.38651058]_[-7.87846841 -3.89135732  0.09575378  4.08286488  8.06997597 12.05708707
 16.04419816 20.03130926 24.01842035 28.00553145] 

Mean Current Drone Positions [16.32743967 16.32743967 16.32743967 16.32743967 16.32743967 16.32743967
 16.32743967 16.32743967 16.32743967 16.32743967]_[10.06353152 10.06353152 10.06353152 10.06353152 10.06353152 10.06353152
 10.06353152 10.06353152 10.06353152 10.06353152] 

scanning direction vector [0.81080692 0.81080692 0.81080692 0.81080692 0.81080692 0.81080692
 0.81080692 0.81080692 0.81080692 0.81080692]_[0.26847322 0.26847322 0.26847322 0.26847322 0.26847322 0.26847322
 0.26847322 0.26847322 0.26847322 0.26847322] 

changing back speed 0.3 

velocity vector [0.81116541 0.81203021 0.81178129 0.80977676 0.81152504 0.80801133
 0.81135437 0.80996868 0.81072437 0.81173175]_[0.26501873 0.265466   0.26398829 0.26554295 0.26455973 0.2700064
 0.27212932 0.27220649 0.27174529 0.27406898] 

Moving Straight [23.07833923 21.75611488 20.43648923 19.12096    17.79667423 16.48466641
 15.15665951 13.83968632 12.51771658 11.19515957]_[-7.60193474 -3.61586726  0.37469183  4.35817538  8.34758067 12.32198286
 16.30414047 20.2910715  24.27925874 28.26094789] 

drones next lat [48.33576944 48.33580519 48.33584099 48.33587672 48.3359125  48.33594815
 48.33598387 48.33601963 48.33605541 48.33609112] drones next lon [14.32695628 14.32693797 14.3269197  14.32690147 14.32688313 14.32686496
 14.32684657 14.32682833 14.32681002 14.3267917 ] 
WayPoint_Count 30 

Leader Index 4 

Leader Contour 79.0 

Contour Threshold 180 

Previous Drone Positions [23.07833923 21.75611488 20.43648923 19.12096    17.79667423 16.48466641
 15.15665951 13.83968632 12.51771658 11.19515957]_[-7.60193474 -3.61586726  0.37469183  4.35817538  8.34758067 12.32198286
 16.30414047 20.2910715  24.27925874 28.26094789] 

Mean Previous Drone Positions [17.1382466 17.1382466 17.1382466 17.1382466 17.1382466 17.1382466
 17.1382466 17.1382466 17.1382466 17.1382466]_[10.33200473 10.33200473 10.33200473 10.33200473 10.33200473 10.33200473
 10.33200473 10.33200473 10.33200473 10.33200473] 

relative Drone Positions [ 5.9409291   4.62072263  3.30051617  1.9803097   0.66010323 -0.66010323
 -1.9803097  -3.30051617 -4.62072263 -5.9409291 ]_[-17.94199993 -13.95488883  -9.96777774  -5.98066664  -1.99355555
   1.99355555   5.98066664   9.96777774  13.95488883  17.94199993] 

current starting Drone Positions [23.07917569 21.75896923 20.43876276 19.11855629 17.79834983 16.47814336
 15.1579369  13.83773043 12.51752396 11.1973175 ]_[-7.60999519 -3.6228841   0.364227    4.35133809  8.33844919 12.32556028
 16.31267138 20.29978247 24.28689357 28.27400466] 

Mean Current Drone Positions [17.1382466 17.1382466 17.1382466 17.1382466 17.1382466 17.1382466
 17.1382466 17.1382466 17.1382466 17.1382466]_[10.33200473 10.33200473 10.33200473 10.33200473 10.33200473 10.33200473
 10.33200473 10.33200473 10.33200473 10.33200473] 

scanning direction vector [0.81080692 0.81080692 0.81080692 0.81080692 0.81080692 0.81080692
 0.81080692 0.81080692 0.81080692 0.81080692]_[0.26847322 0.26847322 0.26847322 0.26847322 0.26847322 0.26847322
 0.26847322 0.26847322 0.26847322 0.26847322] 

changing back speed 0.3 

velocity vector [0.81105786 0.81166322 0.81148898 0.81008581 0.8113096  0.80885001
 0.81119014 0.81022015 0.81074914 0.8114543 ]_[0.26605508 0.26636816 0.26533377 0.26642203 0.26573377 0.26954644
 0.27103249 0.27108651 0.27076367 0.27239025] 

Moving Straight [23.88939709 22.5677781  21.24797821 19.93104581 18.60798383 17.29351642
 15.96784964 14.64990647 13.32846571 12.00661387]_[-7.33587966 -3.34949909  0.6400256   4.62459741  8.61331444 12.5915293
 16.57517296 20.56215801 24.5500224  28.53333814] 

drones next lat [48.33577189 48.33580765 48.33584344 48.33587918 48.33591496 48.33595064
 48.33598637 48.33602214 48.33605791 48.33609364] drones next lon [14.3269672  14.32694889 14.32693061 14.32691237 14.32689405 14.32687584
 14.32685748 14.32683923 14.32682093 14.32680262] 
WayPoint_Count 31 

Leader Index 5 

Leader Contour 75.0 

Contour Threshold 180 

Previous Drone Positions [23.88939709 22.5677781  21.24797821 19.93104581 18.60798383 17.29351642
 15.96784964 14.64990647 13.32846571 12.00661387]_[-7.33587966 -3.34949909  0.6400256   4.62459741  8.61331444 12.5915293
 16.57517296 20.56215801 24.5500224  28.53333814] 

Mean Previous Drone Positions [17.94905352 17.94905352 17.94905352 17.94905352 17.94905352 17.94905352
 17.94905352 17.94905352 17.94905352 17.94905352]_[10.60047795 10.60047795 10.60047795 10.60047795 10.60047795 10.60047795
 10.60047795 10.60047795 10.60047795 10.60047795] 

relative Drone Positions [ 5.9409291   4.62072263  3.30051617  1.9803097   0.66010323 -0.66010323
 -1.9803097  -3.30051617 -4.62072263 -5.9409291 ]_[-17.94199993 -13.95488883  -9.96777774  -5.98066664  -1.99355555
   1.99355555   5.98066664   9.96777774  13.95488883  17.94199993] 

current starting Drone Positions [23.88998261 22.56977615 21.24956968 19.92936321 18.60915675 17.28895028
 15.96874382 14.64853735 13.32833088 12.00812442]_[-7.34152198 -3.35441088  0.63270021  4.61981131  8.6069224  12.5940335
 16.58114459 20.56825569 24.55536679 28.54247788] 

Mean Current Drone Positions [17.94905352 17.94905352 17.94905352 17.94905352 17.94905352 17.94905352
 17.94905352 17.94905352 17.94905352 17.94905352]_[10.60047795 10.60047795 10.60047795 10.60047795 10.60047795 10.60047795
 10.60047795 10.60047795 10.60047795 10.60047795] 

scanning direction vector [0.81080692 0.81080692 0.81080692 0.81080692 0.81080692 0.81080692
 0.81080692 0.81080692 0.81080692 0.81080692]_[0.26847322 0.26847322 0.26847322 0.26847322 0.26847322 0.26847322
 0.26847322 0.26847322 0.26847322 0.26847322] 

changing back speed 0.3 

velocity vector [0.81098258 0.81140633 0.81128436 0.81030214 0.8111588  0.80943708
 0.81107517 0.81039618 0.81076647 0.81126009]_[0.26678052 0.26699968 0.2662756  0.26703739 0.26655561 0.26922448
 0.27026471 0.27030252 0.27007653 0.27121514] 

Moving Straight [24.70037967 23.37918444 22.05926257 20.74134795 19.41914262 18.1029535
 16.77892482 15.46030266 14.13923219 12.81787396]_[-7.06909914 -3.08249941  0.9063012   4.8916348   8.87987004 12.86075378
 16.84543767 20.83246053 24.82009893 28.80455328] 

drones next lat [48.33577436 48.33581012 48.3358459  48.33588165 48.33591742 48.33595313
 48.33598887 48.33602463 48.3360604  48.33609614] drones next lon [14.32697811 14.32695981 14.32694153 14.32692327 14.32690496 14.32688673
 14.32686839 14.32685013 14.32683183 14.32681353] 
WayPoint_Count 32 

Leader Index 4 

Leader Contour 50.0 

Contour Threshold 180 

Previous Drone Positions [24.70037967 23.37918444 22.05926257 20.74134795 19.41914262 18.1029535
 16.77892482 15.46030266 14.13923219 12.81787396]_[-7.06909914 -3.08249941  0.9063012   4.8916348   8.87987004 12.86075378
 16.84543767 20.83246053 24.82009893 28.80455328] 

Mean Previous Drone Positions [18.75986044 18.75986044 18.75986044 18.75986044 18.75986044 18.75986044
 18.75986044 18.75986044 18.75986044 18.75986044]_[10.86895117 10.86895117 10.86895117 10.86895117 10.86895117 10.86895117
 10.86895117 10.86895117 10.86895117 10.86895117] 

relative Drone Positions [ 5.9409291   4.62072263  3.30051617  1.9803097   0.66010323 -0.66010323
 -1.9803097  -3.30051617 -4.62072263 -5.9409291 ]_[-17.94199993 -13.95488883  -9.96777774  -5.98066664  -1.99355555
   1.99355555   5.98066664   9.96777774  13.95488883  17.94199993] 

current starting Drone Positions [24.70078953 23.38058307 22.0603766  20.74017014 19.41996367 18.0997572
 16.77955074 15.45934427 14.13913781 12.81893134]_[-7.07304876 -3.08593767  0.90117343  4.88828452  8.87539562 12.86250672
 16.84961781 20.83672891 24.82384    28.8109511 ] 

Mean Current Drone Positions [18.75986044 18.75986044 18.75986044 18.75986044 18.75986044 18.75986044
 18.75986044 18.75986044 18.75986044 18.75986044]_[10.86895117 10.86895117 10.86895117 10.86895117 10.86895117 10.86895117
 10.86895117 10.86895117 10.86895117 10.86895117] 

scanning direction vector [0.81080692 0.81080692 0.81080692 0.81080692 0.81080692 0.81080692
 0.81080692 0.81080692 0.81080692 0.81080692]_[0.26847322 0.26847322 0.26847322 0.26847322 0.26847322 0.26847322
 0.26847322 0.26847322 0.26847322 0.26847322] 

changing back speed 0.3 

velocity vector [0.81092988 0.81122651 0.81114113 0.81045358 0.81105323 0.80984803
 0.8109947  0.81051941 0.81077861 0.81112414]_[0.26728833 0.26744174 0.26693489 0.26746813 0.26713089 0.2689991
 0.26972726 0.26975373 0.26959554 0.27039256] 

Moving Straight [25.51130955 24.19041095 22.8704037  21.55180153 20.23019586 18.91280153
 17.58991951 16.27082206 14.95001079 13.62899809]_[-6.80181081 -2.81505767  1.17323608  5.15910293  9.14700093 13.12975287
 17.11516493 21.10221426 25.08969447 29.07494584] 

drones next lat [48.33577683 48.33581259 48.33584836 48.33588412 48.33591989 48.33595561
 48.33599136 48.33602712 48.33606289 48.33609864] drones next lon [14.32698902 14.32697072 14.32695244 14.32693418 14.32691587 14.32689763
 14.32687931 14.32686104 14.32684274 14.32682445] 
WayPoint_Count 33 

Leader Index 4 

Leader Contour 52.5 

Contour Threshold 180 

Previous Drone Positions [25.51130955 24.19041095 22.8704037  21.55180153 20.23019586 18.91280153
 17.58991951 16.27082206 14.95001079 13.62899809]_[-6.80181081 -2.81505767  1.17323608  5.15910293  9.14700093 13.12975287
 17.11516493 21.10221426 25.08969447 29.07494584] 

Mean Previous Drone Positions [19.57066736 19.57066736 19.57066736 19.57066736 19.57066736 19.57066736
 19.57066736 19.57066736 19.57066736 19.57066736]_[11.13742438 11.13742438 11.13742438 11.13742438 11.13742438 11.13742438
 11.13742438 11.13742438 11.13742438 11.13742438] 

relative Drone Positions [ 5.9409291   4.62072263  3.30051617  1.9803097   0.66010323 -0.66010323
 -1.9803097  -3.30051617 -4.62072263 -5.9409291 ]_[-17.94199993 -13.95488883  -9.96777774  -5.98066664  -1.99355555
   1.99355555   5.98066664   9.96777774  13.95488883  17.94199993] 

current starting Drone Positions [25.51159645 24.19138999 22.87118352 21.55097706 20.23077059 18.91056412
 17.59035766 16.27015119 14.94994473 13.62973826]_[-6.80457555 -2.81746445  1.16964665  5.15675774  9.14386884 13.13097993
 17.11809103 21.10520212 25.09231322 29.07942431] 

Mean Current Drone Positions [19.57066736 19.57066736 19.57066736 19.57066736 19.57066736 19.57066736
 19.57066736 19.57066736 19.57066736 19.57066736]_[11.13742438 11.13742438 11.13742438 11.13742438 11.13742438 11.13742438
 11.13742438 11.13742438 11.13742438 11.13742438] 

scanning direction vector [0.81080692 0.81080692 0.81080692 0.81080692 0.81080692 0.81080692
 0.81080692 0.81080692 0.81080692 0.81080692]_[0.26847322 0.26847322 0.26847322 0.26847322 0.26847322 0.26847322
 0.26847322 0.26847322 0.26847322 0.26847322] 

changing back speed 0.3 

velocity vector [0.81089299 0.81110063 0.81104087 0.81055958 0.81097934 0.8101357
 0.81093836 0.81060566 0.8107871  0.81102897]_[0.2676438  0.26775118 0.26739638 0.26776966 0.26753359 0.26884133
 0.26935105 0.26936958 0.26925884 0.26981676] 

Moving Straight [26.32220254 25.00151158 23.68144457 22.36236111 21.0411752  19.72293723
 18.40085788 17.08142772 15.76079789 14.44002706]_[-6.53416701 -2.54730649  1.44063247  5.42687259  9.41453452 13.39859421
 17.38451597 21.37158383 25.35895331 29.3447626 ] 

drones next lat [48.3357793  48.33581506 48.33585083 48.33588659 48.33592236 48.33595809
 48.33599385 48.33602961 48.33606538 48.33610113] drones next lon [14.32699993 14.32698163 14.32696335 14.32694508 14.32692678 14.32690853
 14.32689022 14.32687194 14.32685365 14.32683536] 
WayPoint_Count 34 

Leader Index 4 

Leader Contour 49.0 

Contour Threshold 180 

Previous Drone Positions [26.32220254 25.00151158 23.68144457 22.36236111 21.0411752  19.72293723
 18.40085788 17.08142772 15.76079789 14.44002706]_[-6.53416701 -2.54730649  1.44063247  5.42687259  9.41453452 13.39859421
 17.38451597 21.37158383 25.35895331 29.3447626 ] 

Mean Previous Drone Positions [20.38147428 20.38147428 20.38147428 20.38147428 20.38147428 20.38147428
 20.38147428 20.38147428 20.38147428 20.38147428]_[11.4058976 11.4058976 11.4058976 11.4058976 11.4058976 11.4058976
 11.4058976 11.4058976 11.4058976 11.4058976] 

relative Drone Positions [ 5.9409291   4.62072263  3.30051617  1.9803097   0.66010323 -0.66010323
 -1.9803097  -3.30051617 -4.62072263 -5.9409291 ]_[-17.94199993 -13.95488883  -9.96777774  -5.98066664  -1.99355555
   1.99355555   5.98066664   9.96777774  13.95488883  17.94199993] 

current starting Drone Positions [26.32240338 25.00219691 23.68199044 22.36178398 21.04157751 19.72137105
 18.40116458 17.08095811 15.76075165 14.44054518]_[-6.53610233 -2.54899123  1.43811986  5.42523096  9.41234205 13.39945315
 17.38656424 21.37367534 25.36078643 29.34789753] 

Mean Current Drone Positions [20.38147428 20.38147428 20.38147428 20.38147428 20.38147428 20.38147428
 20.38147428 20.38147428 20.38147428 20.38147428]_[11.4058976 11.4058976 11.4058976 11.4058976 11.4058976 11.4058976
 11.4058976 11.4058976 11.4058976 11.4058976] 

scanning direction vector [0.81080692 0.81080692 0.81080692 0.81080692 0.81080692 0.81080692
 0.81080692 0.81080692 0.81080692 0.81080692]_[0.26847322 0.26847322 0.26847322 0.26847322 0.26847322 0.26847322
 0.26847322 0.26847322 0.26847322 0.26847322] 

changing back speed 0.3 

velocity vector [0.81086717 0.81101252 0.81097068 0.81063378 0.81092761 0.81033707
 0.81089893 0.81066604 0.81079305 0.81096236]_[0.26789262 0.26796779 0.26771943 0.26798073 0.26781548 0.2687309
 0.2690877  0.26910067 0.26902315 0.2694137 ] 

Moving Straight [27.13306971 25.8125241  24.49241525 23.17299489 21.85210281 20.5332743
 19.21175681 17.89209376 16.57159094 15.25098942]_[-6.26627439 -2.2793387   1.7083519   5.69485332  9.68235    13.66732511
 17.65360367 21.6406845  25.62797646 29.61417629] 

drones next lat [48.33578177 48.33581754 48.3358533  48.33588906 48.33592483 48.33596058
 48.33599633 48.3360321  48.33606786 48.33610362] drones next lon [14.32701084 14.32699255 14.32697426 14.32695599 14.32693769 14.32691943
 14.32690112 14.32688285 14.32686456 14.32684627] 
WayPoint_Count 35 

Leader Index 4 

Leader Contour 46.5 

Contour Threshold 180 

Previous Drone Positions [27.13306971 25.8125241  24.49241525 23.17299489 21.85210281 20.5332743
 19.21175681 17.89209376 16.57159094 15.25098942]_[-6.26627439 -2.2793387   1.7083519   5.69485332  9.68235    13.66732511
 17.65360367 21.6406845  25.62797646 29.61417629] 

Mean Previous Drone Positions [21.1922812 21.1922812 21.1922812 21.1922812 21.1922812 21.1922812
 21.1922812 21.1922812 21.1922812 21.1922812]_[11.67437082 11.67437082 11.67437082 11.67437082 11.67437082 11.67437082
 11.67437082 11.67437082 11.67437082 11.67437082] 

relative Drone Positions [ 5.9409291   4.62072263  3.30051617  1.9803097   0.66010323 -0.66010323
 -1.9803097  -3.30051617 -4.62072263 -5.9409291 ]_[-17.94199993 -13.95488883  -9.96777774  -5.98066664  -1.99355555
   1.99355555   5.98066664   9.96777774  13.95488883  17.94199993] 

current starting Drone Positions [27.1332103  25.81300383 24.49279736 23.1725909  21.85238443 20.53217797
 19.2119715  17.89176503 16.57155857 15.2513521 ]_[-6.26762911 -2.28051802  1.70659308  5.69370417  9.68081527 13.66792636
 17.65503746 21.64214856 25.62925965 29.61637075] 

Mean Current Drone Positions [21.1922812 21.1922812 21.1922812 21.1922812 21.1922812 21.1922812
 21.1922812 21.1922812 21.1922812 21.1922812]_[11.67437082 11.67437082 11.67437082 11.67437082 11.67437082 11.67437082
 11.67437082 11.67437082 11.67437082 11.67437082] 

scanning direction vector [0.81080692 0.81080692 0.81080692 0.81080692 0.81080692 0.81080692
 0.81080692 0.81080692 0.81080692 0.81080692]_[0.26847322 0.26847322 0.26847322 0.26847322 0.26847322 0.26847322
 0.26847322 0.26847322 0.26847322 0.26847322] 

changing back speed 0.3 

velocity vector [0.8108491  0.81095084 0.81092155 0.81068572 0.81089141 0.81047802
 0.81087133 0.8107083  0.81079721 0.81091573]_[0.2680668  0.26811942 0.26794557 0.26812847 0.2680128  0.26865359
 0.26890335 0.26891243 0.26885817 0.26913155] 

Moving Straight [27.94391881 26.62347494 25.30333681 23.98368061 22.66299422 21.34375232
 20.02262814 18.70280206 17.38238815 16.06190515]_[-5.99820759 -2.01121928  1.97629747  5.96298179  9.95036279 13.9359787
 17.92250702 21.90959693 25.89683464 29.88330785] 

drones next lat [48.33578425 48.33582001 48.33585578 48.33589154 48.33592731 48.33596306
 48.33599881 48.33603458 48.33607034 48.3361061 ] drones next lon [14.32702174 14.32700346 14.32698517 14.32696689 14.3269486  14.32693033
 14.32691203 14.32689375 14.32687547 14.32685718] 
WayPoint_Count 36 

Leader Index 4 

Leader Contour 54.5 

Contour Threshold 180 

Previous Drone Positions [27.94391881 26.62347494 25.30333681 23.98368061 22.66299422 21.34375232
 20.02262814 18.70280206 17.38238815 16.06190515]_[-5.99820759 -2.01121928  1.97629747  5.96298179  9.95036279 13.9359787
 17.92250702 21.90959693 25.89683464 29.88330785] 

Mean Previous Drone Positions [22.00308812 22.00308812 22.00308812 22.00308812 22.00308812 22.00308812
 22.00308812 22.00308812 22.00308812 22.00308812]_[11.94284403 11.94284403 11.94284403 11.94284403 11.94284403 11.94284403
 11.94284403 11.94284403 11.94284403 11.94284403] 

relative Drone Positions [ 5.9409291   4.62072263  3.30051617  1.9803097   0.66010323 -0.66010323
 -1.9803097  -3.30051617 -4.62072263 -5.9409291 ]_[-17.94199993 -13.95488883  -9.96777774  -5.98066664  -1.99355555
   1.99355555   5.98066664   9.96777774  13.95488883  17.94199993] 

current starting Drone Positions [27.94401722 26.62381075 25.30360429 23.98339782 22.66319135 21.34298489
 20.02277842 18.70257196 17.38236549 16.06215902]_[-5.9991559  -2.0120448   1.97506629  5.96217739  9.94928849 13.93639958
 17.92351068 21.91062177 25.89773287 29.88484396] 

Mean Current Drone Positions [22.00308812 22.00308812 22.00308812 22.00308812 22.00308812 22.00308812
 22.00308812 22.00308812 22.00308812 22.00308812]_[11.94284403 11.94284403 11.94284403 11.94284403 11.94284403 11.94284403
 11.94284403 11.94284403 11.94284403 11.94284403] 

scanning direction vector [0.81080692 0.81080692 0.81080692 0.81080692 0.81080692 0.81080692
 0.81080692 0.81080692 0.81080692 0.81080692]_[0.26847322 0.26847322 0.26847322 0.26847322 0.26847322 0.26847322
 0.26847322 0.26847322 0.26847322 0.26847322] 

changing back speed 0.3 

velocity vector [0.81083644 0.81090766 0.81088716 0.81072208 0.81086606 0.81057669
 0.81085201 0.81073789 0.81080012 0.81088308]_[0.26818872 0.26822556 0.26810386 0.2682319  0.26815092 0.26859948
 0.26877431 0.26878067 0.26874269 0.26893405] 

Moving Straight [28.75475525 27.4343826  26.11422397 24.7944027  23.47386028 22.15432901
 20.83348014 19.51353995 18.19318827 16.87278823]_[-5.73001887 -1.74299372  2.24440133  6.23121369 10.21851372 14.20457818
 18.19128134 22.1783776  26.16557732 30.1522419 ] 

drones next lat [48.33578673 48.33582249 48.33585825 48.33589402 48.33592978 48.33596554
 48.3360013  48.33603706 48.33607283 48.33610859] drones next lon [14.32703265 14.32701437 14.32699608 14.3269778  14.32695951 14.32694124
 14.32692294 14.32690466 14.32688637 14.32686809] 
WayPoint_Count 37 

Leader Index 4 

Leader Contour 47.0 

Contour Threshold 180 

Previous Drone Positions [28.75475525 27.4343826  26.11422397 24.7944027  23.47386028 22.15432901
 20.83348014 19.51353995 18.19318827 16.87278823]_[-5.73001887 -1.74299372  2.24440133  6.23121369 10.21851372 14.20457818
 18.19128134 22.1783776  26.16557732 30.1522419 ] 

Mean Previous Drone Positions [22.81389504 22.81389504 22.81389504 22.81389504 22.81389504 22.81389504
 22.81389504 22.81389504 22.81389504 22.81389504]_[12.21131725 12.21131725 12.21131725 12.21131725 12.21131725 12.21131725
 12.21131725 12.21131725 12.21131725 12.21131725] 

relative Drone Positions [ 5.9409291   4.62072263  3.30051617  1.9803097   0.66010323 -0.66010323
 -1.9803097  -3.30051617 -4.62072263 -5.9409291 ]_[-17.94199993 -13.95488883  -9.96777774  -5.98066664  -1.99355555
   1.99355555   5.98066664   9.96777774  13.95488883  17.94199993] 

current starting Drone Positions [28.75482414 27.43461767 26.11441121 24.79420474 23.47399827 22.15379181
 20.83358534 19.51337888 18.19317241 16.87296594]_[-5.73068268 -1.74357158  2.24353951  6.23065061 10.2177617  14.2048728
 18.19198389 22.17909499 26.16620608 30.15331718] 

Mean Current Drone Positions [22.81389504 22.81389504 22.81389504 22.81389504 22.81389504 22.81389504
 22.81389504 22.81389504 22.81389504 22.81389504]_[12.21131725 12.21131725 12.21131725 12.21131725 12.21131725 12.21131725
 12.21131725 12.21131725 12.21131725 12.21131725] 

scanning direction vector [0.81080692 0.81080692 0.81080692 0.81080692 0.81080692 0.81080692
 0.81080692 0.81080692 0.81080692 0.81080692]_[0.26847322 0.26847322 0.26847322 0.26847322 0.26847322 0.26847322
 0.26847322 0.26847322 0.26847322 0.26847322] 

changing back speed 0.3 

velocity vector [0.81082759 0.81087744 0.81086309 0.81074753 0.81084832 0.81064576
 0.81083848 0.8107586  0.81080216 0.81086024]_[0.26827407 0.26829986 0.26821467 0.26830429 0.26824761 0.2685616
 0.26868398 0.26868843 0.26866184 0.2687958 ] 

Moving Straight [29.56558284 28.24526005 26.92508706 25.60515023 24.2847086  22.96497477
 21.64431862 20.32429855 19.00399043 17.68364846]_[-5.46174479 -1.47469386  2.512616    6.49951798 10.48676133 14.47313978
 18.45996532 22.44706603 26.43423917 30.4210377 ] 

drones next lat [48.3357892  48.33582497 48.33586073 48.33589649 48.33593226 48.33596802
 48.33600378 48.33603954 48.33607531 48.33611107] drones next lon [14.32704356 14.32702527 14.32700699 14.32698871 14.32697042 14.32695214
 14.32693385 14.32691557 14.32689728 14.32687899] 
WayPoint_Count 38 

Leader Index 6 

Leader Contour 36.5 

Contour Threshold 180 

Previous Drone Positions [29.56558284 28.24526005 26.92508706 25.60515023 24.2847086  22.96497477
 21.64431862 20.32429855 19.00399043 17.68364846]_[-5.46174479 -1.47469386  2.512616    6.49951798 10.48676133 14.47313978
 18.45996532 22.44706603 26.43423917 30.4210377 ] 

Mean Previous Drone Positions [23.62470196 23.62470196 23.62470196 23.62470196 23.62470196 23.62470196
 23.62470196 23.62470196 23.62470196 23.62470196]_[12.47979047 12.47979047 12.47979047 12.47979047 12.47979047 12.47979047
 12.47979047 12.47979047 12.47979047 12.47979047] 

relative Drone Positions [ 5.9409291   4.62072263  3.30051617  1.9803097   0.66010323 -0.66010323
 -1.9803097  -3.30051617 -4.62072263 -5.9409291 ]_[-17.94199993 -13.95488883  -9.96777774  -5.98066664  -1.99355555
   1.99355555   5.98066664   9.96777774  13.95488883  17.94199993] 

current starting Drone Positions [29.56563106 28.24542459 26.92521813 25.60501166 24.28480519 22.96459873
 21.64439226 20.3241858  19.00397933 17.68377286]_[-5.46220946 -1.47509837  2.51201273  6.49912382 10.48623492 14.47334601
 18.46045711 22.4475682  26.4346793  30.42179039] 

Mean Current Drone Positions [23.62470196 23.62470196 23.62470196 23.62470196 23.62470196 23.62470196
 23.62470196 23.62470196 23.62470196 23.62470196]_[12.47979047 12.47979047 12.47979047 12.47979047 12.47979047 12.47979047
 12.47979047 12.47979047 12.47979047 12.47979047] 

scanning direction vector [0.81080692 0.81080692 0.81080692 0.81080692 0.81080692 0.81080692
 0.81080692 0.81080692 0.81080692 0.81080692]_[0.26847322 0.26847322 0.26847322 0.26847322 0.26847322 0.26847322
 0.26847322 0.26847322 0.26847322 0.26847322] 

changing back speed 0.3 

velocity vector [0.81082139 0.81085629 0.81084624 0.81076535 0.8108359  0.81069411
 0.81082901 0.81077309 0.81080359 0.81084424]_[0.26833382 0.26835186 0.26829223 0.26835497 0.26831529 0.26853509
 0.26862075 0.26862387 0.26860526 0.26869903] 

Moving Straight [30.37640423 29.05611633 27.7359333  26.41591558 25.0955445  23.77566888
 22.45514764 21.13507164 19.81479402 18.49449271]_[-5.19341098 -1.206342    2.78090824  6.76787295 10.75507662 14.74167487
 18.72858607 22.7156899  26.70284442 30.68973672] 

drones next lat [48.33579168 48.33582744 48.33586321 48.33589897 48.33593474 48.3359705
 48.33600626 48.33604202 48.33607779 48.33611355] drones next lon [14.32705447 14.32703618 14.3270179  14.32699962 14.32698133 14.32696305
 14.32694476 14.32692648 14.32690819 14.3268899 ] 
WayPoint_Count 39 

Leader Index 4 

Leader Contour 57.0 

Contour Threshold 180 

Previous Drone Positions [30.37640423 29.05611633 27.7359333  26.41591558 25.0955445  23.77566888
 22.45514764 21.13507164 19.81479402 18.49449271]_[-5.19341098 -1.206342    2.78090824  6.76787295 10.75507662 14.74167487
 18.72858607 22.7156899  26.70284442 30.68973672] 

Mean Previous Drone Positions [24.43550888 24.43550888 24.43550888 24.43550888 24.43550888 24.43550888
 24.43550888 24.43550888 24.43550888 24.43550888]_[12.74826368 12.74826368 12.74826368 12.74826368 12.74826368 12.74826368
 12.74826368 12.74826368 12.74826368 12.74826368] 

relative Drone Positions [ 5.9409291   4.62072263  3.30051617  1.9803097   0.66010323 -0.66010323
 -1.9803097  -3.30051617 -4.62072263 -5.9409291 ]_[-17.94199993 -13.95488883  -9.96777774  -5.98066664  -1.99355555
   1.99355555   5.98066664   9.96777774  13.95488883  17.94199993] 

current starting Drone Positions [30.37643798 29.05623151 27.73602505 26.41581858 25.09561212 23.77540565
 22.45519918 21.13499272 19.81478625 18.49457979]_[-5.19373625 -1.20662515  2.78048594  6.76759704 10.75470813 14.74181923
 18.72893032 22.71604142 26.70315252 30.69026361] 

Mean Current Drone Positions [24.43550888 24.43550888 24.43550888 24.43550888 24.43550888 24.43550888
 24.43550888 24.43550888 24.43550888 24.43550888]_[12.74826368 12.74826368 12.74826368 12.74826368 12.74826368 12.74826368
 12.74826368 12.74826368 12.74826368 12.74826368] 

scanning direction vector [0.81080692 0.81080692 0.81080692 0.81080692 0.81080692 0.81080692
 0.81080692 0.81080692 0.81080692 0.81080692]_[0.26847322 0.26847322 0.26847322 0.26847322 0.26847322 0.26847322
 0.26847322 0.26847322 0.26847322 0.26847322] 

changing back speed 0.3 

velocity vector [0.81081705 0.81084148 0.81083444 0.81077782 0.81082721 0.81072795
 0.81082239 0.81078324 0.81080459 0.81083304]_[0.26837564 0.26838827 0.26834653 0.26839044 0.26836267 0.26851652
 0.26857649 0.26857867 0.26856564 0.26863128] 

Moving Straight [31.18722127 29.86695781 28.54676775 27.2266934  25.9063717  24.58639683
 23.26597002 21.94585489 20.62559861 19.30532575]_[-4.92503534 -0.93795373  3.04925477  7.03626339 11.02343929 15.01019139
 18.99716256 22.98426857 26.97141007 30.95836801] 

drones next lat [48.33579416 48.33582992 48.33586569 48.33590145 48.33593722 48.33597298
 48.33600874 48.3360445  48.33608027 48.33611603] drones next lon [14.32706538 14.32704709 14.32702881 14.32701052 14.32699224 14.32697395
 14.32695567 14.32693738 14.3269191  14.32690081] 
WayPoint_Count 40 

Leader Index 7 

Leader Contour 47.0 

Contour Threshold 180 

Previous Drone Positions [31.18722127 29.86695781 28.54676775 27.2266934  25.9063717  24.58639683
 23.26597002 21.94585489 20.62559861 19.30532575]_[-4.92503534 -0.93795373  3.04925477  7.03626339 11.02343929 15.01019139
 18.99716256 22.98426857 26.97141007 30.95836801] 

Mean Previous Drone Positions [25.2463158 25.2463158 25.2463158 25.2463158 25.2463158 25.2463158
 25.2463158 25.2463158 25.2463158 25.2463158]_[13.0167369 13.0167369 13.0167369 13.0167369 13.0167369 13.0167369
 13.0167369 13.0167369 13.0167369 13.0167369] 

relative Drone Positions [ 5.9409291   4.62072263  3.30051617  1.9803097   0.66010323 -0.66010323
 -1.9803097  -3.30051617 -4.62072263 -5.9409291 ]_[-17.94199993 -13.95488883  -9.96777774  -5.98066664  -1.99355555
   1.99355555   5.98066664   9.96777774  13.95488883  17.94199993] 

current starting Drone Positions [31.1872449  29.86703843 28.54683197 27.2266255  25.90641904 24.58621257
 23.2660061  21.94579964 20.62559317 19.30538671]_[-4.92526303 -0.93815194  3.04895916  7.03607026 11.02318135 15.01029245
 18.99740354 22.98451464 26.97162573 30.95873683] 

Mean Current Drone Positions [25.2463158 25.2463158 25.2463158 25.2463158 25.2463158 25.2463158
 25.2463158 25.2463158 25.2463158 25.2463158]_[13.0167369 13.0167369 13.0167369 13.0167369 13.0167369 13.0167369
 13.0167369 13.0167369 13.0167369 13.0167369] 

scanning direction vector [0.81080692 0.81080692 0.81080692 0.81080692 0.81080692 0.81080692
 0.81080692 0.81080692 0.81080692 0.81080692]_[0.26847322 0.26847322 0.26847322 0.26847322 0.26847322 0.26847322
 0.26847322 0.26847322 0.26847322 0.26847322] 

changing back speed 0.3 

velocity vector [0.81081401 0.81083111 0.81082619 0.81078655 0.81082112 0.81075164
 0.81081775 0.81079035 0.81080529 0.81082521]_[0.26840491 0.26841375 0.26838453 0.26841528 0.26839583 0.26850353
 0.26854551 0.26854704 0.26853792 0.26858386] 

Moving Straight [31.99803528 30.67778892 29.35759393 28.03747995 26.71719283 25.39714847
 24.07678777 22.75664523 21.4364039  20.11615096]_[-4.65663043 -0.66953997  3.3176393   7.30467867 11.29183513 15.27869492
 19.26570807 23.25281561 27.23994798 31.22695187] 

drones next lat [48.33579664 48.3358324  48.33586817 48.33590393 48.33593969 48.33597546
 48.33601122 48.33604698 48.33608275 48.33611851] drones next lon [14.32707629 14.327058   14.32703971 14.32702143 14.32700314 14.32698486
 14.32696658 14.32694829 14.32693001 14.32691172] 
WayPoint_Count 41 

Leader Index 7 

Leader Contour 59.5 

Contour Threshold 180 

Previous Drone Positions [31.99803528 30.67778892 29.35759393 28.03747995 26.71719283 25.39714847
 24.07678777 22.75664523 21.4364039  20.11615096]_[-4.65663043 -0.66953997  3.3176393   7.30467867 11.29183513 15.27869492
 19.26570807 23.25281561 27.23994798 31.22695187] 

Mean Previous Drone Positions [26.05712272 26.05712272 26.05712272 26.05712272 26.05712272 26.05712272
 26.05712272 26.05712272 26.05712272 26.05712272]_[13.28521011 13.28521011 13.28521011 13.28521011 13.28521011 13.28521011
 13.28521011 13.28521011 13.28521011 13.28521011] 

relative Drone Positions [ 5.9409291   4.62072263  3.30051617  1.9803097   0.66010323 -0.66010323
 -1.9803097  -3.30051617 -4.62072263 -5.9409291 ]_[-17.94199993 -13.95488883  -9.96777774  -5.98066664  -1.99355555
   1.99355555   5.98066664   9.96777774  13.95488883  17.94199993] 

current starting Drone Positions [31.99805182 30.67784536 29.35763889 28.03743242 26.71722596 25.39701949
 24.07681303 22.75660656 21.43640009 20.11619363]_[-4.65678981 -0.66967872  3.31743238  7.30454347 11.29165457 15.27876566
 19.26587676 23.25298785 27.24009895 31.22721004] 

Mean Current Drone Positions [26.05712272 26.05712272 26.05712272 26.05712272 26.05712272 26.05712272
 26.05712272 26.05712272 26.05712272 26.05712272]_[13.28521011 13.28521011 13.28521011 13.28521011 13.28521011 13.28521011
 13.28521011 13.28521011 13.28521011 13.28521011] 

scanning direction vector [0.81080692 0.81080692 0.81080692 0.81080692 0.81080692 0.81080692
 0.81080692 0.81080692 0.81080692 0.81080692]_[0.26847322 0.26847322 0.26847322 0.26847322 0.26847322 0.26847322
 0.26847322 0.26847322 0.26847322 0.26847322] 

changing back speed 0.3 

velocity vector [0.81081188 0.81082385 0.81082041 0.81079266 0.81081686 0.81076823
 0.8108145  0.81079532 0.81080578 0.81081972]_[0.2684254  0.26843159 0.26841114 0.26843266 0.26841905 0.26849444
 0.26852382 0.26852489 0.26851851 0.26855067] 

Moving Straight [32.80884716 31.48861277 30.16841434 28.84827261 27.52800969 26.2079167
 24.88760227 23.56744055 22.24720968 20.92697068]_[-4.38820503 -0.40110838  3.58605044  7.57311132 11.56025417 15.54718936
 19.5342319  23.5213405  27.50846649 31.49550254] 

drones next lat [48.33579912 48.33583488 48.33587064 48.33590641 48.33594217 48.33597793
 48.3360137  48.33604946 48.33608523 48.33612099] drones next lon [14.32708719 14.32706891 14.32705062 14.32703234 14.32701405 14.32699577
 14.32697748 14.3269592  14.32694091 14.32692263] 
WayPoint_Count 42 

Leader Index 4 

Leader Contour 80.5 

Contour Threshold 180 

Previous Drone Positions [32.80884716 31.48861277 30.16841434 28.84827261 27.52800969 26.2079167
 24.88760227 23.56744055 22.24720968 20.92697068]_[-4.38820503 -0.40110838  3.58605044  7.57311132 11.56025417 15.54718936
 19.5342319  23.5213405  27.50846649 31.49550254] 

Mean Previous Drone Positions [26.86792965 26.86792965 26.86792965 26.86792965 26.86792965 26.86792965
 26.86792965 26.86792965 26.86792965 26.86792965]_[13.55368333 13.55368333 13.55368333 13.55368333 13.55368333 13.55368333
 13.55368333 13.55368333 13.55368333 13.55368333] 

relative Drone Positions [ 5.9409291   4.62072263  3.30051617  1.9803097   0.66010323 -0.66010323
 -1.9803097  -3.30051617 -4.62072263 -5.9409291 ]_[-17.94199993 -13.95488883  -9.96777774  -5.98066664  -1.99355555
   1.99355555   5.98066664   9.96777774  13.95488883  17.94199993] 

current starting Drone Positions [32.80885874 31.48865228 30.16844581 28.84823934 27.52803288 26.20782641
 24.88761995 23.56741348 22.24720701 20.92700055]_[-4.3883166  -0.4012055   3.58590559  7.57301669 11.56012778 15.54723888
 19.53434997 23.52146107 27.50857216 31.49568326] 

Mean Current Drone Positions [26.86792965 26.86792965 26.86792965 26.86792965 26.86792965 26.86792965
 26.86792965 26.86792965 26.86792965 26.86792965]_[13.55368333 13.55368333 13.55368333 13.55368333 13.55368333 13.55368333
 13.55368333 13.55368333 13.55368333 13.55368333] 

scanning direction vector [0.81080692 0.81080692 0.81080692 0.81080692 0.81080692 0.81080692
 0.81080692 0.81080692 0.81080692 0.81080692]_[0.26847322 0.26847322 0.26847322 0.26847322 0.26847322 0.26847322
 0.26847322 0.26847322 0.26847322 0.26847322] 

changing back speed 0.3 

velocity vector [0.81081039 0.81081877 0.81081636 0.81079694 0.81081388 0.81077983
 0.81081223 0.8107988  0.81080612 0.81081588]_[0.26843975 0.26844408 0.26842976 0.26844483 0.2684353  0.26848807
 0.26850864 0.26850939 0.26850492 0.26852743] 

Moving Straight [33.61965756 32.29943154 30.9792307  29.65906955 28.33882356 27.01869653
 25.69841449 24.37823935 23.0580158  21.73778656]_[-4.11976529 -0.1326643   3.8544802   7.84155615 11.82868947 15.81567743
 19.80274054 23.78984989 27.77697141 31.76402997] 

drones next lat [48.3358016  48.33583736 48.33587312 48.33590889 48.33594465 48.33598041
 48.33601618 48.33605194 48.33608771 48.33612347] drones next lon [14.3270981  14.32707982 14.32706153 14.32704325 14.32702496 14.32700668
 14.32698839 14.32697011 14.32695182 14.32693354] 
WayPoint_Count 43 

Leader Index 4 

Leader Contour 82.5 

Contour Threshold 180 

Previous Drone Positions [33.61965756 32.29943154 30.9792307  29.65906955 28.33882356 27.01869653
 25.69841449 24.37823935 23.0580158  21.73778656]_[-4.11976529 -0.1326643   3.8544802   7.84155615 11.82868947 15.81567743
 19.80274054 23.78984989 27.77697141 31.76402997] 

Mean Previous Drone Positions [27.67873657 27.67873657 27.67873657 27.67873657 27.67873657 27.67873657
 27.67873657 27.67873657 27.67873657 27.67873657]_[13.82215655 13.82215655 13.82215655 13.82215655 13.82215655 13.82215655
 13.82215655 13.82215655 13.82215655 13.82215655] 

relative Drone Positions [ 5.9409291   4.62072263  3.30051617  1.9803097   0.66010323 -0.66010323
 -1.9803097  -3.30051617 -4.62072263 -5.9409291 ]_[-17.94199993 -13.95488883  -9.96777774  -5.98066664  -1.99355555
   1.99355555   5.98066664   9.96777774  13.95488883  17.94199993] 

current starting Drone Positions [33.61966566 32.2994592  30.97925273 29.65904627 28.3388398  27.01863333
 25.69842687 24.3782204  23.05801394 21.73780747]_[-4.11984338 -0.13273229  3.85437881  7.8414899  11.828601   15.81571209
 19.80282319 23.78993429 27.77704538 31.76415648] 

Mean Current Drone Positions [27.67873657 27.67873657 27.67873657 27.67873657 27.67873657 27.67873657
 27.67873657 27.67873657 27.67873657 27.67873657]_[13.82215655 13.82215655 13.82215655 13.82215655 13.82215655 13.82215655
 13.82215655 13.82215655 13.82215655 13.82215655] 

scanning direction vector [0.81080692 0.81080692 0.81080692 0.81080692 0.81080692 0.81080692
 0.81080692 0.81080692 0.81080692 0.81080692]_[0.26847322 0.26847322 0.26847322 0.26847322 0.26847322 0.26847322
 0.26847322 0.26847322 0.26847322 0.26847322] 

changing back speed 0.3 

velocity vector [0.81080935 0.81081522 0.81081353 0.81079993 0.81081179 0.81078796
 0.81081063 0.81080124 0.81080636 0.81081319]_[0.26844979 0.26845282 0.2684428  0.26845334 0.26844667 0.26848361
 0.26849801 0.26849854 0.26849541 0.26851117] 

Moving Straight [34.43046691 33.11024676 31.79004423 30.46986949 29.14963536 27.82948449
 26.50922512 25.18904059 23.86882216 22.54859975]_[-3.8513155   0.13578852  4.122923    8.11000949 12.09713615 16.08416105
 20.07123855 24.05834842 28.04546682 32.03254114] 

drones next lat [48.33580407 48.33583984 48.3358756  48.33591137 48.33594713 48.33598289
 48.33601866 48.33605442 48.33609019 48.33612595] drones next lon [14.32710901 14.32709072 14.32707244 14.32705415 14.32703587 14.32701759
 14.3269993  14.32698101 14.32696273 14.32694444] 
WayPoint_Count 44 

Leader Index 7 

Leader Contour 55.5 

Contour Threshold 180 

Previous Drone Positions [34.43046691 33.11024676 31.79004423 30.46986949 29.14963536 27.82948449
 26.50922512 25.18904059 23.86882216 22.54859975]_[-3.8513155   0.13578852  4.122923    8.11000949 12.09713615 16.08416105
 20.07123855 24.05834842 28.04546682 32.03254114] 

Mean Previous Drone Positions [28.48954349 28.48954349 28.48954349 28.48954349 28.48954349 28.48954349
 28.48954349 28.48954349 28.48954349 28.48954349]_[14.09062976 14.09062976 14.09062976 14.09062976 14.09062976 14.09062976
 14.09062976 14.09062976 14.09062976 14.09062976] 

relative Drone Positions [ 5.9409291   4.62072263  3.30051617  1.9803097   0.66010323 -0.66010323
 -1.9803097  -3.30051617 -4.62072263 -5.9409291 ]_[-17.94199993 -13.95488883  -9.96777774  -5.98066664  -1.99355555
   1.99355555   5.98066664   9.96777774  13.95488883  17.94199993] 

current starting Drone Positions [34.43047258 33.11026612 31.79005965 30.46985319 29.14964672 27.82944025
 26.50923379 25.18902732 23.86882086 22.54861439]_[-3.85137017  0.13574093  4.12285202  8.10996312 12.09707422 16.08418531
 20.07129641 24.0584075  28.0455186  32.03262969] 

Mean Current Drone Positions [28.48954349 28.48954349 28.48954349 28.48954349 28.48954349 28.48954349
 28.48954349 28.48954349 28.48954349 28.48954349]_[14.09062976 14.09062976 14.09062976 14.09062976 14.09062976 14.09062976
 14.09062976 14.09062976 14.09062976 14.09062976] 

scanning direction vector [0.81080692 0.81080692 0.81080692 0.81080692 0.81080692 0.81080692
 0.81080692 0.81080692 0.81080692 0.81080692]_[0.26847322 0.26847322 0.26847322 0.26847322 0.26847322 0.26847322
 0.26847322 0.26847322 0.26847322 0.26847322] 

changing back speed 0.3 

velocity vector [0.81080862 0.81081273 0.81081155 0.81080203 0.81081033 0.81079365
 0.81080952 0.81080294 0.81080653 0.81081131]_[0.26845682 0.26845894 0.26845192 0.2684593  0.26845464 0.2684805
 0.26849057 0.26849094 0.26848875 0.26849978] 

Moving Straight [35.24127553 33.92105949 32.60085578 31.28067152 29.96044569 28.64027814
 27.32003464 25.99984353 24.67962869 23.35941107]_[-3.58285868  0.40424746  4.39137492  8.3784688  12.36559078 16.35264154
 20.33972912 24.32683936 28.31395557 32.30104092] 

drones next lat [48.33580655 48.33584232 48.33587808 48.33591385 48.33594961 48.33598537
 48.33602114 48.3360569  48.33609266 48.33612843] drones next lon [14.32711992 14.32710163 14.32708335 14.32706506 14.32704678 14.32702849
 14.32701021 14.32699192 14.32697364 14.32695535] 
WayPoint_Count 45 

Leader Index 3 

Leader Contour 54.0 

Contour Threshold 180 

Previous Drone Positions [35.24127553 33.92105949 32.60085578 31.28067152 29.96044569 28.64027814
 27.32003464 25.99984353 24.67962869 23.35941107]_[-3.58285868  0.40424746  4.39137492  8.3784688  12.36559078 16.35264154
 20.33972912 24.32683936 28.31395557 32.30104092] 

Mean Previous Drone Positions [29.30035041 29.30035041 29.30035041 29.30035041 29.30035041 29.30035041
 29.30035041 29.30035041 29.30035041 29.30035041]_[14.35910298 14.35910298 14.35910298 14.35910298 14.35910298 14.35910298
 14.35910298 14.35910298 14.35910298 14.35910298] 

relative Drone Positions [ 5.9409291   4.62072263  3.30051617  1.9803097   0.66010323 -0.66010323
 -1.9803097  -3.30051617 -4.62072263 -5.9409291 ]_[-17.94199993 -13.95488883  -9.96777774  -5.98066664  -1.99355555
   1.99355555   5.98066664   9.96777774  13.95488883  17.94199993] 

current starting Drone Positions [35.2412795  33.92107304 32.60086657 31.28066011 29.96045364 28.64024717
 27.32004071 25.99983424 24.67962778 23.35942131]_[-3.58289695  0.40421415  4.39132524  8.37843634 12.36554743 16.35265853
 20.33976962 24.32688072 28.31399181 32.30110291] 

Mean Current Drone Positions [29.30035041 29.30035041 29.30035041 29.30035041 29.30035041 29.30035041
 29.30035041 29.30035041 29.30035041 29.30035041]_[14.35910298 14.35910298 14.35910298 14.35910298 14.35910298 14.35910298
 14.35910298 14.35910298 14.35910298 14.35910298] 

scanning direction vector [0.81080692 0.81080692 0.81080692 0.81080692 0.81080692 0.81080692
 0.81080692 0.81080692 0.81080692 0.81080692]_[0.26847322 0.26847322 0.26847322 0.26847322 0.26847322 0.26847322
 0.26847322 0.26847322 0.26847322 0.26847322] 

changing back speed 0.3 

velocity vector [0.81080811 0.81081099 0.81081016 0.8108035  0.81080931 0.81079763
 0.81080874 0.81080414 0.81080665 0.81080999]_[0.26846174 0.26846322 0.26845831 0.26846348 0.26846021 0.26847831
 0.26848537 0.26848562 0.26848409 0.26849181] 

Moving Straight [36.05208365 34.73187047 33.41166594 32.09147502 30.77125499 29.45107577
 28.13084338 26.81064766 25.49043534 24.17022106]_[-3.31439695  0.67271068  4.65983324  8.64693228 12.63405099 16.62111985
 20.60821449 24.59532499 28.58243966 32.56953273] 

drones next lat [48.33580903 48.3358448  48.33588056 48.33591632 48.33595209 48.33598785
 48.33602362 48.33605938 48.33609514 48.33613091] drones next lon [14.32713083 14.32711254 14.32709426 14.32707597 14.32705769 14.3270394
 14.32702112 14.32700283 14.32698455 14.32696626] 
WayPoint_Count 46 

Leader Index 4 

Leader Contour 55.5 

Contour Threshold 180 

Previous Drone Positions [36.05208365 34.73187047 33.41166594 32.09147502 30.77125499 29.45107577
 28.13084338 26.81064766 25.49043534 24.17022106]_[-3.31439695  0.67271068  4.65983324  8.64693228 12.63405099 16.62111985
 20.60821449 24.59532499 28.58243966 32.56953273] 

Mean Previous Drone Positions [30.11115733 30.11115733 30.11115733 30.11115733 30.11115733 30.11115733
 30.11115733 30.11115733 30.11115733 30.11115733]_[14.6275762 14.6275762 14.6275762 14.6275762 14.6275762 14.6275762
 14.6275762 14.6275762 14.6275762 14.6275762] 

relative Drone Positions [ 5.9409291   4.62072263  3.30051617  1.9803097   0.66010323 -0.66010323
 -1.9803097  -3.30051617 -4.62072263 -5.9409291 ]_[-17.94199993 -13.95488883  -9.96777774  -5.98066664  -1.99355555
   1.99355555   5.98066664   9.96777774  13.95488883  17.94199993] 

current starting Drone Positions [36.05208643 34.73187996 33.41167349 32.09146703 30.77126056 29.4510541
 28.13084763 26.81064116 25.4904347  24.17022823]_[-3.31442373  0.67268736  4.65979846  8.64690955 12.63402065 16.62113174
 20.60824284 24.59535393 28.58246503 32.56957613] 

Mean Current Drone Positions [30.11115733 30.11115733 30.11115733 30.11115733 30.11115733 30.11115733
 30.11115733 30.11115733 30.11115733 30.11115733]_[14.6275762 14.6275762 14.6275762 14.6275762 14.6275762 14.6275762
 14.6275762 14.6275762 14.6275762 14.6275762] 

scanning direction vector [0.81080692 0.81080692 0.81080692 0.81080692 0.81080692 0.81080692
 0.81080692 0.81080692 0.81080692 0.81080692]_[0.26847322 0.26847322 0.26847322 0.26847322 0.26847322 0.26847322
 0.26847322 0.26847322 0.26847322 0.26847322] 

changing back speed 0.3 

velocity vector [0.81080775 0.81080977 0.81080919 0.81080452 0.81080859 0.81080042
 0.81080819 0.81080497 0.81080673 0.81080907]_[0.26846518 0.26846622 0.26846278 0.2684664  0.26846411 0.26847678
 0.26848172 0.2684819  0.26848083 0.26848623] 

Moving Straight [36.8628914  35.54268024 34.22247513 32.90227954 31.58206358 30.26187619
 28.94165158 27.62145263 26.30124207 24.98103013]_[-3.04593177  0.9411769   4.92829602  8.91539867 12.90251511 16.88959664
 20.87669621 24.86380689 28.85092049 32.83801897] 

drones next lat [48.33581151 48.33584728 48.33588304 48.3359188  48.33595457 48.33599033
 48.33602609 48.33606186 48.33609762 48.33613339] drones next lon [14.32714173 14.32712345 14.32710516 14.32708688 14.32706859 14.32705031
 14.32703202 14.32701374 14.32699545 14.32697717] 
WayPoint_Count 47 

Leader Index 4 

Leader Contour 51.5 

Contour Threshold 180 

Previous Drone Positions [36.8628914  35.54268024 34.22247513 32.90227954 31.58206358 30.26187619
 28.94165158 27.62145263 26.30124207 24.98103013]_[-3.04593177  0.9411769   4.92829602  8.91539867 12.90251511 16.88959664
 20.87669621 24.86380689 28.85092049 32.83801897] 

Mean Previous Drone Positions [30.92196425 30.92196425 30.92196425 30.92196425 30.92196425 30.92196425
 30.92196425 30.92196425 30.92196425 30.92196425]_[14.89604941 14.89604941 14.89604941 14.89604941 14.89604941 14.89604941
 14.89604941 14.89604941 14.89604941 14.89604941] 

relative Drone Positions [ 5.9409291   4.62072263  3.30051617  1.9803097   0.66010323 -0.66010323
 -1.9803097  -3.30051617 -4.62072263 -5.9409291 ]_[-17.94199993 -13.95488883  -9.96777774  -5.98066664  -1.99355555
   1.99355555   5.98066664   9.96777774  13.95488883  17.94199993] 

current starting Drone Positions [36.86289335 35.54268688 34.22248041 32.90227395 31.58206748 30.26186102
 28.94165455 27.62144808 26.30124162 24.98103515]_[-3.04595052  0.94116058  4.92827167  8.91538277 12.90249386 16.88960496
 20.87671606 24.86382715 28.85093825 32.83804934] 

Mean Current Drone Positions [30.92196425 30.92196425 30.92196425 30.92196425 30.92196425 30.92196425
 30.92196425 30.92196425 30.92196425 30.92196425]_[14.89604941 14.89604941 14.89604941 14.89604941 14.89604941 14.89604941
 14.89604941 14.89604941 14.89604941 14.89604941] 

scanning direction vector [0.81080692 0.81080692 0.81080692 0.81080692 0.81080692 0.81080692
 0.81080692 0.81080692 0.81080692 0.81080692]_[0.26847322 0.26847322 0.26847322 0.26847322 0.26847322 0.26847322
 0.26847322 0.26847322 0.26847322 0.26847322] 

changing back speed 0.3 

velocity vector [0.8108075  0.81080891 0.81080851 0.81080524 0.81080809 0.81080237
 0.81080781 0.81080556 0.81080679 0.81080843]_[0.26846759 0.26846832 0.26846591 0.26846844 0.26846684 0.26847571
 0.26847917 0.2684793  0.26847854 0.26848233] 

Moving Straight [37.67369891 36.35348915 35.03328363 33.71308478 32.39287167 31.07267856
 29.75245939 28.43225819 27.11204885 25.79183856]_[-2.77746417  1.20964522  5.19676193  9.18386712 13.17098195 17.15807235
 21.14517538 25.13228618 29.11939903 33.1065013 ] 

drones next lat [48.33581399 48.33584975 48.33588552 48.33592128 48.33595705 48.33599281
 48.33602857 48.33606434 48.3361001  48.33613587] drones next lon [14.32715264 14.32713436 14.32711607 14.32709779 14.3270795  14.32706122
 14.32704293 14.32702465 14.32700636 14.32698808] 
WayPoint_Count 48 

Leader Index 5 

Leader Contour 46.5 

Contour Threshold 180 

Previous Drone Positions [37.67369891 36.35348915 35.03328363 33.71308478 32.39287167 31.07267856
 29.75245939 28.43225819 27.11204885 25.79183856]_[-2.77746417  1.20964522  5.19676193  9.18386712 13.17098195 17.15807235
 21.14517538 25.13228618 29.11939903 33.1065013 ] 

Mean Previous Drone Positions [31.73277117 31.73277117 31.73277117 31.73277117 31.73277117 31.73277117
 31.73277117 31.73277117 31.73277117 31.73277117]_[15.16452263 15.16452263 15.16452263 15.16452263 15.16452263 15.16452263
 15.16452263 15.16452263 15.16452263 15.16452263] 

relative Drone Positions [ 5.9409291   4.62072263  3.30051617  1.9803097   0.66010323 -0.66010323
 -1.9803097  -3.30051617 -4.62072263 -5.9409291 ]_[-17.94199993 -13.95488883  -9.96777774  -5.98066664  -1.99355555
   1.99355555   5.98066664   9.96777774  13.95488883  17.94199993] 

current starting Drone Positions [37.67370027 36.3534938  35.03328734 33.71308087 32.3928744  31.07266794
 29.75246147 28.43225501 27.11204854 25.79184207]_[-2.7774773   1.20963379  5.19674489  9.18385599 13.17096708 17.15807818
 21.14518927 25.13230037 29.11941146 33.10652256] 

Mean Current Drone Positions [31.73277117 31.73277117 31.73277117 31.73277117 31.73277117 31.73277117
 31.73277117 31.73277117 31.73277117 31.73277117]_[15.16452263 15.16452263 15.16452263 15.16452263 15.16452263 15.16452263
 15.16452263 15.16452263 15.16452263 15.16452263] 

scanning direction vector [0.81080692 0.81080692 0.81080692 0.81080692 0.81080692 0.81080692
 0.81080692 0.81080692 0.81080692 0.81080692]_[0.26847322 0.26847322 0.26847322 0.26847322 0.26847322 0.26847322
 0.26847322 0.26847322 0.26847322 0.26847322] 

changing back speed 0.3 

velocity vector [0.81080733 0.81080832 0.81080803 0.81080575 0.81080774 0.81080373
 0.81080754 0.81080597 0.81080683 0.81080798]_[0.26846928 0.26846979 0.2684681  0.26846988 0.26846876 0.26847496
 0.26847738 0.26847747 0.26847695 0.26847959] 

Moving Straight [38.48450623 37.16429747 35.84409166 34.52389053 33.20367941 31.88348229
 30.56326694 29.24306416 27.92285568 26.60264653]_[-2.5089949   1.47811501  5.46523004  9.452337   13.43945071 17.42654731
 21.41365276 25.40076365 29.38787598 33.37498089] 

drones next lat [48.33581647 48.33585223 48.335888   48.33592376 48.33595953 48.33599529
 48.33603105 48.33606682 48.33610258 48.33613835] drones next lon [14.32716355 14.32714526 14.32712698 14.32710869 14.32709041 14.32707213
 14.32705384 14.32703555 14.32701727 14.32699898] 
WayPoint_Count 49 

Leader Index 4 

Leader Contour 29.5 

Contour Threshold 180 

Previous Drone Positions [38.48450623 37.16429747 35.84409166 34.52389053 33.20367941 31.88348229
 30.56326694 29.24306416 27.92285568 26.60264653]_[-2.5089949   1.47811501  5.46523004  9.452337   13.43945071 17.42654731
 21.41365276 25.40076365 29.38787598 33.37498089] 

Mean Previous Drone Positions [32.54357809 32.54357809 32.54357809 32.54357809 32.54357809 32.54357809
 32.54357809 32.54357809 32.54357809 32.54357809]_[15.43299585 15.43299585 15.43299585 15.43299585 15.43299585 15.43299585
 15.43299585 15.43299585 15.43299585 15.43299585] 

relative Drone Positions [ 5.9409291   4.62072263  3.30051617  1.9803097   0.66010323 -0.66010323
 -1.9803097  -3.30051617 -4.62072263 -5.9409291 ]_[-17.94199993 -13.95488883  -9.96777774  -5.98066664  -1.99355555
   1.99355555   5.98066664   9.96777774  13.95488883  17.94199993] 

current starting Drone Positions [38.48450719 37.16430072 35.84409426 34.52388779 33.20368132 31.88347486
 30.56326839 29.24306193 27.92285546 26.60264899]_[-2.50900408  1.47810701  5.46521811  9.4523292  13.4394403  17.42655139
 21.41366249 25.40077358 29.38788468 33.37499577] 

Mean Current Drone Positions [32.54357809 32.54357809 32.54357809 32.54357809 32.54357809 32.54357809
 32.54357809 32.54357809 32.54357809 32.54357809]_[15.43299585 15.43299585 15.43299585 15.43299585 15.43299585 15.43299585
 15.43299585 15.43299585 15.43299585 15.43299585] 

scanning direction vector [0.81080692 0.81080692 0.81080692 0.81080692 0.81080692 0.81080692
 0.81080692 0.81080692 0.81080692 0.81080692]_[0.26847322 0.26847322 0.26847322 0.26847322 0.26847322 0.26847322
 0.26847322 0.26847322 0.26847322 0.26847322] 

changing back speed 0.3 

velocity vector [0.81080721 0.8108079  0.8108077  0.8108061  0.81080749 0.81080469
 0.81080736 0.81080625 0.81080685 0.81080766]_[0.26847046 0.26847082 0.26846964 0.26847088 0.26847009 0.26847444
 0.26847613 0.2684762  0.26847583 0.26847768] 

Moving Straight [39.29531344 37.97510537 36.65489936 35.33469663 34.01448691 32.69428698
 31.37407429 30.05387041 28.73366253 27.41345419]_[-2.24052444  1.74658583  5.73369967  9.72080787 13.7079208  17.69502175
 21.6821289  25.66923985 29.6563518  33.64345857] 

drones next lat [48.33581895 48.33585471 48.33589048 48.33592624 48.335962   48.33599777
 48.33603353 48.3360693  48.33610506 48.33614082] drones next lon [14.32717446 14.32715617 14.32713789 14.3271196  14.32710132 14.32708303
 14.32706475 14.32704646 14.32702818 14.32700989] 
WayPoint_Count 50 

Leader Index 4 

Leader Contour 47.0 

Contour Threshold 180 

Previous Drone Positions [39.29531344 37.97510537 36.65489936 35.33469663 34.01448691 32.69428698
 31.37407429 30.05387041 28.73366253 27.41345419]_[-2.24052444  1.74658583  5.73369967  9.72080787 13.7079208  17.69502175
 21.6821289  25.66923985 29.6563518  33.64345857] 

Mean Previous Drone Positions [33.35438501 33.35438501 33.35438501 33.35438501 33.35438501 33.35438501
 33.35438501 33.35438501 33.35438501 33.35438501]_[15.70146906 15.70146906 15.70146906 15.70146906 15.70146906 15.70146906
 15.70146906 15.70146906 15.70146906 15.70146906] 

relative Drone Positions [ 5.9409291   4.62072263  3.30051617  1.9803097   0.66010323 -0.66010323
 -1.9803097  -3.30051617 -4.62072263 -5.9409291 ]_[-17.94199993 -13.95488883  -9.96777774  -5.98066664  -1.99355555
   1.99355555   5.98066664   9.96777774  13.95488883  17.94199993] 

current starting Drone Positions [39.29531411 37.97510764 36.65490118 35.33469471 34.01448825 32.69428178
 31.37407531 30.05386885 28.73366238 27.41345592]_[-2.24053087  1.74658023  5.73369132  9.72080242 13.70791351 17.69502461
 21.6821357  25.6692468  29.6563579  33.64346899] 

Mean Current Drone Positions [33.35438501 33.35438501 33.35438501 33.35438501 33.35438501 33.35438501
 33.35438501 33.35438501 33.35438501 33.35438501]_[15.70146906 15.70146906 15.70146906 15.70146906 15.70146906 15.70146906
 15.70146906 15.70146906 15.70146906 15.70146906] 

scanning direction vector [0.81080692 0.81080692 0.81080692 0.81080692 0.81080692 0.81080692
 0.81080692 0.81080692 0.81080692 0.81080692]_[0.26847322 0.26847322 0.26847322 0.26847322 0.26847322 0.26847322
 0.26847322 0.26847322 0.26847322 0.26847322] 

changing back speed 0.3 

velocity vector [0.81080712 0.8108076  0.81080747 0.81080635 0.81080732 0.81080536
 0.81080723 0.81080645 0.81080687 0.81080744]_[0.26847129 0.26847154 0.26847071 0.26847158 0.26847103 0.26847407
 0.26847526 0.2684753  0.26847504 0.26847634] 

Moving Straight [40.10612056 38.78591297 37.46570683 36.14550297 34.82529423 33.50509234
 32.18488152 30.86467686 29.54446941 28.22426163]_[-1.97205315  2.01505736  6.00217038  9.98927945 13.97639183 17.96349583
 21.95060416 25.93771515 29.92482685 33.91193491] 

drones next lat [48.33582143 48.33585719 48.33589296 48.33592872 48.33596448 48.33600025
 48.33603601 48.33607178 48.33610754 48.3361433 ] drones next lon [14.32718537 14.32716708 14.3271488  14.32713051 14.32711223 14.32709394
 14.32707566 14.32705737 14.32703909 14.3270208 ] 
WayPoint_Count 51 

Leader Index 4 

Leader Contour 47.5 

Contour Threshold 180 

Previous Drone Positions [40.10612056 38.78591297 37.46570683 36.14550297 34.82529423 33.50509234
 32.18488152 30.86467686 29.54446941 28.22426163]_[-1.97205315  2.01505736  6.00217038  9.98927945 13.97639183 17.96349583
 21.95060416 25.93771515 29.92482685 33.91193491] 

Mean Previous Drone Positions [34.16519193 34.16519193 34.16519193 34.16519193 34.16519193 34.16519193
 34.16519193 34.16519193 34.16519193 34.16519193]_[15.96994228 15.96994228 15.96994228 15.96994228 15.96994228 15.96994228
 15.96994228 15.96994228 15.96994228 15.96994228] 

relative Drone Positions [ 5.9409291   4.62072263  3.30051617  1.9803097   0.66010323 -0.66010323
 -1.9803097  -3.30051617 -4.62072263 -5.9409291 ]_[-17.94199993 -13.95488883  -9.96777774  -5.98066664  -1.99355555
   1.99355555   5.98066664   9.96777774  13.95488883  17.94199993] 

current starting Drone Positions [40.10612103 38.78591456 37.4657081  36.14550163 34.82529517 33.5050887
 32.18488223 30.86467577 29.5444693  28.22426284]_[-1.97205765  2.01505344  6.00216454  9.98927563 13.97638673 17.96349783
 21.95060892 25.93772002 29.92483111 33.91194221] 

Mean Current Drone Positions [34.16519193 34.16519193 34.16519193 34.16519193 34.16519193 34.16519193
 34.16519193 34.16519193 34.16519193 34.16519193]_[15.96994228 15.96994228 15.96994228 15.96994228 15.96994228 15.96994228
 15.96994228 15.96994228 15.96994228 15.96994228] 

scanning direction vector [0.81080692 0.81080692 0.81080692 0.81080692 0.81080692 0.81080692
 0.81080692 0.81080692 0.81080692 0.81080692]_[0.26847322 0.26847322 0.26847322 0.26847322 0.26847322 0.26847322
 0.26847322 0.26847322 0.26847322 0.26847322] 

changing back speed 0.3 

velocity vector [0.81080706 0.8108074  0.8108073  0.81080652 0.8108072  0.81080583
 0.81080713 0.81080659 0.81080689 0.81080728]_[0.26847187 0.26847204 0.26847146 0.26847207 0.26847169 0.26847382
 0.26847465 0.26847468 0.2684745  0.2684754 ] 

Moving Straight [40.91692762 39.59672037 38.27651413 36.95630949 35.63610143 34.31589817
 32.99568866 31.67548345 30.3552763  29.03506891]_[-1.70358128  2.2835294   6.27064185 10.25775152 14.24486352 18.23196964
 22.2190788  26.20618983 30.19330134 34.18041032] 

drones next lat [48.33582391 48.33585967 48.33589544 48.3359312  48.33596696 48.33600273
 48.33603849 48.33607426 48.33611002 48.33614578] drones next lon [14.32719627 14.32717799 14.3271597  14.32714142 14.32712313 14.32710485
 14.32708656 14.32706828 14.32704999 14.32703171] 
WayPoint_Count 52 

Leader Index 4 

Leader Contour 61.0 

Contour Threshold 180 

Previous Drone Positions [40.91692762 39.59672037 38.27651413 36.95630949 35.63610143 34.31589817
 32.99568866 31.67548345 30.3552763  29.03506891]_[-1.70358128  2.2835294   6.27064185 10.25775152 14.24486352 18.23196964
 22.2190788  26.20618983 30.19330134 34.18041032] 

Mean Previous Drone Positions [34.97599885 34.97599885 34.97599885 34.97599885 34.97599885 34.97599885
 34.97599885 34.97599885 34.97599885 34.97599885]_[16.23841549 16.23841549 16.23841549 16.23841549 16.23841549 16.23841549
 16.23841549 16.23841549 16.23841549 16.23841549] 

relative Drone Positions [ 5.9409291   4.62072263  3.30051617  1.9803097   0.66010323 -0.66010323
 -1.9803097  -3.30051617 -4.62072263 -5.9409291 ]_[-17.94199993 -13.95488883  -9.96777774  -5.98066664  -1.99355555
   1.99355555   5.98066664   9.96777774  13.95488883  17.94199993] 

current starting Drone Positions [40.91692795 39.59672148 38.27651502 36.95630855 35.63610209 34.31589562
 32.99568915 31.67548269 30.35527622 29.03506976]_[-1.70358444  2.28352666  6.27063776 10.25774885 14.24485995 18.23197104
 22.21908214 26.20619323 30.19330433 34.18041542] 

Mean Current Drone Positions [34.97599885 34.97599885 34.97599885 34.97599885 34.97599885 34.97599885
 34.97599885 34.97599885 34.97599885 34.97599885]_[16.23841549 16.23841549 16.23841549 16.23841549 16.23841549 16.23841549
 16.23841549 16.23841549 16.23841549 16.23841549] 

scanning direction vector [0.81080692 0.81080692 0.81080692 0.81080692 0.81080692 0.81080692
 0.81080692 0.81080692 0.81080692 0.81080692]_[0.26847322 0.26847322 0.26847322 0.26847322 0.26847322 0.26847322
 0.26847322 0.26847322 0.26847322 0.26847322] 

changing back speed 0.3 

velocity vector [0.81080702 0.81080726 0.81080719 0.81080664 0.81080712 0.81080616
 0.81080707 0.81080669 0.8108069  0.81080717]_[0.26847227 0.26847239 0.26847199 0.26847241 0.26847215 0.26847364
 0.26847422 0.26847424 0.26847411 0.26847475] 

Moving Straight [41.72773464 40.40752762 39.08732132 37.76711613 36.44690855 35.12670433
 33.80649573 32.48629014 31.1660832  29.84587609]_[-1.43510901  2.5520018   6.53911384 10.52622394 14.51333566 18.50044328
 22.48755302 26.47466406 30.46177545 34.44888507] 

drones next lat [48.33582639 48.33586215 48.33589791 48.33593368 48.33596944 48.33600521
 48.33604097 48.33607673 48.3361125  48.33614826] drones next lon [14.32720718 14.3271889  14.32717061 14.32715233 14.32713404 14.32711576
 14.32709747 14.32707919 14.3270609  14.32704262] 
WayPoint_Count 53 

Leader Index 4 

Leader Contour 50.5 

Contour Threshold 180 

Previous Drone Positions [41.72773464 40.40752762 39.08732132 37.76711613 36.44690855 35.12670433
 33.80649573 32.48629014 31.1660832  29.84587609]_[-1.43510901  2.5520018   6.53911384 10.52622394 14.51333566 18.50044328
 22.48755302 26.47466406 30.46177545 34.44888507] 

Mean Previous Drone Positions [35.78680577 35.78680577 35.78680577 35.78680577 35.78680577 35.78680577
 35.78680577 35.78680577 35.78680577 35.78680577]_[16.50688871 16.50688871 16.50688871 16.50688871 16.50688871 16.50688871
 16.50688871 16.50688871 16.50688871 16.50688871] 

relative Drone Positions [ 5.9409291   4.62072263  3.30051617  1.9803097   0.66010323 -0.66010323
 -1.9803097  -3.30051617 -4.62072263 -5.9409291 ]_[-17.94199993 -13.95488883  -9.96777774  -5.98066664  -1.99355555
   1.99355555   5.98066664   9.96777774  13.95488883  17.94199993] 

current starting Drone Positions [41.72773487 40.40752841 39.08732194 37.76711547 36.44690901 35.12670254
 33.80649608 32.48628961 31.16608314 29.84587668]_[-1.43511122  2.55199988  6.53911097 10.52622207 14.51333316 18.50044426
 22.48755535 26.47466645 30.46177754 34.44888864] 

Mean Current Drone Positions [35.78680577 35.78680577 35.78680577 35.78680577 35.78680577 35.78680577
 35.78680577 35.78680577 35.78680577 35.78680577]_[16.50688871 16.50688871 16.50688871 16.50688871 16.50688871 16.50688871
 16.50688871 16.50688871 16.50688871 16.50688871] 

scanning direction vector [0.81080692 0.81080692 0.81080692 0.81080692 0.81080692 0.81080692
 0.81080692 0.81080692 0.81080692 0.81080692]_[0.26847322 0.26847322 0.26847322 0.26847322 0.26847322 0.26847322
 0.26847322 0.26847322 0.26847322 0.26847322] 

changing back speed 0.3 

velocity vector [0.81080699 0.81080716 0.81080711 0.81080672 0.81080706 0.81080639
 0.81080703 0.81080676 0.81080691 0.8108071 ]_[0.26847255 0.26847264 0.26847236 0.26847265 0.26847247 0.26847351
 0.26847392 0.26847393 0.26847384 0.26847429] 

Moving Straight [42.53854163 41.21833478 39.89812843 38.57792286 37.25771561 35.93751071
 34.61730275 33.29709691 31.9768901  30.65668319]_[-1.16663646  2.82047444  6.80758619 10.79469659 14.78180813 18.76891679
 22.75602694 26.743138   30.7302493  34.71735935] 

drones next lat [48.33582887 48.33586463 48.33590039 48.33593616 48.33597192 48.33600769
 48.33604345 48.33607921 48.33611498 48.33615074] drones next lon [14.32721809 14.3271998  14.32718152 14.32716324 14.32714495 14.32712667
 14.32710838 14.3270901  14.32707181 14.32705353] 
WayPoint_Count 54 

Leader Index 5 

Leader Contour 56.0 

Contour Threshold 180 

Previous Drone Positions [42.53854163 41.21833478 39.89812843 38.57792286 37.25771561 35.93751071
 34.61730275 33.29709691 31.9768901  30.65668319]_[-1.16663646  2.82047444  6.80758619 10.79469659 14.78180813 18.76891679
 22.75602694 26.743138   30.7302493  34.71735935] 

Mean Previous Drone Positions [36.5976127 36.5976127 36.5976127 36.5976127 36.5976127 36.5976127
 36.5976127 36.5976127 36.5976127 36.5976127]_[16.77536193 16.77536193 16.77536193 16.77536193 16.77536193 16.77536193
 16.77536193 16.77536193 16.77536193 16.77536193] 

relative Drone Positions [ 5.9409291   4.62072263  3.30051617  1.9803097   0.66010323 -0.66010323
 -1.9803097  -3.30051617 -4.62072263 -5.9409291 ]_[-17.94199993 -13.95488883  -9.96777774  -5.98066664  -1.99355555
   1.99355555   5.98066664   9.96777774  13.95488883  17.94199993] 

current starting Drone Positions [42.53854179 41.21833533 39.89812886 38.57792239 37.25771593 35.93750946
 34.617303   33.29709653 31.97689006 30.6566836 ]_[-1.166638    2.82047309  6.80758419 10.79469528 14.78180638 18.76891747
 22.75602857 26.74313967 30.73025076 34.71736186] 

Mean Current Drone Positions [36.5976127 36.5976127 36.5976127 36.5976127 36.5976127 36.5976127
 36.5976127 36.5976127 36.5976127 36.5976127]_[16.77536193 16.77536193 16.77536193 16.77536193 16.77536193 16.77536193
 16.77536193 16.77536193 16.77536193 16.77536193] 

scanning direction vector [0.81080692 0.81080692 0.81080692 0.81080692 0.81080692 0.81080692
 0.81080692 0.81080692 0.81080692 0.81080692]_[0.26847322 0.26847322 0.26847322 0.26847322 0.26847322 0.26847322
 0.26847322 0.26847322 0.26847322 0.26847322] 

changing back speed 0.3 

velocity vector [0.81080697 0.81080708 0.81080705 0.81080678 0.81080702 0.81080655
 0.81080699 0.81080681 0.81080691 0.81080704]_[0.26847275 0.26847281 0.26847261 0.26847282 0.26847269 0.26847342
 0.26847371 0.26847372 0.26847366 0.26847397] 

Moving Straight [43.3493486  42.02914186 40.70893548 39.38872964 38.06852262 36.74831726
 35.42810975 34.10790371 32.78769701 31.46749023]_[-0.89816371  3.08894725  7.07605881 11.06316942 15.05028082 19.03739021
 23.02450064 27.01161171 30.99872295 34.98583332] 

drones next lat [48.33583134 48.33586711 48.33590287 48.33593864 48.3359744  48.33601016
 48.33604593 48.33608169 48.33611746 48.33615322] drones next lon [14.327229   14.32721071 14.32719243 14.32717414 14.32715586 14.32713757
 14.32711929 14.327101   14.32708272 14.32706443] 
WayPoint_Count 55 

Leader Index 4 

Leader Contour 72.5 

Contour Threshold 180 

Previous Drone Positions [43.3493486  42.02914186 40.70893548 39.38872964 38.06852262 36.74831726
 35.42810975 34.10790371 32.78769701 31.46749023]_[-0.89816371  3.08894725  7.07605881 11.06316942 15.05028082 19.03739021
 23.02450064 27.01161171 30.99872295 34.98583332] 

Mean Previous Drone Positions [37.40841962 37.40841962 37.40841962 37.40841962 37.40841962 37.40841962
 37.40841962 37.40841962 37.40841962 37.40841962]_[17.04383514 17.04383514 17.04383514 17.04383514 17.04383514 17.04383514
 17.04383514 17.04383514 17.04383514 17.04383514] 

relative Drone Positions [ 5.9409291   4.62072263  3.30051617  1.9803097   0.66010323 -0.66010323
 -1.9803097  -3.30051617 -4.62072263 -5.9409291 ]_[-17.94199993 -13.95488883  -9.96777774  -5.98066664  -1.99355555
   1.99355555   5.98066664   9.96777774  13.95488883  17.94199993] 

current starting Drone Positions [43.34934871 42.02914225 40.70893578 39.38872932 38.06852285 36.74831638
 35.42810992 34.10790345 32.78769699 31.46749052]_[-0.89816479  3.08894631  7.0760574  11.0631685  15.0502796  19.03739069
 23.02450179 27.01161288 30.99872398 34.98583507] 

Mean Current Drone Positions [37.40841962 37.40841962 37.40841962 37.40841962 37.40841962 37.40841962
 37.40841962 37.40841962 37.40841962 37.40841962]_[17.04383514 17.04383514 17.04383514 17.04383514 17.04383514 17.04383514
 17.04383514 17.04383514 17.04383514 17.04383514] 

scanning direction vector [0.81080692 0.81080692 0.81080692 0.81080692 0.81080692 0.81080692
 0.81080692 0.81080692 0.81080692 0.81080692]_[0.26847322 0.26847322 0.26847322 0.26847322 0.26847322 0.26847322
 0.26847322 0.26847322 0.26847322 0.26847322] 

changing back speed 0.3 

velocity vector [0.81080695 0.81080704 0.81080701 0.81080682 0.81080699 0.81080666
 0.81080697 0.81080684 0.81080691 0.81080701]_[0.26847289 0.26847293 0.2684728  0.26847294 0.26847285 0.26847336
 0.26847356 0.26847357 0.26847352 0.26847374] 

Moving Straight [44.16015556 42.8399489  41.51974249 40.19953646 38.87932961 37.55912392
 36.23891672 34.91871056 33.59850392 32.27829724]_[-0.62969081  3.35742018  7.3445316  11.33164236 15.31875367 19.30586357
 23.2929742  27.28008528 31.26719648 35.25430706] 

drones next lat [48.33583382 48.33586959 48.33590535 48.33594112 48.33597688 48.33601264
 48.33604841 48.33608417 48.33611994 48.3361557 ] drones next lon [14.32723991 14.32722162 14.32720334 14.32718505 14.32716677 14.32714848
 14.3271302  14.32711191 14.32709363 14.32707534] 
