WayPoint_Count 1 

Leader Index 4 

Leader Contour 167.5 

Contour Threshold 175 

Previous Drone Positions [ 18.9  14.7  10.5   6.3   2.1  -2.1  -6.3 -10.5 -14.7 -18.9]_[-12. -12. -12. -12. -12. -12. -12. -12. -12. -12.] 

Mean Previous Drone Positions [0. 0. 0. 0. 0. 0. 0. 0. 0. 0.]_[-12. -12. -12. -12. -12. -12. -12. -12. -12. -12.] 

relative Drone Positions [ 18.9  14.7  10.5   6.3   2.1  -2.1  -6.3 -10.5 -14.7 -18.9]_[-0. -0. -0. -0.  0.  0.  0.  0.  0.  0.] 

current starting Drone Positions [ 18.9  14.7  10.5   6.3   2.1  -2.1  -6.3 -10.5 -14.7 -18.9]_[-12. -12. -12. -12. -12. -12. -12. -12. -12. -12.] 

scanning direction vector [0. 0. 0. 0. 0. 0. 0. 0. 0. 0.]_[2. 2. 2. 2. 2. 2. 2. 2. 2. 2.] 

changing back speed 0.3 

velocity vector [0. 0. 0. 0. 0. 0. 0. 0. 0. 0.]_[2. 2. 2. 2. 2. 2. 2. 2. 2. 2.] 

Moving Straight [ 18.9  14.7  10.5   6.3   2.1  -2.1  -6.3 -10.5 -14.7 -18.9]_[-10. -10. -10. -10. -10. -10. -10. -10. -10. -10.] 

drones next lat [48.33574753 48.3357472  48.33574687 48.33574654 48.33574621 48.33574588
 48.33574554 48.33574521 48.33574488 48.33574455] drones next lon [14.32690019 14.32684352 14.32678686 14.32673019 14.32667352 14.32661685
 14.32656018 14.32650351 14.32644685 14.32639018] 
WayPoint_Count 2 

Leader Index 4 

Leader Contour 136.5 

Contour Threshold 175 

Previous Drone Positions [ 18.9  14.7  10.5   6.3   2.1  -2.1  -6.3 -10.5 -14.7 -18.9]_[-10. -10. -10. -10. -10. -10. -10. -10. -10. -10.] 

Mean Previous Drone Positions [0. 0. 0. 0. 0. 0. 0. 0. 0. 0.]_[-10. -10. -10. -10. -10. -10. -10. -10. -10. -10.] 

relative Drone Positions [ 18.9  14.7  10.5   6.3   2.1  -2.1  -6.3 -10.5 -14.7 -18.9]_[-0. -0. -0. -0.  0.  0.  0.  0.  0.  0.] 

current starting Drone Positions [ 18.9  14.7  10.5   6.3   2.1  -2.1  -6.3 -10.5 -14.7 -18.9]_[-10. -10. -10. -10. -10. -10. -10. -10. -10. -10.] 

scanning direction vector [0. 0. 0. 0. 0. 0. 0. 0. 0. 0.]_[2. 2. 2. 2. 2. 2. 2. 2. 2. 2.] 

changing back speed 0.3 

velocity vector [0. 0. 0. 0. 0. 0. 0. 0. 0. 0.]_[2. 2. 2. 2. 2. 2. 2. 2. 2. 2.] 

Moving Straight [ 18.9  14.7  10.5   6.3   2.1  -2.1  -6.3 -10.5 -14.7 -18.9]_[-8. -8. -8. -8. -8. -8. -8. -8. -8. -8.] 

drones next lat [48.33576553 48.33576519 48.33576486 48.33576453 48.3357642  48.33576387
 48.33576354 48.3357632  48.33576287 48.33576254] drones next lon [14.32689996 14.32684329 14.32678662 14.32672995 14.32667328 14.32661661
 14.32655994 14.32650328 14.32644661 14.32638994] 
WayPoint_Count 3 

Leader Index 5 

Leader Contour 89.0 

Contour Threshold 175 

Previous Drone Positions [ 18.9  14.7  10.5   6.3   2.1  -2.1  -6.3 -10.5 -14.7 -18.9]_[-8. -8. -8. -8. -8. -8. -8. -8. -8. -8.] 

Mean Previous Drone Positions [0. 0. 0. 0. 0. 0. 0. 0. 0. 0.]_[-8. -8. -8. -8. -8. -8. -8. -8. -8. -8.] 

relative Drone Positions [ 18.9  14.7  10.5   6.3   2.1  -2.1  -6.3 -10.5 -14.7 -18.9]_[-0. -0. -0. -0.  0.  0.  0.  0.  0.  0.] 

current starting Drone Positions [ 18.9  14.7  10.5   6.3   2.1  -2.1  -6.3 -10.5 -14.7 -18.9]_[-8. -8. -8. -8. -8. -8. -8. -8. -8. -8.] 

scanning direction vector [0. 0. 0. 0. 0. 0. 0. 0. 0. 0.]_[2. 2. 2. 2. 2. 2. 2. 2. 2. 2.] 

changing back speed 0.3 

velocity vector [0. 0. 0. 0. 0. 0. 0. 0. 0. 0.]_[2. 2. 2. 2. 2. 2. 2. 2. 2. 2.] 

Moving Straight [ 18.9  14.7  10.5   6.3   2.1  -2.1  -6.3 -10.5 -14.7 -18.9]_[-6. -6. -6. -6. -6. -6. -6. -6. -6. -6.] 

drones next lat [48.33578352 48.33578319 48.33578286 48.33578252 48.33578219 48.33578186
 48.33578153 48.3357812  48.33578086 48.33578053] drones next lon [14.32689972 14.32684305 14.32678638 14.32672971 14.32667304 14.32661638
 14.32655971 14.32650304 14.32644637 14.3263897 ] 
WayPoint_Count 4 

Leader Index 6 

Leader Contour 227.0 

Contour Threshold 175 

Converging Before Rutherford Scattering [ 17.32083221  12.72481598   7.72151853   4.91230994  -0.70235153
  -3.25203882  -6.81330056  -9.33426045 -13.2833068  -16.72350209]_[-5.0928615  -5.00030796 -5.37233241 -6.79061782 -6.59685176 -6.53005834
 -5.14179109 -6.55137057 -5.18774808 -6.98430101] 

Minimum Distance Within Rutherford Scattering 4.2 

Converging After Rutherford Scattering [ 17.94241029  12.97896047   8.14041689   4.7684176    0.03014107
  -3.53680133  -6.79133208  -9.77847353 -13.67643222 -17.50659074]_[-5.08941806 -4.92981922 -5.02497331 -7.20941607 -6.6522097  -6.83967336
 -4.33576407 -7.18961575 -4.71576962 -7.26158139] 

drones next lat [48.33579163 48.33579268 48.33579144 48.33577152 48.33577616 48.33577419
 48.33579646 48.33577055 48.3357925  48.33576929] drones next lon [14.32688669 14.3268197  14.32675443 14.32670919 14.32664519 14.32659709
 14.32655288 14.32651292 14.32646003 14.32640865] 
WayPoint_Count 5 

Leader Index 6 

Leader Contour 161.0 

Contour Threshold 175 

Previous Drone Positions [ 17.94241029  12.97896047   8.14041689   4.7684176    0.03014107
  -3.53680133  -6.79133208  -9.77847353 -13.67643222 -17.50659074]_[-5.08941806 -4.92981922 -5.02497331 -7.20941607 -6.6522097  -6.83967336
 -4.33576407 -7.18961575 -4.71576962 -7.26158139] 

Mean Previous Drone Positions [-0.74292836 -0.74292836 -0.74292836 -0.74292836 -0.74292836 -0.74292836
 -0.74292836 -0.74292836 -0.74292836 -0.74292836]_[-5.92482406 -5.92482406 -5.92482406 -5.92482406 -5.92482406 -5.92482406
 -5.92482406 -5.92482406 -5.92482406 -5.92482406] 

relative Drone Positions [ 18.9  14.7  10.5   6.3   2.1  -2.1  -6.3 -10.5 -14.7 -18.9]_[-0. -0. -0. -0.  0.  0.  0.  0.  0.  0.] 

current starting Drone Positions [ 18.15707164  13.95707164   9.75707164   5.55707164   1.35707164
  -2.84292836  -7.04292836 -11.24292836 -15.44292836 -19.64292836]_[-5.92482406 -5.92482406 -5.92482406 -5.92482406 -5.92482406 -5.92482406
 -5.92482406 -5.92482406 -5.92482406 -5.92482406] 

scanning direction vector [0. 0. 0. 0. 0. 0. 0. 0. 0. 0.]_[2. 2. 2. 2. 2. 2. 2. 2. 2. 2.] 

changing back speed 0.3 

velocity vector [ 0.06439841  0.29343335  0.48499643  0.23659621  0.39807917  0.20816189
 -0.07547888 -0.43933645 -0.52994884 -0.64090129]_[1.7493782  1.70149855 1.73004478 2.3853776  2.21821569 2.27445479
 1.523282   2.37943751 1.63728367 2.4010272 ] 

Moving Straight [ 18.00680869  13.27239382   8.62541331   5.00501381   0.42822024
  -3.32863944  -6.86681096 -10.21780998 -14.20638106 -18.14749203]_[-3.34003986 -3.22832067 -3.29492853 -4.82403847 -4.43399401 -4.56521857
 -2.81248207 -4.81017824 -3.07848595 -4.86055419] 

drones next lat [48.33580738 48.33580801 48.33580704 48.335793   48.33579615 48.33579467
 48.33581016 48.33579192 48.33580719 48.33579084] drones next lon [14.32688735 14.32682346 14.32676077 14.3267121  14.3266503  14.32659963
 14.32655168 14.32650671 14.32645269 14.32639972] 
WayPoint_Count 6 

Leader Index 4 

Leader Contour 335.0 

Contour Threshold 175 

Converging Before Rutherford Scattering [ 15.9735679   11.13865527   5.8653858    2.21275896  -0.512539
  -1.0045493   -5.85907234  -8.59904064 -11.33084991 -16.83657575]_[-4.4635754  -2.42544161 -2.94325222 -5.25490455 -4.09491871 -3.54979476
 -3.5746293  -5.66454443 -2.79556139 -4.08945705] 

Minimum Distance Within Rutherford Scattering 4.2 

Converging After Rutherford Scattering [ 16.4908955   11.47380684   6.27915648   3.14038993  -0.32820091
  -1.72584894  -6.01395458  -9.00238946 -11.85882709 -17.40728677]_[-4.60066018 -2.21459531 -2.59898829 -6.06161175 -5.28048766 -1.90094476
 -3.22856298 -6.50823004 -2.32068421 -4.14131425] 

drones next lat [48.33579592 48.33581699 48.33581312 48.33578172 48.33578847 48.33581876
 48.33580648 48.33577674 48.33581419 48.33579737] drones next lon [14.32686705 14.32679907 14.32672903 14.32668709 14.3266402  14.32662094
 14.32656324 14.32652331 14.32648427 14.32640962] 
WayPoint_Count 7 

Leader Index 5 

Leader Contour 315.0 

Contour Threshold 175 

Converging Before Rutherford Scattering [ 14.02163574  10.41752902   4.97968126   2.58668344  -0.15562653
  -0.7589802   -4.254394    -6.52457654  -9.57074067 -16.35996019]_[-5.1786973  -2.49942994 -1.70427355 -5.018907   -3.08273763 -2.15621879
 -1.64851553 -6.05393464 -3.19499618 -3.49746077] 

Minimum Distance Within Rutherford Scattering 4.2 

Converging After Rutherford Scattering [ 1.46226745e+01  1.07664257e+01  5.46528130e+00  3.29786992e+00
  4.46714011e-03 -9.69185382e-01 -5.00633807e+00 -6.73182714e+00
 -1.02436860e+01 -1.68244307e+01]_[-5.47331277 -2.25318477 -1.14259364 -6.06564723 -4.13559597 -0.53578151
 -1.09165248 -6.83982792 -2.99647301 -3.50110203] 

drones next lat [48.33578792 48.33581658 48.33582615 48.3357817  48.3357988  48.33583111
 48.33582579 48.33577394 48.33580824 48.33580318] drones next lon [14.32684194 14.32678953 14.32671788 14.32668922 14.32664455 14.32663099
 14.32657658 14.32655398 14.32650614 14.32641741] 
WayPoint_Count 8 

Leader Index 5 

Leader Contour 406.5 

Contour Threshold 175 

Converging Before Rutherford Scattering [ 13.14881653   7.81941106   4.22255027   2.27784133   0.35618301
  -0.36949017  -3.54045378  -4.75832145  -9.30966951 -15.57382396]_[-3.96803816 -1.71299372 -1.61802292 -5.46167278 -1.71885955  0.26444699
 -1.67578453 -4.58230424 -2.52597632 -3.83223852] 

Minimum Distance Within Rutherford Scattering 4.2 

Converging After Rutherford Scattering [ 13.73132604   8.70873354   4.70890807   2.53578488   0.47033543
  -0.48064543  -4.22046455  -5.18898153  -9.9339299  -16.05802324]_[-4.1257965  -1.54011697 -1.26182475 -6.55490637 -2.1813588   1.87913351
 -1.17224757 -5.57856465 -2.39625501 -3.89950663] 

drones next lat [48.33579997 48.33582283 48.33582502 48.33577723 48.33581642 48.33585287
 48.33582512 48.33578541 48.33581366 48.33579965] drones next lon [14.32682976 14.32676169 14.32670768 14.32667899 14.3266506  14.32663729
 14.32658719 14.32657465 14.32651025 14.3264278 ] 
WayPoint_Count 9 

Leader Index 5 

Leader Contour 342.0 

Contour Threshold 175 

Converging Before Rutherford Scattering [ 12.69849022   5.88637689   3.74330209   1.42667707  -0.02758956
   0.4780748   -2.01043071  -5.11277325  -7.9041046  -15.07488309]_[-2.76020574 -1.16119919 -0.89285016 -3.77157922  0.76507158  1.59478247
 -0.65878933 -3.75720307 -0.59386622 -2.75185421] 

Minimum Distance Within Rutherford Scattering 4.2 

Converging After Rutherford Scattering [ 13.25406043   7.43512898   3.95644687   1.53028145  -0.22559217
   1.15546853  -3.17690991  -5.63375648  -8.67482293 -15.51716487]_[-2.86452617 -1.26106202 -0.76003475 -5.00814023  0.64277336  3.89618087
 -0.9108967  -4.67821892 -0.22538917 -2.81837936] 

drones next lat [48.33581128 48.33582524 48.33582948 48.33579107 48.33584177 48.33587114
 48.33582756 48.33579347 48.33583329 48.33580942] drones next lon [14.32682317 14.32674447 14.32669747 14.32666524 14.32664088 14.32665913
 14.32660124 14.32656854 14.32652698 14.32643497] 
WayPoint_Count 10 

Leader Index 4 

Leader Contour 330.5 

Contour Threshold 175 

Converging Before Rutherford Scattering [ 10.51087034   4.85911706   2.05560343   0.9198758   -1.12554257
  -0.46424169  -0.52674224  -4.86064646  -6.8036472  -14.13327273]_[-1.77122835 -1.55116556 -1.12398043 -2.09836061  0.20678106  2.60052732
 -0.45344311 -4.03329037 -1.0139365  -3.20074025] 

Minimum Distance Within Rutherford Scattering 4.2 

Converging After Rutherford Scattering [ 11.29490022   6.3429631    3.18982793   1.05903137  -2.9709262
  -0.16374753  -0.6350444   -5.30308571  -7.77006335 -14.61248169]_[-1.81531998 -1.88200782 -0.31723189 -4.35891008  1.47773913  4.46898147
 -1.01251688 -5.023466   -0.69018816 -3.28591661] 

drones next lat [48.33582056 48.33581957 48.3358334  48.33579687 48.33584906 48.33587619
 48.33582684 48.33579039 48.33582918 48.33580529] drones next lon [14.32679661 14.32672981 14.32668708 14.32665881 14.32660374 14.32664126
 14.32663555 14.32657304 14.32653924 14.32644723] 
WayPoint_Count 11 

Leader Index 4 

Leader Contour 303.0 

Contour Threshold 175 

Converging Before Rutherford Scattering [ 10.18530722   5.33102854   0.47507142   0.64295905  -3.16375916
  -1.77860273  -2.66731081  -4.19935492  -6.8652639  -13.03888884]_[-1.90936132 -0.70926341  0.84935625 -3.40677679  0.49650754  2.04139697
  1.19392932 -2.23734592 -0.26373804 -3.48923196] 

Minimum Distance Within Rutherford Scattering 4.2 

Converging After Rutherford Scattering [ 10.91469143   6.04364342   1.65549558   1.0831066   -3.98054315
  -0.64538044  -3.47768854  -4.70170178  -8.35109058 -13.61934669]_[-2.04620029 -0.69121864  0.92120069 -4.4800299  -0.54508289  4.49450004
  2.66273806 -4.03738047 -0.0170064  -3.69604756] 

drones next lat [48.33581846 48.33583026 48.33584442 48.33579579 48.33583078 48.33587638
 48.33585968 48.33579931 48.33583519 48.33580168] drones next lon [14.32679151 14.32672563 14.32666623 14.32665914 14.32659036 14.32663476
 14.32659676 14.32658104 14.32653132 14.32646068] 
WayPoint_Count 12 

Leader Index 4 

Leader Contour 233.5 

Contour Threshold 175 

Converging Before Rutherford Scattering [  8.2072786    3.54717932  -1.00572766   0.50371422  -3.37678003
  -2.22177556  -4.28695044  -4.39738771  -7.30248711 -12.70716283]_[-1.14909302 -1.5300008  -0.27041998 -3.2345398   0.2520809   1.94539564
 -0.17943096 -1.08373341  0.09253483 -2.9254713 ] 

Minimum Distance Within Rutherford Scattering 4.2 

Converging After Rutherford Scattering [  9.1199882    4.55045871   0.40921706   0.86813795  -2.7909025
  -1.61682807  -5.94559921  -4.99876779  -9.21087602 -13.42492755]_[-1.11770067 -1.54585026 -0.30987333 -4.71743852  0.71702841  4.33808208
  0.84348182 -3.50699885  0.41837285 -3.20178145] 

drones next lat [48.33582667 48.33582246 48.33583325 48.33579363 48.33584223 48.3358749
 48.33584312 48.33580406 48.33583904 48.33580614] drones next lon [14.32676718 14.32670558 14.32664956 14.32665627 14.32660626 14.32662167
 14.32656368 14.32657697 14.32651967 14.32646324] 
WayPoint_Count 13 

Leader Index 4 

Leader Contour 285.5 

Contour Threshold 175 

Converging Before Rutherford Scattering [  6.76969587   3.40644398  -0.82802967  -0.99539015  -2.3627645
  -2.88250915  -4.90117567  -4.53054978  -7.55467296 -12.50861885]_[-1.74080348 -0.31538014  1.0461862  -3.72380191 -0.18668496  3.19652502
  1.06327462 -0.84569448  1.45114406 -2.23131186] 

Minimum Distance Within Rutherford Scattering 4.2 

Converging After Rutherford Scattering [  7.84594839   4.15818016   0.5246502   -0.59784297  -1.96339862
  -2.75181922  -5.53675679  -5.62589144  -9.21864142 -13.22199918]_[-2.07504206 -0.20195906  2.00937361 -5.14157017 -0.88194705  5.06507765
  1.94055762 -2.47518397  1.99249877 -2.51835228] 

drones next lat [48.33581795 48.33583451 48.33585412 48.3357897  48.33582791 48.33588135
 48.33585302 48.33581329 48.3358532  48.3358123 ] drones next lon [14.32675011 14.32670013 14.32665084 14.32663654 14.32661761 14.32660627
 14.32656907 14.32656839 14.32651938 14.3264659 ] 
WayPoint_Count 14 

Leader Index 5 

Leader Contour 243.0 

Contour Threshold 175 

Converging Before Rutherford Scattering [  6.17765195   2.03228693  -1.74129855  -1.85157828  -1.50011493
  -2.08600875  -5.02072005  -3.95373631  -8.40183004 -10.64886261]_[-1.95748834  0.1657855   2.77790361 -3.72608293  1.78826099  4.31895673
  4.01343675 -0.32572337  2.99428599 -1.64698271] 

Minimum Distance Within Rutherford Scattering 4.2 

Converging After Rutherford Scattering [  7.07880785   3.17137269  -1.23870851  -1.72510714  -0.79381964
  -1.73292027  -5.87088683  -4.86007368  -9.62481357 -11.39806153]_[-2.31687264  0.04249268  3.57376073 -5.00382405  0.31849532  6.8814269
  4.9139111  -1.14973698  3.27444794 -2.13174875] 

drones next lat [48.33581572 48.33583663 48.33586805 48.33579085 48.3358388  48.33589777
 48.33587974 48.33582528 48.3358647  48.33581592] drones next lon [14.32673979 14.32668678 14.32662686 14.32662132 14.32663325 14.3266198
 14.3265642  14.32657856 14.32651375 14.32649046] 
WayPoint_Count 15 

Leader Index 5 

Leader Contour 216.0 

Contour Threshold 175 

Converging Before Rutherford Scattering [  6.40170793   1.51435963  -0.73256665  -0.99561006  -1.32535197
  -2.31262067  -3.87219101  -3.57652205  -7.3244256  -10.79752791]_[-1.58040969  2.53866314  4.95406199 -3.68640345  1.32962933  7.69625661
  6.75403207  1.54389409  4.98234086 -0.26107958] 

Minimum Distance Within Rutherford Scattering 4.2 

Converging After Rutherford Scattering [  7.07574761   2.95318538  -0.06197226  -0.94847923  -0.89459629
  -1.60748054  -4.86469713  -4.71362296  -8.50349166 -11.45534126]_[-1.90390271  2.50259521  5.49482847 -4.69435939  0.50793183  9.46472758
  7.31618606  1.01512055  5.18287541 -0.61501765] 

drones next lat [48.33581943 48.33585875 48.33588543 48.3357937  48.3358405  48.33592102
 48.33590143 48.33584476 48.33588196 48.33582956] drones next lon [14.3267397  14.32668355 14.32664251 14.32663176 14.32663187 14.32662119
 14.3265775  14.32658028 14.32652865 14.32648951] 
WayPoint_Count 16 

Leader Index 4 

Leader Contour 162.5 

Contour Threshold 175 

Previous Drone Positions [  7.07574761   2.95318538  -0.06197226  -0.94847923  -0.89459629
  -1.60748054  -4.86469713  -4.71362296  -8.50349166 -11.45534126]_[-1.90390271  2.50259521  5.49482847 -4.69435939  0.50793183  9.46472758
  7.31618606  1.01512055  5.18287541 -0.61501765] 

Mean Previous Drone Positions [-2.30207483 -2.30207483 -2.30207483 -2.30207483 -2.30207483 -2.30207483
 -2.30207483 -2.30207483 -2.30207483 -2.30207483]_[2.42709854 2.42709854 2.42709854 2.42709854 2.42709854 2.42709854
 2.42709854 2.42709854 2.42709854 2.42709854] 

relative Drone Positions [ 18.9  14.7  10.5   6.3   2.1  -2.1  -6.3 -10.5 -14.7 -18.9]_[-0. -0. -0. -0.  0.  0.  0.  0.  0.  0.] 

current starting Drone Positions [ 16.59792517  12.39792517   8.19792517   3.99792517  -0.20207483
  -4.40207483  -8.60207483 -12.80207483 -17.00207483 -21.20207483]_[2.42709854 2.42709854 2.42709854 2.42709854 2.42709854 2.42709854
 2.42709854 2.42709854 2.42709854 2.42709854] 

scanning direction vector [0. 0. 0. 0. 0. 0. 0. 0. 0. 0.]_[2. 2. 2. 2. 2. 2. 2. 2. 2. 2.] 

changing back speed 0.3 

velocity vector [ 2.85665327  2.83342194  2.47796923  1.48392132  0.20775644 -0.83837829
 -1.12121331 -2.42653556 -2.54957495 -2.92402007]_[ 3.29930037  1.977351    1.07968102  4.13643738  2.57575001 -0.11128871
  0.53327374  2.4235934   1.17326694  2.91263486] 

Moving Straight [  9.93240088   5.78660731   2.41599697   0.53544209  -0.68683985
  -2.44585883  -5.98591044  -7.14015852 -11.05306661 -14.37936133]_[ 1.39539767  4.47994621  6.57450949 -0.55792201  3.08368184  9.35343887
  7.8494598   3.43871395  6.35614235  2.29761721] 

drones next lat [48.33584934 48.33587676 48.33589534 48.33583103 48.33586369 48.33591995
 48.33590614 48.33586637 48.33589231 48.33585554] drones next lon [14.32677785 14.32672155 14.32667582 14.32665129 14.32663437 14.32660989
 14.32656231 14.32654725 14.32649411 14.32644971] 
WayPoint_Count 17 

Leader Index 4 

Leader Contour 193.0 

Contour Threshold 175 

Converging Before Rutherford Scattering [  7.01219499   3.98370594   1.97252106  -0.26712645  -0.02037123
  -2.41335338  -5.43552022  -6.13494907  -9.51154258 -11.74718383]_[2.03645545 5.04662075 5.54483237 2.32422308 3.82921493 8.28929513
 6.16184316 3.20082238 6.68479443 3.18437471] 

Minimum Distance Within Rutherford Scattering 4.2 

Converging After Rutherford Scattering [  7.909668     5.51016552   2.27077856  -0.31581585  -0.33963133
  -2.30910887  -5.76047111  -6.55610178 -10.35617567 -12.61493224]_[1.44967919 5.20125449 6.77885081 0.35697648 4.0362869  9.50470469
 6.69494738 2.1965701  7.35960333 2.723603  ] 

drones next lat [48.33584967 48.33588323 48.33589716 48.33583919 48.33587229 48.33592132
 48.33589578 48.33585524 48.33590139 48.33585951] drones next lon [14.32675055 14.32671773 14.32667384 14.3266397  14.32663894 14.32661172
 14.32656548 14.32655528 14.3265034  14.32647347] 
WayPoint_Count 18 

Leader Index 6 

Leader Contour 172.5 

Contour Threshold 175 

Previous Drone Positions [  7.909668     5.51016552   2.27077856  -0.31581585  -0.33963133
  -2.30910887  -5.76047111  -6.55610178 -10.35617567 -12.61493224]_[1.44967919 5.20125449 6.77885081 0.35697648 4.0362869  9.50470469
 6.69494738 2.1965701  7.35960333 2.723603  ] 

Mean Previous Drone Positions [-2.25616248 -2.25616248 -2.25616248 -2.25616248 -2.25616248 -2.25616248
 -2.25616248 -2.25616248 -2.25616248 -2.25616248]_[4.63024764 4.63024764 4.63024764 4.63024764 4.63024764 4.63024764
 4.63024764 4.63024764 4.63024764 4.63024764] 

relative Drone Positions [ 18.9  14.7  10.5   6.3   2.1  -2.1  -6.3 -10.5 -14.7 -18.9]_[-0. -0. -0. -0.  0.  0.  0.  0.  0.  0.] 

current starting Drone Positions [ 16.64383752  12.44383752   8.24383752   4.04383752  -0.15616248
  -4.35616248  -8.55616248 -12.75616248 -16.95616248 -21.15616248]_[4.63024764 4.63024764 4.63024764 4.63024764 4.63024764 4.63024764
 4.63024764 4.63024764 4.63024764 4.63024764] 

scanning direction vector [0. 0. 0. 0. 0. 0. 0. 0. 0. 0.]_[2. 2. 2. 2. 2. 2. 2. 2. 2. 2.] 

changing back speed 0.3 

velocity vector [ 2.62025086  2.0801016   1.79191769  1.30789601  0.05504066 -0.61411608
 -0.83870741 -1.86001821 -1.97999604 -2.56236907]_[2.95417053 1.82869794 1.35541905 3.28198135 2.17818822 0.53766288
 1.38059008 2.73010326 1.18119329 2.57199339] 

Moving Straight [ 10.52991886   7.59026712   4.06269625   0.99208016  -0.28459067
  -2.92322496  -6.59917852  -8.41611999 -12.33617171 -15.17730131]_[ 4.40384973  7.02995244  8.13426986  3.63895783  6.21447512 10.04236757
  8.07553746  4.92667336  8.54079662  5.29559639] 

drones next lat [48.33587645 48.33589984 48.3359095  48.33586882 48.33589189 48.33592611
 48.33590813 48.33587966 48.33591186 48.33588244] drones next lon [14.32678555 14.32674558 14.32669785 14.32665695 14.32663942 14.32660337
 14.326554   14.32652986 14.32647654 14.32643859] 
WayPoint_Count 19 

Leader Index 4 

Leader Contour 179.5 

Contour Threshold 175 

Converging Before Rutherford Scattering [  8.58061361   5.76295219   1.42901416  -0.87702328   0.47003736
  -2.77301841  -4.05971401  -7.11754929 -10.89799012 -13.94979479]_[3.73437419 5.83716193 7.92077216 5.23613822 6.87062795 8.5689043
 6.72636192 5.97567497 9.01248515 6.05837455] 

Minimum Distance Within Rutherford Scattering 4.2 

Converging After Rutherford Scattering [  9.47948243   6.31673865   2.71294331  -1.07840965   0.82583317
  -2.92530849  -4.56953057  -8.11157555 -11.35907099 -14.7235749 ]_[ 3.20130168  5.93264971  9.57638217  3.40542472  6.51877784 10.13896328
  6.3527455   5.39186497  9.67214555  5.75061991] 

drones next lat [48.33586555 48.33588987 48.33592237 48.33586655 48.33589471 48.33592698
 48.33589279 48.33588387 48.33592212 48.33588657] drones next lon [14.32677152 14.32672853 14.32667947 14.32662905 14.32665437 14.32660333
 14.32658159 14.32653392 14.32648959 14.32644466] 
WayPoint_Count 20 

Leader Index 4 

Leader Contour 215.5 

Contour Threshold 175 

Converging Before Rutherford Scattering [  8.45717011   4.23539233   2.43652434  -1.01733874   1.82574306
  -1.59978325  -1.71148653  -5.53522124  -8.65718431 -13.71082307]_[4.45172933 5.14923495 7.24124795 5.29794287 6.5322025  7.75656505
 6.92625446 4.83617316 9.81429636 6.02292498] 

Minimum Distance Within Rutherford Scattering 4.2 

Converging After Rutherford Scattering [  9.55316036   5.32162634   3.79673393  -1.10147225   1.83300719
  -1.73431464  -2.94925041  -6.55067171  -9.16548296 -14.28034318]_[ 4.22739852  4.2642668   9.18894242  3.19853964  5.83923961 10.19760296
  6.69747414  4.16068559 10.34843832  5.90598358] 

drones next lat [48.33587479 48.33587478 48.33591897 48.33586469 48.33588868 48.3359276
 48.33589602 48.33587291 48.33592837 48.335888  ] drones next lon [14.3267724  14.3267153  14.32669414 14.32662876 14.32666804 14.32661939
 14.32660341 14.32655512 14.32651911 14.32645062] 
WayPoint_Count 21 

Leader Index 5 

Leader Contour 172.5 

Contour Threshold 175 

Previous Drone Positions [  9.55316036   5.32162634   3.79673393  -1.10147225   1.83300719
  -1.73431464  -2.94925041  -6.55067171  -9.16548296 -14.28034318]_[ 4.22739852  4.2642668   9.18894242  3.19853964  5.83923961 10.19760296
  6.69747414  4.16068559 10.34843832  5.90598358] 

Mean Previous Drone Positions [-1.52770073 -1.52770073 -1.52770073 -1.52770073 -1.52770073 -1.52770073
 -1.52770073 -1.52770073 -1.52770073 -1.52770073]_[6.40285716 6.40285716 6.40285716 6.40285716 6.40285716 6.40285716
 6.40285716 6.40285716 6.40285716 6.40285716] 

relative Drone Positions [ 18.9  14.7  10.5   6.3   2.1  -2.1  -6.3 -10.5 -14.7 -18.9]_[-0. -0. -0. -0.  0.  0.  0.  0.  0.  0.] 

current starting Drone Positions [ 17.37229927  13.17229927   8.97229927   4.77229927   0.57229927
  -3.62770073  -7.82770073 -12.02770073 -16.22770073 -20.42770073]_[6.40285716 6.40285716 6.40285716 6.40285716 6.40285716 6.40285716
 6.40285716 6.40285716 6.40285716 6.40285716] 

scanning direction vector [0. 0. 0. 0. 0. 0. 0. 0. 0. 0.]_[2. 2. 2. 2. 2. 2. 2. 2. 2. 2.] 

changing back speed 0.3 

velocity vector [ 2.34574167  2.35520188  1.5526696   1.76213146 -0.37821238 -0.56801583
 -1.4635351  -1.64310871 -2.11866533 -1.84420727]_[2.65263759 2.64157711 1.16417442 2.96129525 2.16908527 0.86157626
 1.91161491 2.67265147 0.81632565 2.14906207] 

Moving Straight [ 11.89890204   7.67682822   5.34940353   0.66065921   1.45479482
  -2.30233046  -4.41278551  -8.19378041 -11.28414829 -16.12455044]_[ 6.88003611  6.90584391 10.35311684  6.1598349   8.00832487 11.05917922
  8.60908905  6.83333706 11.16476397  8.05504566] 

drones next lat [48.33589883 48.33589873 48.33592956 48.33589147 48.33590816 48.33593531
 48.3359131  48.33589683 48.33593555 48.33590719] drones next lon [14.32680373 14.32674676 14.32671495 14.32665218 14.32666268 14.32661163
 14.32658344 14.32653264 14.32649043 14.32642548] 
WayPoint_Count 22 

Leader Index 4 

Leader Contour 183.0 

Contour Threshold 175 

Converging Before Rutherford Scattering [  9.23079845   6.37916238   3.05732496   0.45011826   0.52392164
   0.06133165  -2.42482788  -6.91048792  -8.53418787 -15.04037842]_[ 7.82836363  7.9956491  10.13710404  7.99477459  7.6429824   9.21349285
  7.40538128  6.36297062 10.0954829   8.45131719] 

Minimum Distance Within Rutherford Scattering 4.2 

Converging After Rutherford Scattering [ 10.57586733   6.76706265   3.96643137   0.81028523   1.18518851
  -0.89513779  -3.38808875  -7.5946421   -9.07025424 -15.56393695]_[ 7.73081782  7.68925915 11.33070727  8.30764675  4.76042269 11.58384275
  6.91802408  5.68134321 10.6899575   8.43549735] 

drones next lat [48.33590638 48.33590571 48.33593825 48.3359108  48.33587892 48.33594014
 48.33589797 48.33588651 48.33593145 48.33591066] drones next lon [14.32678578 14.32673439 14.32669617 14.32665395 14.32665943 14.32663055
 14.32659747 14.32654086 14.32652035 14.326433  ] 
WayPoint_Count 23 

Leader Index 4 

Leader Contour 219.0 

Contour Threshold 175 

Converging Before Rutherford Scattering [  9.45034003   5.32007892   3.03096489   0.29552778   2.05088825
  -0.98071084  -2.17569089  -5.48489245  -7.90789878 -12.62105074]_[6.50355539 7.70604893 8.50114023 5.62993862 4.25985905 8.92736222
 5.26197524 4.48001316 8.86658558 8.15234902] 

Minimum Distance Within Rutherford Scattering 4.2 

Converging After Rutherford Scattering [ 10.48914894   6.46190257   3.1637486    0.4655721    2.99965579
  -1.47110207  -2.91818297  -6.53901343  -8.29917409 -13.37499927]_[ 6.33676898  7.82609394  9.6551179   5.57734102  2.76295791 10.15708629
  4.66209975  3.74033765  9.38526801  8.18575598] 

drones next lat [48.33589384 48.33590692 48.33592311 48.33588621 48.33586109 48.33592726
 48.33587771 48.33586913 48.33591978 48.33590858] drones next lon [14.32678477 14.32673026 14.32668554 14.32664962 14.32668415 14.32662295
 14.32660407 14.32655533 14.32653091 14.32646257] 
WayPoint_Count 24 

Leader Index 5 

Leader Contour 264.5 

Contour Threshold 175 

Converging Before Rutherford Scattering [  8.95380686   5.48641594   0.39064684  -1.18560586   2.89605774
  -0.72201541  -3.35852835  -4.78665343  -6.95479763 -11.93101612]_[ 6.01621395  8.72160891 10.49030355  6.93027274  4.8388859   9.49461427
  6.90940665  6.16838955 10.37580295  9.36104545] 

Minimum Distance Within Rutherford Scattering 4.2 

Converging After Rutherford Scattering [  9.82557033   6.18585599   1.55495989  -0.36788004   3.46089965
  -1.30436757  -3.83633431  -6.45825542  -7.54714952 -12.72498843]_[ 5.71391982  9.18448924 12.1823034   5.81064959  3.88606223 10.20272802
  7.01505201  4.79691466 11.11134346  9.40308148] 

drones next lat [48.33588818 48.33591911 48.33594572 48.33588825 48.33587123 48.33592768
 48.33589881 48.33587865 48.33593536 48.33591959] drones next lon [14.32677589 14.32672637 14.32666354 14.32663835 14.32669024 14.32662519
 14.32659141 14.32655629 14.32654085 14.32647119] 
WayPoint_Count 25 

Leader Index 4 

Leader Contour 204.0 

Contour Threshold 175 

Converging Before Rutherford Scattering [  6.91931491   5.35865069   1.03295904   0.85203902   2.46904981
  -0.76502141  -2.647522    -3.56906169  -6.19400898 -10.64827077]_[ 5.34026086  6.40975645 10.47695707  5.7361158   4.01347452  7.8593856
  5.46636659  4.17316319 10.96169703  7.77483878] 

Minimum Distance Within Rutherford Scattering 4.2 

Converging After Rutherford Scattering [  8.56888719   5.81964981   1.56989123   1.10292262   3.11671306
  -1.19134444  -3.30327163  -4.80649063  -6.6862996  -11.38252898]_[ 4.64705594  7.30742638 11.90051794  5.52468378  2.38635179  8.93812683
  5.64784204  2.47379035 11.65756893  7.72865191] 

drones next lat [48.33587848 48.3359022  48.33594318 48.33588579 48.33585772 48.33591632
 48.33588655 48.33585788 48.33594035 48.33590463] drones next lon [14.32675907 14.32672166 14.32666377 14.32665823 14.32668577 14.32662687
 14.32659876 14.32657886 14.3265524  14.32648951] 
WayPoint_Count 26 

Leader Index 4 

Leader Contour 219.0 

Contour Threshold 175 

Converging Before Rutherford Scattering [ 5.82164609  4.38902036  2.43418166  2.85922393  3.58973491  0.63875712
 -0.56336897 -2.60346717 -6.1889758  -8.75771227]_[ 3.44463242  6.43828402 10.76594878  4.57814619  1.5053011   7.94909646
  5.03271742  3.4308688   9.98915047  7.70071637] 

Minimum Distance Within Rutherford Scattering 4.2 

Converging After Rutherford Scattering [ 7.44513429  5.65410661  2.86595743  2.86978094  3.68436744  0.17609171
 -1.13860263 -3.81862752 -6.42500665 -9.69416178]_[ 2.93350826  7.40402785 12.1430713   4.13242126 -0.13133918  8.85433498
  4.93133183  2.35236737 10.73896683  7.47617151] 

drones next lat [48.33586298 48.33590306 48.33594547 48.3358734  48.33583511 48.33591567
 48.33588027 48.33585686 48.3359321  48.33590249] drones next lon [14.32674411 14.32671941 14.32668123 14.32668223 14.32669373 14.32664533
 14.32662805 14.3265922  14.32655604 14.32651232] 
WayPoint_Count 27 

Leader Index 4 

Leader Contour 206.0 

Contour Threshold 175 

Converging Before Rutherford Scattering [ 4.89507611  4.49166183  2.24098733  2.33219918  3.09993485  1.73580076
  0.82367145 -2.90493808 -4.07459977 -6.95867071]_[ 1.6452553   6.22324677 10.79972553  2.57615352 -0.94278145  7.54558745
  2.67060643  1.55121603  9.42641074  6.40909358] 

Minimum Distance Within Rutherford Scattering 4.2 

Converging After Rutherford Scattering [ 6.61220127  5.77665803  2.51756343  3.00580043  3.19473586  1.3597466
 -0.44688214 -3.99934743 -4.48380593 -7.85554716]_[ 1.12365294  6.73373559 12.11079534  2.496997   -2.48206587  8.00327592
  2.56738964  0.84937647 10.15049098  6.35086588] 

drones next lat [48.33584663 48.33589704 48.33594515 48.3358587  48.33581393 48.33590811
 48.33585906 48.33584333 48.33592696 48.33589251] drones next lon [14.32673308 14.32672114 14.32667653 14.32668426 14.3266874  14.3266614
 14.32663767 14.32658994 14.3265823  14.32653726] 
WayPoint_Count 28 

Leader Index 5 

Leader Contour 244.5 

Contour Threshold 175 

Converging Before Rutherford Scattering [ 5.9887208   4.3401839   2.56011341  1.45030517  1.97714838  1.00013124
  0.69443898 -1.87052882 -2.45662107 -6.83660763]_[ 3.52057301  8.16034578  9.37489085  4.22779604 -1.00005451  8.93637656
  5.32516711  2.81830981 10.44938504  7.01713291] 

Minimum Distance Within Rutherford Scattering 4.2 

Converging After Rutherford Scattering [ 7.14978337  5.98755803  3.45796713  2.26169459  2.10926027  0.15659791
 -0.16559984 -2.95244332 -3.41622345 -7.74131033]_[ 3.00628745  8.19672176 11.16481249  2.92910157 -2.1191845   9.56121475
  5.6771993   1.9318437  11.45818016  7.02374592] 

drones next lat [48.33586361 48.33591021 48.33593671 48.33586253 48.3358171  48.33592203
 48.33588706 48.33585315 48.33593881 48.33589858] drones next lon [14.32674011 14.32672382 14.32668933 14.32667417 14.32667271 14.32664498
 14.32664109 14.32660394 14.32659655 14.32653872] 
WayPoint_Count 29 

Leader Index 4 

Leader Contour 240.0 

Contour Threshold 175 

Converging Before Rutherford Scattering [ 6.26091098  5.08441595  3.95166338  1.74055138  2.9590037  -0.40855044
  0.58285362 -0.60296511 -2.40502731 -7.25140036]_[ 0.72220158  5.3447185   8.45672371  0.04249842 -2.64638096  8.03481502
  2.77513793  1.29782684  8.63937858  5.88104428] 

Minimum Distance Within Rutherford Scattering 4.2 

Converging After Rutherford Scattering [ 7.36760127  6.04876357  4.54978153  1.96801891  3.30769904 -0.05542744
  0.63337731 -2.22639945 -3.61575313 -8.06620585]_[ 0.36464719  5.44651736  9.59085222 -0.60339013 -4.18830321  8.53304543
  3.50550579  0.48718261  9.54712427  5.86478239] 

drones next lat [48.33583986 48.33588548 48.33592264 48.33583073 48.33579859 48.33591276
 48.33586759 48.33584021 48.3359216  48.33588812] drones next lon [14.32674336 14.32672497 14.32670425 14.32667062 14.32668913 14.32664224
 14.32665213 14.3266139  14.32659408 14.32653447] 
WayPoint_Count 30 

Leader Index 5 

Leader Contour 273.0 

Contour Threshold 175 

Converging Before Rutherford Scattering [ 5.33139169  4.32353334  3.59017698  0.82335547  3.25184725 -0.57948976
 -0.62987845 -2.33813701 -2.19858257 -5.29803931]_[ 2.56749907  7.3472133   8.99950628  0.64732035 -3.14505737  7.68136551
  5.61495652  1.6437728   9.86160053  6.00492366] 

Minimum Distance Within Rutherford Scattering 4.2 

Converging After Rutherford Scattering [ 6.26992107  5.5253269   4.02403582  1.01530592  3.60016724 -0.47296804
 -0.75697701 -3.36355414 -3.07422785 -6.49085229]_[ 2.1692066   7.0057291  10.59872509 -0.07413365 -4.10668707  8.51157606
  4.89514139  0.87112104 11.30203125  6.05039083] 

drones next lat [48.33585601 48.33589946 48.33593167 48.33583542 48.33579934 48.33591254
 48.33587998 48.33584357 48.33593743 48.33588992] drones next lon [14.32672834 14.32671772 14.32669704 14.32665771 14.32669306 14.32663661
 14.32663321 14.32659851 14.32660118 14.32655571] 
WayPoint_Count 31 

Leader Index 4 

Leader Contour 196.5 

Contour Threshold 175 

Converging Before Rutherford Scattering [ 4.98333689  4.65169387  2.96679575  2.98259396  3.81249218 -0.17537575
 -0.31107324 -1.0851409  -1.4617373  -6.04918685]_[ 1.19269768  5.88168296  8.62726429 -2.21777916 -5.08388619  5.65978201
  3.99991703  0.46683984 10.04266239  4.38033873] 

Minimum Distance Within Rutherford Scattering 4.2 

Converging After Rutherford Scattering [ 5.92613394  5.73064058  3.47573395  2.97047893  4.17578107 -0.50033966
 -0.59044337 -1.85054356 -2.03595382 -6.98708946]_[ 1.04198075  6.01246635  9.81032516 -2.59286577 -6.34449871  6.73829385
  3.27011306 -0.4925961  11.10051592  4.40578508] 

drones next lat [48.33584584 48.33589054 48.33592453 48.33581291 48.33577926 48.33589658
 48.33586537 48.33583142 48.3359357  48.33587508] drones next lon [14.32672383 14.32672061 14.32668973 14.32668439 14.32670109 14.32663645
 14.32663565 14.32661909 14.32661521 14.3265492 ] 
WayPoint_Count 32 

Leader Index 7 

Leader Contour 139.0 

Contour Threshold 175 

Previous Drone Positions [ 5.92613394  5.73064058  3.47573395  2.97047893  4.17578107 -0.50033966
 -0.59044337 -1.85054356 -2.03595382 -6.98708946]_[ 1.04198075  6.01246635  9.81032516 -2.59286577 -6.34449871  6.73829385
  3.27011306 -0.4925961  11.10051592  4.40578508] 

Mean Previous Drone Positions [1.03143986 1.03143986 1.03143986 1.03143986 1.03143986 1.03143986
 1.03143986 1.03143986 1.03143986 1.03143986]_[3.29495196 3.29495196 3.29495196 3.29495196 3.29495196 3.29495196
 3.29495196 3.29495196 3.29495196 3.29495196] 

relative Drone Positions [ 18.9  14.7  10.5   6.3   2.1  -2.1  -6.3 -10.5 -14.7 -18.9]_[-0. -0. -0. -0.  0.  0.  0.  0.  0.  0.] 

current starting Drone Positions [ 19.93143986  15.73143986  11.53143986   7.33143986   3.13143986
  -1.06856014  -5.26856014  -9.46856014 -13.66856014 -17.86856014]_[3.29495196 3.29495196 3.29495196 3.29495196 3.29495196 3.29495196
 3.29495196 3.29495196 3.29495196 3.29495196] 

scanning direction vector [0. 0. 0. 0. 0. 0. 0. 0. 0. 0.]_[2. 2. 2. 2. 2. 2. 2. 2. 2. 2.] 

changing back speed 0.3 

velocity vector [ 4.20159178  3.00023978  2.41671177  1.30828828 -0.31330236 -0.17046614
 -1.40343503 -2.28540497 -3.48978189 -3.2644412 ]_[ 2.67589136  1.18474568  0.04538804  3.76634532  4.8918352   0.96699743
  2.00745167  3.13626442 -0.34166919  1.66675006] 

Moving Straight [ 10.12772571   8.73088037   5.89244572   4.27876721   3.86247871
  -0.6708058   -1.9938784   -4.13594853  -5.52573572 -10.25153067]_[ 3.71787211  7.19721203  9.8557132   1.17347955 -1.45266351  7.70529129
  5.27756473  2.64366831 10.75884673  6.07253514] 

drones next lat [48.33587025 48.33590144 48.33592513 48.3358469  48.33582324 48.33590527
 48.33588332 48.33585946 48.33593235 48.33588982] drones next lon [14.32678021 14.32676095 14.32672234 14.32670159 14.32669629 14.32663404
 14.32661647 14.32658788 14.32656817 14.32650496] 
WayPoint_Count 33 

Leader Index 4 

Leader Contour 206.0 

Contour Threshold 175 

Converging Before Rutherford Scattering [ 9.42977235  8.4006889   5.55947457  4.14091738  4.73436243  0.74754099
 -1.46791183 -1.41302406 -4.74944659 -8.15944672]_[ 2.98027469  4.69502836  8.8869705   0.18266294 -0.96295056  5.06555307
  4.38587732  2.06535161  8.27660109  6.07651427] 

Minimum Distance Within Rutherford Scattering 4.2 

Converging After Rutherford Scattering [10.61798898  8.69428505  5.76275579  3.82604109  5.43149275  1.41701376
 -2.42511105 -1.98589811 -5.0569565  -9.05868436]_[ 2.16782147  5.5367523   9.75652324  0.5793125  -2.73599899  5.71309549
  4.79254774  0.74257187  9.11891568  5.98034197] 

drones next lat [48.33585634 48.3358865  48.33592423 48.33584152 48.33581182 48.33588751
 48.33587892 48.33584253 48.33591764 48.33588909] drones next lon [14.32678701 14.32676065 14.3267206  14.32669555 14.32671761 14.32666244
 14.32661071 14.32661712 14.32657469 14.32652107] 
WayPoint_Count 34 

Leader Index 4 

Leader Contour 266.5 

Contour Threshold 175 

Converging Before Rutherford Scattering [ 8.5261254   8.77669125  5.0161095   3.89929912  4.43448452  3.21117065
 -1.41965683  0.45042658 -4.58036518 -8.2640412 ]_[ 1.56330307  4.25399778  7.03689562 -1.82283417 -2.81329445  3.5542142
  2.51011488  0.67354343  8.14995556  5.34325186] 

Minimum Distance Within Rutherford Scattering 4.2 

Converging After Rutherford Scattering [ 9.34236113  9.69963627  5.18084071  3.66365502  5.237781    3.23490152
 -2.47184356 -0.07821455 -4.76249434 -8.9963794 ]_[ 0.86119411  5.03981469  8.13561049 -1.62175875 -4.7824827   3.93958411
  2.8987667  -0.10915289  8.80577701  5.28179502] 

drones next lat [48.33584449 48.33588211 48.3359096  48.3358217  48.33579339 48.3358717
 48.33586188 48.33583501 48.33591484 48.33588281] drones next lon [14.32676995 14.32677428 14.32671294 14.32669362 14.32671524 14.32668718
 14.32661031 14.32664296 14.3265787  14.32652199] 
WayPoint_Count 35 

Leader Index 5 

Leader Contour 242.0 

Contour Threshold 175 

Converging Before Rutherford Scattering [ 6.67560189  8.26458691  4.50999668  4.22764234  3.84871523  3.1875329
 -1.09805662  1.90912676 -2.71797989 -6.50666576]_[ 2.23487663  3.86042399  5.33588469  1.06865394 -2.49606034  2.94070663
  4.06225924  2.1318625   8.70804234  5.92870467] 

Minimum Distance Within Rutherford Scattering 4.2 

Converging After Rutherford Scattering [ 7.96332519  9.94470689  4.95280783  4.59002924  3.8173806   3.20278295
 -2.12548328  0.34742816 -2.97210232 -7.42037484]_[ 1.54153501  4.74744875  7.11857358 -0.23976857 -4.09341605  3.79556327
  4.28903579  1.04440706  9.61806416  5.95391128] 

drones next lat [48.3358505  48.3358795  48.33590043 48.33583421 48.33579948 48.3358704
 48.33587442 48.33584543 48.33592229 48.33588898] drones next lon [14.32675126 14.32677762 14.32670998 14.32670596 14.32669599 14.32668676
 14.32661481 14.32664856 14.32660276 14.32654318] 
WayPoint_Count 36 

Leader Index 4 

Leader Contour 299.0 

Contour Threshold 175 

Converging Before Rutherford Scattering [ 5.82654241  9.26808354  3.76639031  4.69691742  3.13542671  2.65537417
 -0.02475982  0.61657817 -2.69484365 -6.53994533]_[-0.37699994  3.99019516  4.95568411 -1.3347508  -3.36202089  2.51304219
  2.98741059 -0.08657775  7.03353696  3.82889546] 

Minimum Distance Within Rutherford Scattering 4.2 

Converging After Rutherford Scattering [ 7.64547718 10.22939944  4.31792698  4.90353951  2.67119759  2.99251023
 -1.09472177 -0.41808855 -3.13703894 -7.40443775]_[-0.11236798  4.43129041  6.43073872 -2.29392662 -5.17398642  2.626592
  3.48149906 -0.9869549   7.9610215   3.78450935] 

drones next lat [48.3358356  48.33587667 48.33589419 48.33581575 48.33578967 48.33585987
 48.33586724 48.33582709 48.33590737 48.33586946] drones next lon [14.32674717 14.3267815  14.3267015  14.32671043 14.32668065 14.32668407
 14.32662882 14.32663848 14.32660073 14.32654365] 
WayPoint_Count 37 

Leader Index 5 

Leader Contour 314.0 

Contour Threshold 175 

Converging Before Rutherford Scattering [ 6.79086643  7.7109295   2.66051825  3.53690229  1.91087139  3.31246209
  0.38093854  0.03741631 -2.37380472 -5.98774632]_[ 1.39710646  3.13125327  4.57736622  0.3366307  -3.71416117  1.6791582
  3.94821489  0.86576673  5.98147894  2.7421996 ] 

Minimum Distance Within Rutherford Scattering 4.2 

Converging After Rutherford Scattering [ 8.05482188  9.14260097  3.35792735  4.0046016   1.69159338  3.58010194
 -0.42121523 -1.12154552 -3.32049493 -6.98903767]_[ 0.43601529  4.27287254  6.33436426 -1.44855004 -5.09227751  2.2414213
  4.48556436 -0.02103456  7.13487774  2.60176043] 

drones next lat [48.33584056 48.33587516 48.33589325 48.33582329 48.33579033 48.33585645
 48.33587632 48.33583572 48.33589993 48.33585886] drones next lon [14.32675263 14.32676685 14.32668856 14.3266982  14.32666743 14.32669204
 14.32663779 14.32662887 14.32659835 14.32654939] 
WayPoint_Count 38 

Leader Index 5 

Leader Contour 279.5 

Contour Threshold 175 

Converging Before Rutherford Scattering [ 5.44657906  7.13914332  2.88472519  3.60715321  2.96516969  3.78989029
  2.2015967   1.12273196 -0.97061478 -5.09681516]_[ 0.52690828  4.57896423  5.15077406 -0.44729245 -2.52328841  1.26367448
  3.02936243  1.74316797  6.67355222  1.53931274] 

Minimum Distance Within Rutherford Scattering 4.2 

Converging After Rutherford Scattering [ 7.81158994  8.44836805  3.37872588  3.66593757  2.49555846  4.44998884
  1.53848963 -0.74112973 -1.88879105 -6.0691781 ]_[-0.16429797  5.37464843  7.18186966 -1.75457535 -4.84419652  1.78043957
  3.96190772  0.89347418  7.71107411  1.39479173] 

drones next lat [48.33583514 48.33588502 48.33590088 48.33582051 48.33579262 48.33585237
 48.33587177 48.33584398 48.33590522 48.33584807] drones next lon [14.32674942 14.32675735 14.32668874 14.32669367 14.32667825 14.32670383
 14.32666429 14.32663389 14.3266176  14.32656195] 
WayPoint_Count 39 

Leader Index 5 

Leader Contour 260.5 

Contour Threshold 175 

Converging Before Rutherford Scattering [ 6.84337442  6.00028468  2.76819222  3.22912296  3.71106442  5.34942019
  3.3745402   2.04231907 -0.09876141 -4.83734872]_[ 0.19077012  3.76000003  5.24785171  0.6912349  -3.68623694  1.34337749
  1.79078773  1.81394842  7.2887883   0.82621263] 

Minimum Distance Within Rutherford Scattering 4.2 

Converging After Rutherford Scattering [ 8.96062687  7.54812666  2.75832012  2.59088106  3.70397432  6.55617026
  3.34892684 -0.33581894 -1.03654946 -5.7124497 ]_[-1.15245686  5.28453463  6.783729   -1.33550022 -5.2352235   1.21070014
  2.80676334  1.8609085   8.3957313   0.64754806] 

drones next lat [48.33582634 48.33588414 48.33589725 48.33582419 48.3357892  48.33584741
 48.33586152 48.33585272 48.33591145 48.33584138] drones next lon [14.32676504 14.32674522 14.32668041 14.32667912 14.3266946  14.32673232
 14.32668885 14.32663925 14.32662902 14.32656685] 
WayPoint_Count 40 

Leader Index 5 

Leader Contour 274.5 

Contour Threshold 175 

Converging Before Rutherford Scattering [ 8.51402749  6.92031885  4.24283485  4.23806     3.67374472  6.54540672
  4.19350334  1.31451154 -0.34766712 -4.55080269]_[ 0.44937778  4.32928193  6.06463799 -1.25422142 -2.86291949  2.21064221
  2.23998928  0.73293171  6.3755958   0.19090576] 

Minimum Distance Within Rutherford Scattering 4.2 

Converging After Rutherford Scattering [ 1.02288234e+01  8.24616089e+00  4.03168734e+00  4.67472594e+00
  3.21386150e+00  7.43486748e+00  3.49515274e+00  7.07208672e-03
 -1.18773182e+00 -5.40068189e+00]_[-0.45334818  5.82139145  7.52830768 -1.75330738 -4.96367263  2.05356953
  2.68776584  0.4343616   7.11226572  0.00888794] 

drones next lat [48.33583273 48.33588902 48.33590405 48.3358206  48.3357916  48.33585506
 48.33586046 48.33583991 48.33589989 48.33583566] drones next lon [14.32678207 14.32675457 14.32669751 14.32670728 14.32668795 14.32674407
 14.32669084 14.32664404 14.32662713 14.32657113] 
WayPoint_Count 41 

Leader Index 5 

Leader Contour 263.0 

Contour Threshold 175 

Converging Before Rutherford Scattering [ 8.07574637  7.50477886  5.72354967  6.11603462  4.76704886  7.92018297
  4.97106431  2.94345596  1.19413374 -2.50899712]_[ 0.1350113   4.81348905  5.05804471 -1.09772299 -4.10260936  2.92790864
  3.2367003   0.67290111  6.85426407  0.72335114] 

Minimum Distance Within Rutherford Scattering 4.2 

Converging After Rutherford Scattering [ 9.74517312  9.08866829  5.15407586  6.06969487  4.44840386  9.34933146
  4.25712835  1.73933764  0.31819293 -3.46300812]_[-0.83298011  6.51480365  6.91813693 -2.07545011 -5.63896531  2.83120416
  3.13619652  0.08544363  7.71325574  0.56969287] 

drones next lat [48.33582928 48.33589533 48.33589865 48.33581781 48.33578563 48.33586221
 48.33586455 48.33583691 48.33590542 48.33584085] drones next lon [14.32677559 14.32676586 14.32671272 14.32672614 14.32670469 14.32676981
 14.32670107 14.32666746 14.32664738 14.32659721] 
WayPoint_Count 42 

Leader Index 5 

Leader Contour 287.0 

Contour Threshold 175 

Converging Before Rutherford Scattering [ 9.02293437  8.23290788  7.46181413  7.72615242  5.83676877  9.55400659
  6.89514389  3.9178941   1.70728921 -0.56834326]_[ 2.01714435  4.59804285  5.03868882  0.42571428 -4.83005306  1.8523742
  3.7836679  -0.19056307  7.69108522  1.29703595] 

Minimum Distance Within Rutherford Scattering 4.2 

Converging After Rutherford Scattering [ 9.03680868 10.34263966  6.74005051  7.67049274  5.77589973 12.51709867
  5.30861558  2.96694739  1.02527395 -1.59725881]_[ 2.05234922  5.89087338  7.53903476 -1.36513776 -5.97451259  1.00840878
  3.72048128 -0.83688713  8.41852223  1.23000529] 

drones next lat [48.33585518 48.33588981 48.33590436 48.33582433 48.33578271 48.33584606
 48.33586989 48.33582871 48.33591182 48.33584694] drones next lon [14.32676569 14.32678285 14.32673405 14.32674766 14.32672264 14.32681277
 14.32671519 14.32668413 14.32665684 14.3266223 ] 
WayPoint_Count 43 

Leader Index 5 

Leader Contour 329.0 

Contour Threshold 175 

Converging Before Rutherford Scattering [11.72771623 10.51676475  8.89231267  8.68349599  6.75146666 12.91317044
  6.19620391  5.46749743  3.57075079 -0.16445516]_[ 0.8460518   3.29512262  5.47901135  0.13631944 -5.44610751  0.09018922
  2.83976188  0.38620272  6.8322506   0.37485673] 

Minimum Distance Within Rutherford Scattering 4.2 

Converging After Rutherford Scattering [12.18119383 11.44599654  8.93134444  8.63403156  6.62976858 15.01605223
  5.55172521  4.38138968  2.85325859 -1.06983695]_[ 0.77857229  4.29436624  7.13091765 -0.88794103 -6.41232585 -1.03873633
  3.51901422 -0.48341616  7.71623755  0.21697028] 

drones next lat [48.33584397 48.33587554 48.33590086 48.3358287  48.33577884 48.33582784
 48.3358681  48.335832   48.33590564 48.33583787] drones next lon [14.32680826 14.32679793 14.32676366 14.3267606  14.32673421 14.32684673
 14.32671849 14.32670317 14.32668158 14.32662954] 
WayPoint_Count 44 

Leader Index 6 

Leader Contour 373.0 

Contour Threshold 175 

Converging Before Rutherford Scattering [10.89961713  9.99195363  6.80290139  7.6066007   5.9965573  13.28033381
  6.54909653  5.83232853  2.97814616  1.50145121]_[ 0.71870985  4.8822265   6.31813815  1.74388208 -3.51527365 -1.1687783
  3.44655432  0.97952099  5.74284733  1.73342528] 

Minimum Distance Within Rutherford Scattering 4.2 

Converging After Rutherford Scattering [11.8927619  11.26934346  6.87493201  8.36825792  5.80618517 14.55283655
  5.99205752  4.67204795  1.83916528  0.17139862]_[ 0.50733615  5.83654022  8.11312333  1.12492371 -4.77086996 -2.04435484
  4.17753709 -0.14961594  6.66475607  1.42187672] 

drones next lat [48.33584151 48.3358894  48.33590953 48.33584678 48.33579354 48.33581876
 48.33587406 48.33583503 48.3358961  48.33584881] drones next lon [14.3268044  14.32679536 14.3267358  14.32675678 14.32672291 14.3268406
 14.32672435 14.32670706 14.32666803 14.32664614] 
WayPoint_Count 45 

Leader Index 5 

Leader Contour 309.5 

Contour Threshold 175 

Converging Before Rutherford Scattering [14.33485838 11.05249326  7.4647291  11.02151765  8.12518347 14.01711781
  8.42080565  7.47391646  4.39309353  2.82396524]_[-0.92644702  3.82385064  5.73005763 -0.27426766 -3.26341684 -2.88875133
  2.41652611  0.0199246   5.96214728  1.65922184] 

Minimum Distance Within Rutherford Scattering 4.2 

Converging After Rutherford Scattering [15.81038205 12.24285451  7.59642598 11.41095014  7.76183159 14.67918103
  8.19904422  6.47300801  3.29322546  1.66077757]_[-0.36712713  4.84907843  7.12140999 -0.61684621 -4.73780909 -4.42865908
  2.8747379  -0.67423281  6.80762315  1.43067012] 

drones next lat [48.33583395 48.33588059 48.33590067 48.33583135 48.33579399 48.33579732
 48.33586251 48.33583045 48.3358975  48.335849  ] drones next lon [14.32685737 14.32680861 14.32674565 14.32679804 14.32674929 14.32684258
 14.32675429 14.32673142 14.32668763 14.32666624] 
WayPoint_Count 46 

Leader Index 4 

Leader Contour 346.0 

Contour Threshold 175 

Converging Before Rutherford Scattering [14.76457298 10.6455789   8.61624855 10.60582184  7.83894065 13.24213776
  8.89559951  7.24342352  3.50548285  2.45302202]_[-2.02397801  2.37624169  5.24838787 -2.96788168 -5.73483175 -3.69011258
  1.46275187 -3.56680834  4.08207134  0.79787531] 

Minimum Distance Within Rutherford Scattering 4.2 

Converging After Rutherford Scattering [16.2365345  11.96658237  8.57660156 10.65633383  7.58718895 14.10358524
  8.19776076  6.14158128  2.86544559  1.47921449]_[-1.48741665  3.16375971  6.5792897  -3.12578341 -7.41070346 -5.00865145
  1.45915891 -3.58410464  4.93296889  0.46519813] 

drones next lat [48.3358239  48.33586541 48.33589587 48.33580872 48.33576993 48.33579206
 48.33584978 48.33580424 48.33588061 48.3358403 ] drones next lon [14.32686325 14.32680508 14.32675894 14.32678815 14.32674725 14.32683489
 14.32675444 14.32672729 14.32668208 14.3266639 ] 
WayPoint_Count 47 

Leader Index 5 

Leader Contour 306.0 

Contour Threshold 175 

Converging Before Rutherford Scattering [15.65804228 12.92123802 10.19016995 11.923116    9.72139444 13.61805434
  9.20867453  7.29832569  3.86356163  2.40821115]_[-4.08715827  0.33513025  4.11559493 -4.9570724  -7.68521103 -5.88287095
 -0.95902431 -4.52001521  2.74170341  0.0929866 ] 

Minimum Distance Within Rutherford Scattering 4.2 

Converging After Rutherford Scattering [17.11502847 13.72672427 10.26864293 11.61826087  9.30427093 14.65410701
  8.84547197  6.29189804  3.53949213  1.44689141]_[-3.77087408  0.99540058  5.1199665  -4.78798886 -9.03847279 -7.28938496
 -0.52313084 -4.92126632  3.65814202 -0.24832823] 

drones next lat [48.33580343 48.33584604 48.33588287 48.33579385 48.33575543 48.33577158
 48.33583199 48.33579223 48.33586919 48.33583388] drones next lon [14.32687537 14.32682909 14.32678194 14.32680133 14.32677061 14.32684258
 14.32676341 14.32672948 14.32669132 14.32666355] 
WayPoint_Count 48 

Leader Index 3 

Leader Contour 296.5 

Contour Threshold 175 

Converging Before Rutherford Scattering [15.57761387 12.30544975 10.42272428 10.65285639  9.62294626 13.92584551
  9.3450356   7.62163678  5.91246642  4.08687196]_[-5.03798311 -0.20689533  4.13153281 -4.52723189 -8.05226791 -5.43851023
 -3.00687827 -4.12854757  2.35006041 -1.64484483] 

Minimum Distance Within Rutherford Scattering 4.2 

Converging After Rutherford Scattering [17.56250078 13.16593021 10.64235321 10.97657462  9.314419   14.34651494
  9.09572067  6.18512076  5.31846238  2.86585026]_[-4.91096197  0.56827934  5.15701022 -5.18082932 -9.54110945 -6.43974317
 -1.86878701 -4.95401022  3.17623645 -1.56765078] 

drones next lat [48.33579321 48.33584215 48.33588324 48.33579026 48.33575091 48.3357792
 48.33581991 48.33579192 48.335865   48.33582213] drones next lon [14.32688154 14.32682157 14.32678698 14.32679272 14.3267708  14.32683833
 14.32676695 14.32672804 14.32671538 14.32668285] 
WayPoint_Count 49 

Leader Index 3 

Leader Contour 310.0 

Contour Threshold 175 

Converging Before Rutherford Scattering [15.19641485 11.45979063 10.8339956  10.59310778 10.75215579 11.81715522
 11.08123025  7.29913689  5.58211015  5.66648551]_[-5.9227656  -1.19482317  4.14995525 -4.25727468 -6.9838951  -6.49475784
 -3.67295652 -4.58061531  2.03438894 -2.15374439] 

Minimum Distance Within Rutherford Scattering 4.2 

Converging After Rutherford Scattering [16.9100614  11.96818086 11.06267741  9.572984    9.70347479 13.23854157
 12.62574436  5.86736366  4.94038186  4.39217276]_[-6.15930977  0.49072801  5.16478732 -4.73477095 -9.18484061 -7.59070986
 -2.85581219 -5.41611278  2.93083431 -1.72128191] 

drones next lat [48.33578193 48.33584136 48.33588334 48.33579416 48.33575414 48.33576876
 48.33581131 48.33578774 48.33586276 48.33582086] drones next lon [14.32687289 14.32680542 14.32679265 14.32677372 14.32677601 14.32682352
 14.32681469 14.32672381 14.32671031 14.32670347] 
WayPoint_Count 50 

Leader Index 3 

Leader Contour 314.5 

Contour Threshold 175 

Converging Before Rutherford Scattering [15.19267724 10.22398063 11.69552174  8.99317348  9.29479092 10.75574007
 11.87934827  8.55966188  5.4414548   5.52242986]_[-6.74739769 -0.91461889  3.55346011 -5.5495223  -6.24897355 -5.93636685
 -3.61351704 -5.74290406  0.37325008 -1.92578819] 

Minimum Distance Within Rutherford Scattering 4.2 

Converging After Rutherford Scattering [16.57857407 10.34138952 12.09533383  8.92891155  9.13649975 12.35608516
 13.41214162  5.77523136  4.66506071  4.26955132]_[-7.32470193  0.23449541  4.59066756 -4.27037518 -9.11028173 -6.96807326
 -2.81006659 -6.74759107  1.79380621 -2.14025779] 

drones next lat [48.33577142 48.33583893 48.33587826 48.33579829 48.33575477 48.33577429
 48.33581178 48.33577576 48.33585251 48.33581709] drones next lon [14.32686855 14.3267835  14.32680665 14.32676498 14.32676835 14.32681154
 14.3268253  14.32672272 14.32670673 14.32670186] 
WayPoint_Count 51 

Leader Index 3 

Leader Contour 348.5 

Contour Threshold 175 

Converging Before Rutherford Scattering [15.65769987  9.12282196 11.32672228  8.25462052  9.88459287 10.88855699
 10.80384261  8.20881904  6.75806576  6.70198826]_[-6.23252599 -2.45833855  3.70272177 -5.0088409  -6.56004651 -6.72561208
 -2.72191321 -6.02112116 -0.17602037 -3.76150721] 

Minimum Distance Within Rutherford Scattering 4.2 

Converging After Rutherford Scattering [17.00252922  9.063625   11.6697359   8.08861789  9.84035067 13.07741082
 12.71473171  6.14371415  5.68917132  4.31784347]_[-6.42329628 -0.98477402  4.6415193  -4.67183277 -8.26553837 -7.85114624
 -2.05286813 -8.23419489  1.31750211 -3.43857491] 

drones next lat [48.33577956 48.33582786 48.33587868 48.33579461 48.33576242 48.33576641
 48.33581854 48.33576241 48.3358483  48.33580541] drones next lon [14.32687417 14.32676641 14.3268009  14.32675369 14.32677775 14.32682138
 14.3268158  14.32672787 14.32672061 14.32670267] 
WayPoint_Count 52 

Leader Index 3 

Leader Contour 360.0 

Contour Threshold 175 

Converging Before Rutherford Scattering [16.04004702  9.43395431 10.07146973  7.42590218  8.45510874 12.19755113
 11.92732584  7.14523704  7.21825443  6.90175737]_[-6.04118233 -3.39024405  2.30066722 -5.42070384 -5.60693125 -7.36716901
 -3.34102017 -7.47784536 -1.1581572  -3.32986261] 

Minimum Distance Within Rutherford Scattering 4.2 

Converging After Rutherford Scattering [17.32778185  9.85883513 10.43631554  5.39704407  9.44881431 13.02700403
 13.58596632  6.23757893  6.46165727  5.03561033]_[-6.23956556 -2.46452262  3.53813966 -6.03029307 -6.67548208 -8.65095535
 -2.68130202 -9.73354098  0.73137975 -2.62630634] 

drones next lat [48.33578124 48.33581461 48.33586866 48.33578218 48.3357767  48.33575921
 48.33581295 48.33574893 48.33584309 48.33581277] drones next lon [14.32687853 14.32677731 14.32678439 14.32671753 14.32677228 14.32682079
 14.32682763 14.32672931 14.3267311  14.32671225] 
WayPoint_Count 53 

Leader Index 2 

Leader Contour 357.5 

Contour Threshold 175 

Converging Before Rutherford Scattering [17.09712994  9.49772368 10.16692621  6.60002363  9.19165549 13.19969005
 12.01844761  6.32460859  8.97730034  5.66386061]_[-4.99307014 -1.30713729  2.5751083  -5.22327973 -5.57797951 -7.50316506
 -1.64483984 -8.68313894  2.35644462 -1.84607209] 

Minimum Distance Within Rutherford Scattering 4.2 

Converging After Rutherford Scattering [18.0751106   9.24382389 11.5411469   5.42383504  9.65586225 13.7907736
 13.3427931   5.75126676  7.58298255  4.32977146]_[-5.05653686 -1.10621311  3.88581703 -5.56054274 -6.24477326 -8.41634832
 -1.46386452 -9.97524229  3.40328398 -1.31270958] 

drones next lat [48.33579194 48.33582678 48.33587187 48.33578641 48.33578059 48.33576138
 48.33582389 48.33574672 48.33586722 48.33582453] drones next lon [14.32688848 14.32676885 14.32679926 14.32671784 14.32677502 14.32683107
 14.3268242  14.32672278 14.32674591 14.32670257] 
WayPoint_Count 54 

Leader Index 3 

Leader Contour 348.0 

Contour Threshold 175 

Converging Before Rutherford Scattering [15.08016725  8.94138412 11.36433748  6.4117155   8.44524653 12.53731309
 12.39484951  5.22484652  6.24402495  3.89443444]_[-5.05289868 -2.59387627  2.62099613 -5.71575937 -5.28004296 -7.00136422
 -1.82273666 -8.90632624  1.95087613 -3.60632096] 

Minimum Distance Within Rutherford Scattering 4.2 

Converging After Rutherford Scattering [16.41959763  8.76399326 11.74997676  5.37938449  9.09017905 13.02345303
 13.32331371  4.59609982  5.66281341  2.52950822]_[ -5.15405982  -1.7508309    3.65915982  -6.19893052  -5.97513618
  -8.14495645  -1.27928665 -10.24436824   2.8215809   -3.14062507] 

drones next lat [48.33579093 48.33582094 48.33586985 48.33578066 48.33578297 48.33576376
 48.33582555 48.33574421 48.33586183 48.33580795] drones next lon [14.32686615 14.32676246 14.3268021  14.32671732 14.32676736 14.32682068
 14.32682392 14.32670723 14.32672007 14.3266785 ] 
WayPoint_Count 55 

Leader Index 6 

Leader Contour 261.0 

Contour Threshold 175 

Converging Before Rutherford Scattering [16.14143289 11.05837941 12.91169512  6.649104    9.55184801 13.920169
 13.39399886  6.88493371  7.69503561  4.19687544]_[-3.34994755 -0.59272681  2.58564611 -4.24338343 -4.00998066 -6.73405225
 -2.27678533 -9.25981581  2.84081607 -3.75356923] 

Minimum Distance Within Rutherford Scattering 4.2 

Converging After Rutherford Scattering [17.70672922 10.66423354 13.53297993  6.09517915  9.76009568 14.39369108
 14.03851877  6.58409131  7.05265164  2.57530175]_[ -3.4930466    0.12525118   3.76480524  -4.5592448   -4.55905573
  -7.83847589  -2.16548592 -10.23277796   3.72065268  -3.55642109] 

drones next lat [48.33580598 48.33583797 48.33587094 48.33579547 48.33579576 48.33576662
 48.33581763 48.33574447 48.33587003 48.33580421] drones next lon [14.32688332 14.32678787 14.32682615 14.32672678 14.32677623 14.32683914
 14.32683367 14.32673405 14.32673872 14.32667917] 
WayPoint_Count 56 

Leader Index 4 

Leader Contour 444.0 

Contour Threshold 175 

Converging Before Rutherford Scattering [16.41608192 10.19428541 12.87122322  7.09770118  9.47801573 12.11277368
 11.69649881  7.75366726  6.79917776  4.03016993]_[-3.03667298 -2.83436257  2.92966741 -4.48816476 -3.59966483 -7.44436137
 -2.3394248  -9.46886191  2.30368317 -4.68336475] 

Minimum Distance Within Rutherford Scattering 4.2 

Converging After Rutherford Scattering [17.62499827  9.85627124 13.29082873  5.94512396  9.37991247 12.86473809
 13.44694769  7.42294995  6.23628574  2.38153876]_[ -3.11565222  -1.25714004   3.89358283  -4.80901051  -4.85837875
  -8.43756349  -1.83152216 -10.5958828    3.13582722  -4.78578747] 

drones next lat [48.33580937 48.33582547 48.33587208 48.33579321 48.33579304 48.33576111
 48.33582059 48.33574127 48.3358647  48.33579314] drones next lon [14.32688217 14.32677713 14.32682287 14.32672478 14.32677113 14.32681858
 14.32682565 14.32674541 14.32672777 14.3266767 ] 
WayPoint_Count 57 

Leader Index 3 

Leader Contour 361.5 

Contour Threshold 175 

Converging Before Rutherford Scattering [16.63798549  8.86813715 12.54967793  5.51099193  6.97795202 10.74050239
 10.87144274  6.27795993  6.16277475  4.80651984]_[-3.27870352 -3.47205762  1.52935408 -3.90816126 -3.91406938 -8.4443735
 -3.26684892 -7.89824277  2.1371689  -5.70400302] 

Minimum Distance Within Rutherford Scattering 4.2 

Converging After Rutherford Scattering [17.60709355  9.44642407 13.05096091  3.50100827  6.75415576 11.42831659
 12.64278688  6.1604403   5.77456661  3.03819122]_[-3.33107505 -2.76482901  2.45064103 -2.61109485 -4.18393421 -9.44067662
 -3.2060429  -9.50914044  3.09665549 -6.72044045] 

drones next lat [48.33580743 48.33581188 48.33585908 48.33581279 48.3357989  48.33575198
 48.33580816 48.33575094 48.33586432 48.33577578] drones next lon [14.32688196 14.32677178 14.3268198  14.32669155 14.32673563 14.32679931
 14.32681496 14.32672825 14.32672155 14.32668579] 
WayPoint_Count 58 

Leader Index 4 

Leader Contour 399.5 

Contour Threshold 175 

Converging Before Rutherford Scattering [15.81320834  8.62480609 11.0700063   6.28065438  5.98817833  9.59660121
 10.75650692  5.69086188  6.66563426  3.97423958]_[-4.46756096 -4.01674411  1.79685321 -3.68525354 -3.54106674 -7.08163766
 -2.53745001 -6.7987815   1.8956415  -4.89459087] 

Minimum Distance Within Rutherford Scattering 4.2 

Converging After Rutherford Scattering [16.80893412  9.73526374 11.68883772  6.48758065  3.94256064 10.41090006
 12.13150112  5.17138242  6.20079718  1.88293964]_[-4.66316477 -4.34370842  2.87276552 -4.10744214 -1.66937549 -8.59915911
 -1.80884753 -8.59391362  3.00889604 -5.42664117] 

drones next lat [48.33579538 48.33579769 48.33586277 48.33579956 48.3358213  48.33575947
 48.33582069 48.3357591  48.33586356 48.33578733] drones next lon [14.32687135 14.32677587 14.32680137 14.32673202 14.32669739 14.32678549
 14.3268079  14.32671479 14.32672731 14.32667005] 
WayPoint_Count 59 

Leader Index 4 

Leader Contour 403.0 

Contour Threshold 175 

Converging Before Rutherford Scattering [14.53452339  8.90183866  9.04207639  4.27159166  4.60261776  9.05643561
  9.58905842  5.44434143  4.52443366  2.1513666 ]_[-3.26469162 -3.3186067   1.47270785 -3.35982159 -0.91816007 -6.1371579
 -2.61469443 -7.40736618  1.79838993 -2.95186629] 

Minimum Distance Within Rutherford Scattering 4.2 

Converging After Rutherford Scattering [15.68515653  8.50589963  9.61197298  3.94922147  4.25018564  9.87086651
 11.22092813  4.91166811  3.95275856  0.15962603]_[-3.36954899 -3.91409641  2.72125704 -4.23126094 -0.25224256 -7.67807445
 -1.59000641 -8.78980981  3.46106126 -3.05854573] 

drones next lat [48.33580693 48.33580146 48.33586124 48.33579825 48.33583407 48.33576771
 48.33582258 48.33575732 48.33586745 48.3358085 ] drones next lon [14.32685603 14.32675923 14.32677337 14.32669779 14.32670138 14.32677809
 14.32679559 14.32671131 14.32669692 14.32664652] 
WayPoint_Count 60 

Leader Index 4 

Leader Contour 344.5 

Contour Threshold 175 

Converging Before Rutherford Scattering [14.07518072  6.33784937  8.45224806  3.86466383  3.47519785  8.25459707
 10.14454745  4.85658281  5.00992596  2.07447199]_[-1.89597212 -3.36782113  2.55918576 -3.20885559 -0.88421877 -6.9958102
 -1.6733374  -5.80073934  1.02639801 -0.96304758] 

Minimum Distance Within Rutherford Scattering 4.2 

Converging After Rutherford Scattering [15.25593793  7.155337    9.18971553  2.65339932  3.32620273  9.06940821
 10.95500691  4.29329425  5.05381163 -0.4068484 ]_[-1.91688501 -3.54497906  3.73225202 -4.09911172 -0.25235828 -8.2070509
 -1.53026397 -7.58466431  2.74754068 -0.54869778] 

drones next lat [48.33581996 48.33580468 48.3358703  48.33579934 48.33583399 48.33576289
 48.3358231  48.33576811 48.33586112 48.33583103] drones next lon [14.32685007 14.32674096 14.32676755 14.32668029 14.32668891 14.32676734
 14.32679199 14.32670283 14.32671186 14.32663858] 
WayPoint_Count 61 

Leader Index 4 

Leader Contour 381.0 

Contour Threshold 175 

Converging Before Rutherford Scattering [12.80366533  5.28345076  7.11114356  2.73397326  2.68115937  8.18624697
  9.63844199  3.16867793  3.15881844  0.98203713]_[-0.75862019 -1.30629687  1.70264563 -1.16449484 -1.01650425 -5.6277544
 -1.95464873 -5.09679018  0.57214708  0.40591477] 

Minimum Distance Within Rutherford Scattering 4.2 

Converging After Rutherford Scattering [14.13527197  6.18123069  7.97076021  2.37403308  1.25993008  8.71972904
 10.45939425  2.6683007   3.4937416  -1.51477688]_[-0.4516951  -1.53631985  3.04816144 -3.40012602 -0.35279221 -6.84348927
 -2.19704991 -6.90907947  2.83468143  1.56330697] 

drones next lat [48.33583305 48.33582267 48.33586405 48.3358056  48.33583293 48.33577513
 48.33581706 48.33577406 48.33586178 48.33584995] drones next lon [14.32683477 14.32672758 14.32675118 14.32667643 14.32666104 14.32676246
 14.32678538 14.32668082 14.3266908  14.32662338] 
WayPoint_Count 62 

Leader Index 4 

Leader Contour 352.0 

Contour Threshold 175 

Converging Before Rutherford Scattering [12.663269    3.41758039  7.11442258  2.5615097   1.94523418  7.51204732
  7.77644724  2.5275721   3.30249507  0.49840846]_[-1.28561531 -0.49501008  1.77060746 -2.00725938 -1.08104923 -6.48426181
 -2.49585284 -5.91388567  0.90533042  1.35687428] 

Minimum Distance Within Rutherford Scattering 4.2 

Converging After Rutherford Scattering [13.66746235  4.51653004  8.12597686  2.37056606 -0.25647899  8.05512551
  8.67970311  1.97606968  3.33182537 -1.14779395]_[-1.20801129 -0.55244767  2.87292435 -3.74635861 -1.12338775 -7.59898068
 -2.7710898  -7.4560022   3.15263456  2.70059693] 

drones next lat [48.33582621 48.33583139 48.33586249 48.33580249 48.33582588 48.33576828
 48.33581176 48.33576908 48.33586463 48.33586021] drones next lon [14.32682855 14.326705   14.3267533  14.32667643 14.32664067 14.32675358
 14.32676144 14.32667155 14.32668858 14.32662819] 
WayPoint_Count 63 

Leader Index 4 

Leader Contour 351.0 

Contour Threshold 175 

Converging Before Rutherford Scattering [10.72255573  2.31988746  6.87620428  1.91481339  0.51628855  6.73706308
  5.74990916  2.05830466  1.30852658  0.22605954]_[-1.52308975 -1.76752055  2.84371571 -2.61475414 -0.48869859 -5.40408895
 -2.13874826 -6.23437087  2.29576864  0.36054274] 

Minimum Distance Within Rutherford Scattering 4.2 

Converging After Rutherford Scattering [11.83901332  3.22307356  7.52603984  1.07121528 -1.04988614  7.53633251
  6.82783027  1.70779137  1.55168285 -1.80348043]_[-1.47172913 -0.91327368  3.79779378 -4.32943261 -1.34240064 -6.58182047
 -2.0811402  -7.93566023  4.17421904  2.01220011] 

drones next lat [48.3358237  48.33582804 48.33587076 48.33579714 48.33582384 48.33577739
 48.33581782 48.33576475 48.33587368 48.33585396] drones next lon [14.32680391 14.3266876  14.3267451  14.32665897 14.32662999 14.32674646
 14.32673637 14.32666798 14.32666444 14.32661943] 
WayPoint_Count 64 

Leader Index 4 

Leader Contour 358.0 

Contour Threshold 175 

Converging Before Rutherford Scattering [ 8.85451894  1.33855275  4.82344263 -1.00090208 -1.90104506  6.03533517
  3.99410591  1.71984497  0.26294188 -2.03405204]_[-1.6265121  -0.11870278  2.9294588  -3.10409644 -0.81749256 -4.56153774
 -1.35564995 -5.46951646  1.46517089  0.80415179] 

Minimum Distance Within Rutherford Scattering 4.2 

Converging After Rutherford Scattering [10.0935349   1.55692846  5.59120975 -1.73919664 -3.47567224  6.85534321
  4.97774394  1.77026246  0.22203971 -3.75945049]_[-1.48322414 -0.2406612   4.07047093 -4.55775094 -1.38373621 -5.64515186
 -1.4708426  -6.88666937  3.4220471   2.32079173] 

drones next lat [48.33582346 48.33583396 48.33587306 48.33579486 48.33582328 48.33578576
 48.33582316 48.33577419 48.3358668  48.33585658] drones next lon [14.32678036 14.32666504 14.32671896 14.32662107 14.32659727 14.32673716
 14.32671134 14.3266687  14.32664659 14.326593  ] 
WayPoint_Count 65 

Leader Index 4 

Leader Contour 319.0 

Contour Threshold 175 

Converging Before Rutherford Scattering [ 8.5626124  -0.76544167  2.96297864 -2.28943082 -2.48428249  5.00348799
  3.6534565   1.37371563 -0.15933433 -3.31174006]_[-2.35174631 -1.61186053  3.44428936 -1.89094023 -1.51468037 -5.88250522
 -0.71297261 -5.25792799  2.38224451  1.2821462 ] 

Minimum Distance Within Rutherford Scattering 4.2 

Converging After Rutherford Scattering [ 9.59060686  0.1173907   3.83408168 -3.20320618 -4.44958114  5.78213513
  4.5485218   1.28583033 -0.27276493 -4.68699248]_[-2.33770295 -1.59942158  4.60877457 -4.34411328 -0.92045684 -6.78290812
 -0.56796394 -6.47490626  3.5683376   2.7364076 ] 

drones next lat [48.33581573 48.33582162 48.33587777 48.33579667 48.33582737 48.33577544
 48.33583125 48.33577786 48.33586808 48.33586025] drones next lon [14.32677368 14.32664577 14.32669519 14.3266013  14.32658407 14.32672282
 14.32670544 14.32666212 14.3266399  14.32658044] 
WayPoint_Count 66 

Leader Index 4 

Leader Contour 264.0 

Contour Threshold 175 

Converging Before Rutherford Scattering [ 8.3839456  -0.89487451  3.16895272 -3.15648749 -4.85085409  3.62746887
  2.50646683  0.28740572 -0.8625464  -5.55559462]_[-2.75857578 -1.04674598  3.44087106 -3.14727252 -1.83641537 -4.88078358
 -1.64530176 -5.98238164  2.73900866  0.80102033] 

Minimum Distance Within Rutherford Scattering 4.2 

Converging After Rutherford Scattering [ 9.3288354  -0.89857192  3.90878357 -3.49066861 -6.42263124  4.50226623
  3.33129157  0.13229433 -1.11206651 -6.6256502 ]_[-2.78076641 -0.75234743  4.33495722 -4.42800349 -2.12456852 -5.78548085
 -1.35931987 -7.27235548  3.93865273  1.91265552] 

drones next lat [48.33581172 48.33582916 48.33587531 48.33579589 48.33581638 48.33578431
 48.33582404 48.33577059 48.33587135 48.33585269] drones next lon [14.3267702  14.32663197 14.32669623 14.32659743 14.32655759 14.32670543
 14.32668911 14.32664665 14.32662853 14.32655438] 
WayPoint_Count 67 

Leader Index 4 

Leader Contour 255.0 

Contour Threshold 175 

Converging Before Rutherford Scattering [ 7.86961656 -3.3682737   2.89821507 -4.35993374 -5.59252507  2.10853142
  2.24966393 -0.64500968 -3.38688328 -5.8552121 ]_[-3.53979476 -0.38569622  2.54637071 -3.90320123 -1.56696315 -4.28247827
 -1.92539436 -6.64287395  2.7240001  -0.8271893 ] 

Minimum Distance Within Rutherford Scattering 4.2 

Converging After Rutherford Scattering [ 8.73084131 -2.73042983  3.47773471 -4.55467857 -6.7725932   2.80139911
  2.82104675 -0.6912808  -3.49203348 -7.67181661]_[-3.68397868 -0.06887133  3.45185806 -5.40519626 -2.66114271 -5.25290695
 -1.31534189 -7.91149287  4.21975285  0.82409936] 

drones next lat [48.33580355 48.33583517 48.33586733 48.33578702 48.33581153 48.33578897
 48.33582439 48.33576478 48.33587369 48.33584281] drones next lon [14.32676224 14.32660717 14.32669051 14.32658319 14.32655294 14.32668242
 14.32668222 14.32663561 14.32659638 14.32654039] 
WayPoint_Count 68 

Leader Index 4 

Leader Contour 187.0 

Contour Threshold 175 

Converging Before Rutherford Scattering [ 5.9059627  -3.66640604  0.82348737 -5.44366119 -7.29099516  1.53058076
  1.48477371 -1.41125667 -3.54441139 -6.78134094]_[-4.11124193 -0.48435296  2.07683308 -4.7794828  -3.51627978 -5.48183334
 -0.82843837 -7.21257084  1.8257072  -2.03294821] 

Minimum Distance Within Rutherford Scattering 4.2 

Converging After Rutherford Scattering [ 6.93734007 -3.46670573  1.41509395 -5.36299979 -9.13480589  2.16941122
  2.21330784 -1.46797728 -3.92514359 -7.77078765]_[-4.25729351 -0.60560397  3.32130395 -5.90864866 -4.44914253 -6.02898585
 -0.84455838 -8.37991824  3.44211001 -0.83387077] 

drones next lat [48.33579825 48.33583028 48.33586599 48.33578242 48.33579526 48.33578194
 48.33582858 48.3357605  48.33586666 48.33582789] drones next lon [14.32673811 14.3265973  14.3266627  14.32657234 14.32652128 14.32667398
 14.32667396 14.32662519 14.32659063 14.32653925] 
WayPoint_Count 69 

Leader Index 4 

Leader Contour 186.5 

Contour Threshold 175 

Converging Before Rutherford Scattering [ 5.49050856 -5.53723533  0.60806322 -6.77502732 -9.924069   -0.33734607
  0.62969825 -2.57552519 -4.10810365 -7.74346004]_[-5.11432928 -0.81834933  1.53965987 -4.29548714 -5.06319768 -6.60264203
 -0.50346781 -6.72706361  2.1674378  -2.02524752] 

Minimum Distance Within Rutherford Scattering 4.2 

Converging After Rutherford Scattering [  6.27921128  -5.30877087   1.25766108  -6.7913924  -11.24244971
   0.72742855   1.24752005  -3.04317165  -4.22900313  -9.16952978]_[-5.30869204 -0.39631836  2.92199109 -5.22061584 -5.75668004 -7.20095043
 -1.00634846 -7.6516651   3.50443318 -1.32784073] 

drones next lat [48.33578874 48.33583202 48.33586239 48.3357885  48.33578333 48.33577128
 48.33582705 48.33576693 48.33586719 48.33582333] drones next lon [14.32672935 14.32657242 14.32666062 14.32655299 14.32649299 14.32665467
 14.32666095 14.32660385 14.32658652 14.32652044] 
WayPoint_Count 70 

Leader Index 3 

Leader Contour 158.5 

Contour Threshold 175 

Previous Drone Positions [  6.27921128  -5.30877087   1.25766108  -6.7913924  -11.24244971
   0.72742855   1.24752005  -3.04317165  -4.22900313  -9.16952978]_[-5.30869204 -0.39631836  2.92199109 -5.22061584 -5.75668004 -7.20095043
 -1.00634846 -7.6516651   3.50443318 -1.32784073] 

Mean Previous Drone Positions [-3.02724966 -3.02724966 -3.02724966 -3.02724966 -3.02724966 -3.02724966
 -3.02724966 -3.02724966 -3.02724966 -3.02724966]_[-2.74426867 -2.74426867 -2.74426867 -2.74426867 -2.74426867 -2.74426867
 -2.74426867 -2.74426867 -2.74426867 -2.74426867] 

relative Drone Positions [ 18.9  14.7  10.5   6.3   2.1  -2.1  -6.3 -10.5 -14.7 -18.9]_[-0. -0. -0. -0.  0.  0.  0.  0.  0.  0.] 

current starting Drone Positions [ 15.87275034  11.67275034   7.47275034   3.27275034  -0.92724966
  -5.12724966  -9.32724966 -13.52724966 -17.72724966 -21.92724966]_[-2.74426867 -2.74426867 -2.74426867 -2.74426867 -2.74426867 -2.74426867
 -2.74426867 -2.74426867 -2.74426867 -2.74426867] 

scanning direction vector [0. 0. 0. 0. 0. 0. 0. 0. 0. 0.]_[2. 2. 2. 2. 2. 2. 2. 2. 2. 2.] 

changing back speed 0.3 

velocity vector [ 2.87806172  5.09445636  1.86452678  3.01924282  3.09456002 -1.75640346
 -3.17243091 -3.1452234  -4.04947396 -3.82731596]_[2.76932701 1.29561491 0.30012207 2.74290415 2.90372341 3.33700453
 1.47862394 3.47221893 0.12538944 1.57507162] 

Moving Straight [  9.157273    -0.2143145    3.12218786  -3.77214958  -8.1478897
  -1.02897492  -1.92491086  -6.18839505  -8.27847709 -12.99684574]_[-2.53936503  0.89929655  3.22211316 -2.47771169 -2.85295663 -3.8639459
  0.47227547 -4.17944617  3.62982262  0.24723088] 

drones next lat [48.33581388 48.33584408 48.33586523 48.33581341 48.33580969 48.33580116
 48.3358401  48.33579791 48.335868   48.3358372 ] drones next lon [14.32676786 14.326641   14.32668574 14.3265934  14.3265344  14.32663057
 14.32661797 14.326561   14.32653187 14.32646861] 
WayPoint_Count 71 

Leader Index 4 

Leader Contour 205.5 

Contour Threshold 175 

Converging Before Rutherford Scattering [  6.89585477  -1.26243661   2.08718478  -5.1173679   -8.71909159
  -2.0470331   -3.04235219  -7.52953358  -8.08578035 -10.63001974]_[-1.61046498  0.69428126  2.96132924 -1.88650333 -3.67376622 -3.85552801
 -1.23318917 -4.00735028  2.61854448 -0.09855074] 

Minimum Distance Within Rutherford Scattering 4.2 

Converging After Rutherford Scattering [  7.50499704  -0.57707257   2.91147353  -5.82505563 -10.58881817
  -1.15838749  -2.43891971  -7.12777979  -8.3198421  -11.83117061]_[-1.75883559  1.7211424   3.73809719 -1.69055123 -4.14928246 -5.21243116
 -1.1151748  -5.65115786  3.71997888  0.30701686] 

drones next lat [48.33582077 48.33585144 48.33586986 48.33582033 48.33579784 48.33578902
 48.33582578 48.3357846  48.33586881 48.33583783] drones next lon [14.32674547 14.32663601 14.32668284 14.32656561 14.32650162 14.32662899
 14.32661122 14.3265485  14.3265313  14.32648433] 
WayPoint_Count 72 

Leader Index 4 

Leader Contour 112.5 

Contour Threshold 175 

Previous Drone Positions [  7.50499704  -0.57707257   2.91147353  -5.82505563 -10.58881817
  -1.15838749  -2.43891971  -7.12777979  -8.3198421  -11.83117061]_[-1.75883559  1.7211424   3.73809719 -1.69055123 -4.14928246 -5.21243116
 -1.1151748  -5.65115786  3.71997888  0.30701686] 

Mean Previous Drone Positions [-3.74505755 -3.74505755 -3.74505755 -3.74505755 -3.74505755 -3.74505755
 -3.74505755 -3.74505755 -3.74505755 -3.74505755]_[-1.00911978 -1.00911978 -1.00911978 -1.00911978 -1.00911978 -1.00911978
 -1.00911978 -1.00911978 -1.00911978 -1.00911978] 

relative Drone Positions [ 18.9  14.7  10.5   6.3   2.1  -2.1  -6.3 -10.5 -14.7 -18.9]_[-0. -0. -0. -0.  0.  0.  0.  0.  0.  0.] 

current starting Drone Positions [ 15.15494245  10.95494245   6.75494245   2.55494245  -1.64505755
  -5.84505755 -10.04505755 -14.24505755 -18.44505755 -22.64505755]_[-1.00911978 -1.00911978 -1.00911978 -1.00911978 -1.00911978 -1.00911978
 -1.00911978 -1.00911978 -1.00911978 -1.00911978] 

scanning direction vector [0. 0. 0. 0. 0. 0. 0. 0. 0. 0.]_[2. 2. 2. 2. 2. 2. 2. 2. 2. 2.] 

changing back speed 0.3 

velocity vector [ 2.29498362  3.45960451  1.15304067  2.51399942  2.68312819 -1.40600102
 -2.28184135 -2.13518333 -3.03756464 -3.24416608]_[2.22491474 1.18092135 0.57583491 2.20442944 2.9420488  3.26099341
 2.03181651 3.39261143 0.5812704  1.60515901] 

Moving Straight [  9.79998066   2.88253194   4.06451421  -3.31105621  -7.90568999
  -2.56438851  -4.72076107  -9.26296312 -11.35740674 -15.07533669]_[ 0.46607916  2.90206375  4.3139321   0.5138782  -1.20723365 -1.95143774
  0.91664171 -2.25854643  4.30124929  1.91217587] 

drones next lat [48.33584097 48.33586234 48.33587513 48.33584036 48.33582452 48.33581824
 48.33584388 48.33581495 48.3358738  48.33585201] drones next lon [14.32677617 14.32668255 14.32669833 14.32659926 14.32653748 14.32660963
 14.3265802  14.32651929 14.32649025 14.32644037] 
WayPoint_Count 73 

Leader Index 4 

Leader Contour 155.0 

Contour Threshold 175 

Previous Drone Positions [  9.79998066   2.88253194   4.06451421  -3.31105621  -7.90568999
  -2.56438851  -4.72076107  -9.26296312 -11.35740674 -15.07533669]_[ 0.46607916  2.90206375  4.3139321   0.5138782  -1.20723365 -1.95143774
  0.91664171 -2.25854643  4.30124929  1.91217587] 

Mean Previous Drone Positions [-3.74505755 -3.74505755 -3.74505755 -3.74505755 -3.74505755 -3.74505755
 -3.74505755 -3.74505755 -3.74505755 -3.74505755]_[0.99088022 0.99088022 0.99088022 0.99088022 0.99088022 0.99088022
 0.99088022 0.99088022 0.99088022 0.99088022] 

relative Drone Positions [ 18.9  14.7  10.5   6.3   2.1  -2.1  -6.3 -10.5 -14.7 -18.9]_[-0. -0. -0. -0.  0.  0.  0.  0.  0.  0.] 

current starting Drone Positions [ 15.15494245  10.95494245   6.75494245   2.55494245  -1.64505755
  -5.84505755 -10.04505755 -14.24505755 -18.44505755 -22.64505755]_[0.99088022 0.99088022 0.99088022 0.99088022 0.99088022 0.99088022
 0.99088022 0.99088022 0.99088022 0.99088022] 

scanning direction vector [0. 0. 0. 0. 0. 0. 0. 0. 0. 0.]_[2. 2. 2. 2. 2. 2. 2. 2. 2. 2.] 

changing back speed 0.3 

velocity vector [ 1.60648854  2.42172315  0.80712847  1.7597996   1.87818973 -0.98420071
 -1.59728895 -1.49462833 -2.12629524 -2.27091626]_[2.15744032 1.42664494 1.00308444 2.14310061 2.65943416 2.88269539
 2.02227155 2.974828   1.00688928 1.72361131] 

Moving Straight [ 11.4064692    5.30425509   4.87164268  -1.55125661  -6.02750026
  -3.54858922  -6.31805001 -10.75759145 -13.48370198 -17.34625295]_[2.62351948 4.32870869 5.31701654 2.65697881 1.45220051 0.93125765
 2.93891326 0.71628156 5.30813857 3.63578718] 

drones next lat [48.3358605  48.33587536 48.33588422 48.33585978 48.33584859 48.3358441
 48.33586194 48.3358416  48.33588269 48.33586734] drones next lon [14.32679759 14.32671505 14.3267091  14.32662275 14.3265625  14.32659601
 14.32655841 14.32649877 14.32646144 14.32640952] 
WayPoint_Count 74 

Leader Index 5 

Leader Contour 157.5 

Contour Threshold 175 

Previous Drone Positions [ 11.4064692    5.30425509   4.87164268  -1.55125661  -6.02750026
  -3.54858922  -6.31805001 -10.75759145 -13.48370198 -17.34625295]_[2.62351948 4.32870869 5.31701654 2.65697881 1.45220051 0.93125765
 2.93891326 0.71628156 5.30813857 3.63578718] 

Mean Previous Drone Positions [-3.74505755 -3.74505755 -3.74505755 -3.74505755 -3.74505755 -3.74505755
 -3.74505755 -3.74505755 -3.74505755 -3.74505755]_[2.99088022 2.99088022 2.99088022 2.99088022 2.99088022 2.99088022
 2.99088022 2.99088022 2.99088022 2.99088022] 

relative Drone Positions [ 18.9  14.7  10.5   6.3   2.1  -2.1  -6.3 -10.5 -14.7 -18.9]_[-0. -0. -0. -0.  0.  0.  0.  0.  0.  0.] 

current starting Drone Positions [ 15.15494245  10.95494245   6.75494245   2.55494245  -1.64505755
  -5.84505755 -10.04505755 -14.24505755 -18.44505755 -22.64505755]_[2.99088022 2.99088022 2.99088022 2.99088022 2.99088022 2.99088022
 2.99088022 2.99088022 2.99088022 2.99088022] 

scanning direction vector [0. 0. 0. 0. 0. 0. 0. 0. 0. 0.]_[2. 2. 2. 2. 2. 2. 2. 2. 2. 2.] 

changing back speed 0.3 

velocity vector [ 1.12454198  1.69520621  0.56498993  1.23185972  1.31473281 -0.6889405
 -1.11810226 -1.04623983 -1.48840667 -1.58964138]_[2.11020822 1.59865146 1.30215911 2.10017042 2.46160391 2.61788677
 2.01559009 2.6823796  1.3048225  1.80652791] 

Moving Straight [ 12.53101117   6.9994613    5.43663261  -0.31939689  -4.71276744
  -4.23752972  -7.43615227 -11.80383128 -14.97210865 -18.93589433]_[4.7337277  5.92736015 6.61917564 4.75714923 3.91380442 3.54914442
 4.95450335 3.39866116 6.61296106 5.44231509] 

drones next lat [48.33587958 48.33588988 48.33589598 48.33587877 48.33587084 48.3358676
 48.33587999 48.33586564 48.33589431 48.33588347] drones next lon [14.32681251 14.32673774 14.32671657 14.32663913 14.32657995 14.3265864
 14.32654308 14.32648433 14.32644121 14.32638786] 
WayPoint_Count 75 

Leader Index 5 

Leader Contour 200.5 

Contour Threshold 175 

Converging Before Rutherford Scattering [ 11.15425958   4.2842286    4.33318896  -1.88886944  -2.53715139
  -3.40965531  -4.86224568 -10.75454819 -13.33575928 -17.14737163]_[5.37875317 6.16483632 5.41806466 5.10768678 3.50448958 2.98823091
 3.48054139 3.74970068 5.10607439 4.20603763] 

Minimum Distance Within Rutherford Scattering 4.2 

Converging After Rutherford Scattering [ 11.71007856   4.61087393   4.93835491  -1.56849157  -1.01322038
  -3.90933708  -6.25177419 -10.76506944 -13.87797461 -18.0373639 ]_[5.37962804 7.89564619 3.95827156 6.87561377 2.99487817 0.84850698
 4.04282457 3.31995976 5.71546766 4.07361883] 

drones next lat [48.33588532 48.3359074  48.335872   48.33589773 48.33586286 48.33584333
 48.33587188 48.33586502 48.33588632 48.33587122] drones next lon [14.32680136 14.32670528 14.32671016 14.32662202 14.32662997 14.32659115
 14.32655917 14.32649836 14.32645607 14.32640015] 
WayPoint_Count 76 

Leader Index 4 

Leader Contour 166.5 

Contour Threshold 175 

Previous Drone Positions [ 11.71007856   4.61087393   4.93835491  -1.56849157  -1.01322038
  -3.90933708  -6.25177419 -10.76506944 -13.87797461 -18.0373639 ]_[5.37962804 7.89564619 3.95827156 6.87561377 2.99487817 0.84850698
 4.04282457 3.31995976 5.71546766 4.07361883] 

Mean Previous Drone Positions [-3.41639238 -3.41639238 -3.41639238 -3.41639238 -3.41639238 -3.41639238
 -3.41639238 -3.41639238 -3.41639238 -3.41639238]_[4.51044155 4.51044155 4.51044155 4.51044155 4.51044155 4.51044155
 4.51044155 4.51044155 4.51044155 4.51044155] 

relative Drone Positions [ 18.9  14.7  10.5   6.3   2.1  -2.1  -6.3 -10.5 -14.7 -18.9]_[-0. -0. -0. -0.  0.  0.  0.  0.  0.  0.] 

current starting Drone Positions [ 15.48360762  11.28360762   7.08360762   2.88360762  -1.31639238
  -5.51639238  -9.71639238 -13.91639238 -18.11639238 -22.31639238]_[4.51044155 4.51044155 4.51044155 4.51044155 4.51044155 4.51044155
 4.51044155 4.51044155 4.51044155 4.51044155] 

scanning direction vector [0. 0. 0. 0. 0. 0. 0. 0. 0. 0.]_[2. 2. 2. 2. 2. 2. 2. 2. 2. 2.] 

changing back speed 0.3 

velocity vector [ 1.13205872  2.00182011  0.64357581  1.33562976 -0.0909516  -0.48211659
 -1.03938546 -0.94539688 -1.27152533 -1.28370854]_[1.73924405 0.98443861 2.165651   1.29044834 2.45466901 3.09858037
 2.1402851  2.35714454 1.63849217 2.13104682] 

Moving Straight [ 12.84213728   6.61269404   5.58193072  -0.23286181  -1.10417198
  -4.39145367  -7.29115965 -11.71046632 -15.14949994 -19.32107245]_[7.11887209 8.8800848  6.12392256 8.1660621  5.44954719 3.94708735
 6.18310966 5.6771043  7.35395983 6.20466565] 

drones next lat [48.33590106 48.33591641 48.33589153 48.33590945 48.33588494 48.33587116
 48.33589105 48.33588615 48.33590096 48.33589029] drones next lon [14.32681643 14.32673217 14.32671859 14.32663989 14.32662846 14.32658428
 14.32654489 14.32648532 14.32643872 14.32638257] 
WayPoint_Count 77 

Leader Index 4 

Leader Contour 229.0 

Contour Threshold 175 

Converging Before Rutherford Scattering [ 11.4770318    5.78284337   4.40590886  -1.82662727  -1.23767152
  -1.82095656  -5.32780072  -9.54893675 -13.82807553 -17.58770513]_[6.09714293 7.99986746 5.34218606 6.44562708 4.45849831 4.11872157
 6.94736996 6.62099679 7.83611622 5.1575624 ] 

Minimum Distance Within Rutherford Scattering 4.2 

Converging After Rutherford Scattering [ 12.07492978   6.30842752   4.85629488  -1.68247304   0.30521473
  -3.09769495  -5.83347475  -9.96436875 -14.27661188 -18.202233  ]_[6.04314064 8.84867435 4.72843952 7.80981411 4.09495958 2.42642582
 7.41597656 6.50446043 8.25691021 4.89528757] 

drones next lat [48.33589132 48.3359161  48.33587892 48.33590613 48.33587286 48.33585759
 48.33590226 48.33589373 48.33590915 48.3358786 ] drones next lon [14.32680621 14.32672807 14.32670896 14.32662037 14.32664763 14.32660192
 14.32656441 14.32650878 14.32645039 14.32639783] 
WayPoint_Count 78 

Leader Index 4 

Leader Contour 230.5 

Contour Threshold 175 

Converging Before Rutherford Scattering [  9.26618624   5.39499511   3.85120712   0.17996472  -0.4535881
  -0.77471107  -4.88093489  -7.24174532 -12.74321949 -16.10304584]_[6.26588601 8.36313346 4.23411108 5.6518522  3.44363919 4.15664769
 7.05550429 5.41626761 6.78709301 3.81400031] 

Minimum Distance Within Rutherford Scattering 4.2 

Converging After Rutherford Scattering [ 10.16145748   5.77658263   4.68463441   0.77835922   0.03597385
  -2.08115593  -5.0456084   -8.01169055 -13.10254395 -16.70090027]_[6.20663039 9.19846872 3.64528944 6.99310347 1.20373998 4.29037119
 8.0266465  4.95009698 7.16981603 3.50397214] 

drones next lat [48.33589264 48.33591921 48.33586917 48.33589897 48.33584683 48.33587443
 48.33590781 48.3358799  48.33589947 48.3358662 ] drones next lon [14.32678037 14.32672085 14.32670678 14.32665367 14.32664434 14.32661541
 14.32657497 14.32653532 14.32646636 14.32641825] 
WayPoint_Count 79 

Leader Index 4 

Leader Contour 132.5 

Contour Threshold 175 

Previous Drone Positions [ 10.16145748   5.77658263   4.68463441   0.77835922   0.03597385
  -2.08115593  -5.0456084   -8.01169055 -13.10254395 -16.70090027]_[6.20663039 9.19846872 3.64528944 6.99310347 1.20373998 4.29037119
 8.0266465  4.95009698 7.16981603 3.50397214] 

Mean Previous Drone Positions [-2.35048915 -2.35048915 -2.35048915 -2.35048915 -2.35048915 -2.35048915
 -2.35048915 -2.35048915 -2.35048915 -2.35048915]_[5.51881349 5.51881349 5.51881349 5.51881349 5.51881349 5.51881349
 5.51881349 5.51881349 5.51881349 5.51881349] 

relative Drone Positions [ 18.9  14.7  10.5   6.3   2.1  -2.1  -6.3 -10.5 -14.7 -18.9]_[-0. -0. -0. -0.  0.  0.  0.  0.  0.  0.] 

current starting Drone Positions [ 16.54951085  12.34951085   8.14951085   3.94951085  -0.25048915
  -4.45048915  -8.65048915 -12.85048915 -17.05048915 -21.25048915]_[5.51881349 5.51881349 5.51881349 5.51881349 5.51881349 5.51881349
 5.51881349 5.51881349 5.51881349 5.51881349] 

scanning direction vector [0. 0. 0. 0. 0. 0. 0. 0. 0. 0.]_[2. 2. 2. 2. 2. 2. 2. 2. 2. 2.] 

changing back speed 0.3 

velocity vector [ 1.91641601  1.97187847  1.03946293  0.95134549 -0.0859389  -0.71079997
 -1.08146422 -1.45163958 -1.18438356 -1.36487666]_[1.79365493 0.89610343 2.56205721 1.557713   3.29452205 2.36853269
 1.2476501  2.17061495 1.50469924 2.6044524 ] 

Moving Straight [ 12.07787349   7.74846109   5.72409734   1.72970471  -0.04996505
  -2.7919559   -6.12707263  -9.46333013 -14.28692751 -18.06577694]_[ 8.00028532 10.09457215  6.20734665  8.55081648  4.49826203  6.65890388
  9.2742966   7.12071193  8.67451526  6.10842454] 

drones next lat [48.33590893 48.33592743 48.3358923  48.33591306 48.33587646 48.33589569
 48.33591895 48.33589931 48.33591291 48.33588953] drones next lon [14.32680601 14.32674735 14.3267205  14.32666633 14.32664279 14.32660554
 14.32656023 14.32651547 14.32645021 14.32639952] 
WayPoint_Count 80 

Leader Index 5 

Leader Contour 250.0 

Contour Threshold 175 

Converging Before Rutherford Scattering [  9.36537821   4.86424047   2.74313185  -1.11207001  -2.3885588
  -1.8222746   -3.65919881  -7.58980797 -13.16351906 -15.06915039]_[7.12723023 9.28948032 6.49267412 7.85920917 5.09528585 6.90327691
 7.59221943 5.99003126 7.79675982 6.11605987] 

Minimum Distance Within Rutherford Scattering 4.2 

Converging After Rutherford Scattering [ 10.13854878   5.52178474   3.47137084  -0.19435498  -2.68068288
  -1.57478462  -4.92068814  -8.32759202 -13.21206207 -16.05336877]_[ 6.99497645 10.08179214  5.7840271   9.78235367  2.96719568  6.35792431
  8.652969    5.60159177  8.48861149  5.55078535] 

drones next lat [48.33589973 48.33592713 48.33588831 48.33592399 48.33586248 48.33589307
 48.33591346 48.33588574 48.33591132 48.33588467] drones next lon [14.32677997 14.32671731 14.32669015 14.32664022 14.32660748 14.326622
 14.32657658 14.32653098 14.32646473 14.32642674] 
WayPoint_Count 81 

Leader Index 4 

Leader Contour 185.0 

Contour Threshold 175 

Converging Before Rutherford Scattering [  7.87901317   4.99770712   1.51092073   0.12015964  -3.47771831
  -2.58534243  -4.39608859  -6.41654122 -12.43644264 -14.89652882]_[5.45928736 8.93343331 3.96154973 7.91124407 3.57112824 3.53585753
 7.77019329 5.75116799 7.46729645 4.58064327] 

Minimum Distance Within Rutherford Scattering 4.2 

Converging After Rutherford Scattering [  8.67049437   5.54301678   2.43630966   0.39450943  -4.87347338
  -1.44203886  -4.51627698  -7.52152738 -12.78811527 -15.60375969]_[5.19790997 9.59540029 3.38155707 8.68214607 2.55440384 2.71495559
 8.91549497 5.73647636 8.00344824 4.16000885] 

drones next lat [48.33588345 48.33592276 48.33586662 48.33591414 48.3358586  48.33586031
 48.33591585 48.33588701 48.33590699 48.33587219] drones next lon [14.32676037 14.32671765 14.32667647 14.32664829 14.32657794 14.32662422
 14.32658201 14.32654184 14.32647051 14.32643297] 
WayPoint_Count 82 

Leader Index 4 

Leader Contour 122.0 

Contour Threshold 175 

Previous Drone Positions [  8.67049437   5.54301678   2.43630966   0.39450943  -4.87347338
  -1.44203886  -4.51627698  -7.52152738 -12.78811527 -15.60375969]_[5.19790997 9.59540029 3.38155707 8.68214607 2.55440384 2.71495559
 8.91549497 5.73647636 8.00344824 4.16000885] 

Mean Previous Drone Positions [-2.97008613 -2.97008613 -2.97008613 -2.97008613 -2.97008613 -2.97008613
 -2.97008613 -2.97008613 -2.97008613 -2.97008613]_[5.89418012 5.89418012 5.89418012 5.89418012 5.89418012 5.89418012
 5.89418012 5.89418012 5.89418012 5.89418012] 

relative Drone Positions [ 18.9  14.7  10.5   6.3   2.1  -2.1  -6.3 -10.5 -14.7 -18.9]_[-0. -0. -0. -0.  0.  0.  0.  0.  0.  0.] 

current starting Drone Positions [ 15.92991387  11.72991387   7.52991387   3.32991387  -0.87008613
  -5.07008613  -9.27008613 -13.47008613 -17.67008613 -21.87008613]_[5.89418012 5.89418012 5.89418012 5.89418012 5.89418012 5.89418012
 5.89418012 5.89418012 5.89418012 5.89418012] 

scanning direction vector [0. 0. 0. 0. 0. 0. 0. 0. 0. 0.]_[2. 2. 2. 2. 2. 2. 2. 2. 2. 2.] 

changing back speed 0.3 

velocity vector [ 2.17782585  1.85606913  1.52808126  0.88062133  1.20101617 -1.08841418
 -1.42614275 -1.78456763 -1.46459126 -1.87989793]_[2.20888105 0.88963395 2.75378692 1.16361022 3.00193289 2.95376736
 1.09360555 2.04731113 1.36721957 2.52025138] 

Moving Straight [ 10.84832022   7.3990859    3.96439092   1.27513076  -3.67245721
  -2.53045304  -5.94241973  -9.30609501 -14.25270653 -17.48365763]_[ 7.40679101 10.48503424  6.13534398  9.84575628  5.55633672  5.66872295
 10.00910052  7.78378749  9.3706678   6.68026023] 

drones next lat [48.33590349 48.33593091 48.33589151 48.33592468 48.3358857  48.3358868
 48.33592557 48.33590529 48.33591918 48.33589472] drones next lon [14.32678949 14.32674259 14.32669676 14.32666004 14.32659379 14.32660919
 14.32656264 14.32651752 14.32645058 14.32640731] 
WayPoint_Count 83 

Leader Index 4 

Leader Contour 210.0 

Contour Threshold 175 

Converging Before Rutherford Scattering [  8.01402011   6.4844562    2.96491109   0.60268687  -2.70327538
  -5.28217759  -4.0346303   -6.88620748 -11.49116932 -16.03262779]_[ 7.68019201 10.08072483  5.88226118  9.08021633  5.30999025  4.82449303
  8.19375517  7.87691338  9.16721451  7.35817404] 

Minimum Distance Within Rutherford Scattering 4.2 

Converging After Rutherford Scattering [  8.99290869   6.78268508   3.44585685   0.87359371  -2.01865019
  -6.07264412  -3.85056337  -7.76580619 -12.04466046 -16.70673359]_[ 7.18243711 10.98377443  5.20779497  9.82936314  4.46485476  3.6222341
  9.14450579  8.21925539  9.57567097  7.22404408] 

drones next lat [48.33590133 48.33593535 48.33588312 48.3359245  48.33587601 48.33586811
 48.33591796 48.33590933 48.33592119 48.33589967] drones next lon [14.32676449 14.32673421 14.32668988 14.32665462 14.32661623 14.32656164
 14.32659096 14.32653825 14.32648035 14.32641773] 
WayPoint_Count 84 

Leader Index 4 

Leader Contour 172.0 

Contour Threshold 175 

Previous Drone Positions [  8.99290869   6.78268508   3.44585685   0.87359371  -2.01865019
  -6.07264412  -3.85056337  -7.76580619 -12.04466046 -16.70673359]_[ 7.18243711 10.98377443  5.20779497  9.82936314  4.46485476  3.6222341
  9.14450579  8.21925539  9.57567097  7.22404408] 

Mean Previous Drone Positions [-2.83640136 -2.83640136 -2.83640136 -2.83640136 -2.83640136 -2.83640136
 -2.83640136 -2.83640136 -2.83640136 -2.83640136]_[7.54539347 7.54539347 7.54539347 7.54539347 7.54539347 7.54539347
 7.54539347 7.54539347 7.54539347 7.54539347] 

relative Drone Positions [ 18.9  14.7  10.5   6.3   2.1  -2.1  -6.3 -10.5 -14.7 -18.9]_[-0. -0. -0. -0.  0.  0.  0.  0.  0.  0.] 

current starting Drone Positions [ 16.06359864  11.86359864   7.66359864   3.46359864  -0.73640136
  -4.93640136  -9.13640136 -13.33640136 -17.53640136 -21.73640136]_[7.54539347 7.54539347 7.54539347 7.54539347 7.54539347 7.54539347
 7.54539347 7.54539347 7.54539347 7.54539347] 

scanning direction vector [0. 0. 0. 0. 0. 0. 0. 0. 0. 0.]_[2. 2. 2. 2. 2. 2. 2. 2. 2. 2.] 

changing back speed 0.3 

velocity vector [ 2.12120698  1.52427407  1.26532254  0.77700148  0.38467465  0.34087283
 -1.5857514  -1.67117855 -1.64752227 -1.50890033]_[2.10888691 0.96848571 2.70127955 1.3148091  2.92416161 3.17694781
 1.52026631 1.79784142 1.39091675 2.09640482] 

Moving Straight [ 11.11411568   8.30695915   4.71117938   1.65059519  -1.63397554
  -5.73177129  -5.43631477  -9.43698474 -13.69218273 -18.21563392]_[ 9.29132402 11.95226014  7.90907452 11.14417224  7.38901637  6.79918191
 10.66477209 10.01709682 10.96658772  9.3204489 ] 

drones next lat [48.33592046 48.33594418 48.33590752 48.33593639 48.33590234 48.33589672
 48.33593151 48.33592537 48.33593358 48.33591841] drones next lon [14.32679286 14.32675467 14.32670663 14.32666495 14.32662108 14.32656586
 14.32656939 14.32651548 14.32645796 14.32639712] 
WayPoint_Count 85 

Leader Index 4 

Leader Contour 190.0 

Contour Threshold 175 

Converging Before Rutherford Scattering [  8.3367346    5.53089415   2.14600959  -0.26409886  -0.90840017
  -4.13337274  -4.91286231  -8.36750262 -10.89986892 -15.39083474]_[ 9.59710068 11.40325991  6.9253439   8.8372528   8.07715908  8.008617
  9.23146813  8.81491129 10.88197371  8.54373678] 

Minimum Distance Within Rutherford Scattering 4.2 

Converging After Rutherford Scattering [  9.33050131   5.77877951   3.17159177   0.54066744  -0.99110504
  -4.5707879   -5.30411083  -9.07020416 -11.63525905 -16.11337507]_[ 9.37034904 12.16282002  5.98954118 10.44077199  6.76344725  6.58169641
 10.70885665  8.26820222 11.66658154  8.36855698] 

drones next lat [48.33592104 48.33594588 48.33589013 48.33592997 48.33589677 48.33589485
 48.33593192 48.33590967 48.33594004 48.33591001] drones next lon [14.32676878 14.32672053 14.32668608 14.32665006 14.32662983 14.32658155
 14.32657117 14.32652064 14.32648563 14.3264256 ] 
WayPoint_Count 86 

Leader Index 5 

Leader Contour 149.0 

Contour Threshold 175 

Previous Drone Positions [  9.33050131   5.77877951   3.17159177   0.54066744  -0.99110504
  -4.5707879   -5.30411083  -9.07020416 -11.63525905 -16.11337507]_[ 9.37034904 12.16282002  5.98954118 10.44077199  6.76344725  6.58169641
 10.70885665  8.26820222 11.66658154  8.36855698] 

Mean Previous Drone Positions [-2.8863302 -2.8863302 -2.8863302 -2.8863302 -2.8863302 -2.8863302
 -2.8863302 -2.8863302 -2.8863302 -2.8863302]_[9.03208233 9.03208233 9.03208233 9.03208233 9.03208233 9.03208233
 9.03208233 9.03208233 9.03208233 9.03208233] 

relative Drone Positions [ 18.9  14.7  10.5   6.3   2.1  -2.1  -6.3 -10.5 -14.7 -18.9]_[-0. -0. -0. -0.  0.  0.  0.  0.  0.  0.] 

current starting Drone Positions [ 16.0136698  11.8136698   7.6136698   3.4136698  -0.7863302  -4.9863302
  -9.1863302 -13.3863302 -17.5863302 -21.7863302]_[9.03208233 9.03208233 9.03208233 9.03208233 9.03208233 9.03208233
 9.03208233 9.03208233 9.03208233 9.03208233] 

scanning direction vector [0. 0. 0. 0. 0. 0. 0. 0. 0. 0.]_[2. 2. 2. 2. 2. 2. 2. 2. 2. 2.] 

changing back speed 0.3 

velocity vector [ 2.00495055  1.81046709  1.33262341  0.86190071  0.06143245 -0.12466269
 -1.16466581 -1.29483781 -1.78532134 -1.70188654]_[1.89851999 1.06077869 2.91276234 1.5773931  2.68059052 2.73511577
 1.4969677  2.22916403 1.20965024 2.1990576 ] 

Moving Straight [ 11.33545186   7.5892466    4.50421518   1.40256815  -0.92967259
  -4.69545059  -6.46877664 -10.36504197 -13.4205804  -17.81526161]_[11.26886902 13.22359871  8.90230352 12.01816509  9.44403777  9.31681219
 12.20582436 10.49736625 12.87623178 10.56761459] 

drones next lat [48.33593827 48.33595556 48.33591644 48.33594423 48.33592089 48.33591945
 48.3359453  48.33592962 48.33595078 48.33592966] drones next lon [14.32679561 14.32674483 14.32670372 14.3266615  14.32663034 14.32657954
 14.32655527 14.32650291 14.3264614  14.32640238] 
WayPoint_Count 87 

Leader Index 4 

Leader Contour 134.0 

Contour Threshold 175 

Previous Drone Positions [ 11.33545186   7.5892466    4.50421518   1.40256815  -0.92967259
  -4.69545059  -6.46877664 -10.36504197 -13.4205804  -17.81526161]_[11.26886902 13.22359871  8.90230352 12.01816509  9.44403777  9.31681219
 12.20582436 10.49736625 12.87623178 10.56761459] 

Mean Previous Drone Positions [-2.8863302 -2.8863302 -2.8863302 -2.8863302 -2.8863302 -2.8863302
 -2.8863302 -2.8863302 -2.8863302 -2.8863302]_[11.03208233 11.03208233 11.03208233 11.03208233 11.03208233 11.03208233
 11.03208233 11.03208233 11.03208233 11.03208233] 

relative Drone Positions [ 18.9  14.7  10.5   6.3   2.1  -2.1  -6.3 -10.5 -14.7 -18.9]_[-0. -0. -0. -0.  0.  0.  0.  0.  0.  0.] 

current starting Drone Positions [ 16.0136698  11.8136698   7.6136698   3.4136698  -0.7863302  -4.9863302
  -9.1863302 -13.3863302 -17.5863302 -21.7863302]_[11.03208233 11.03208233 11.03208233 11.03208233 11.03208233 11.03208233
 11.03208233 11.03208233 11.03208233 11.03208233] 

scanning direction vector [0. 0. 0. 0. 0. 0. 0. 0. 0. 0.]_[2. 2. 2. 2. 2. 2. 2. 2. 2. 2.] 

changing back speed 0.3 

velocity vector [ 1.40346538  1.26732696  0.93283639  0.6033305   0.04300272 -0.08726388
 -0.81526607 -0.90638647 -1.24972494 -1.19132058]_[1.92896399 1.34254509 2.63893364 1.70417517 2.47641337 2.51458104
 1.64787739 2.16041482 1.44675517 2.13934032] 

Moving Straight [ 12.73891724   8.85657356   5.43705156   2.00589864  -0.88666987
  -4.78271447  -7.28404271 -11.27142844 -14.67030534 -19.00658219]_[13.19783302 14.56614379 11.54123717 13.72234026 11.92045114 11.83139323
 13.85370175 12.65778108 14.32298694 12.70695491] 

drones next lat [48.33595574 48.33596774 48.33594026 48.33595961 48.33594317 48.33594206
 48.33596006 48.33594898 48.33596369 48.33594881] drones next lon [14.32681432 14.32676177 14.32671599 14.32666944 14.32663062 14.32657807
 14.32654408 14.32649042 14.32644436 14.32638605] 
WayPoint_Count 88 

Leader Index 5 

Leader Contour 162.5 

Contour Threshold 175 

Previous Drone Positions [ 12.73891724   8.85657356   5.43705156   2.00589864  -0.88666987
  -4.78271447  -7.28404271 -11.27142844 -14.67030534 -19.00658219]_[13.19783302 14.56614379 11.54123717 13.72234026 11.92045114 11.83139323
 13.85370175 12.65778108 14.32298694 12.70695491] 

Mean Previous Drone Positions [-2.8863302 -2.8863302 -2.8863302 -2.8863302 -2.8863302 -2.8863302
 -2.8863302 -2.8863302 -2.8863302 -2.8863302]_[13.03208233 13.03208233 13.03208233 13.03208233 13.03208233 13.03208233
 13.03208233 13.03208233 13.03208233 13.03208233] 

relative Drone Positions [ 18.9  14.7  10.5   6.3   2.1  -2.1  -6.3 -10.5 -14.7 -18.9]_[-0. -0. -0. -0.  0.  0.  0.  0.  0.  0.] 

current starting Drone Positions [ 16.0136698  11.8136698   7.6136698   3.4136698  -0.7863302  -4.9863302
  -9.1863302 -13.3863302 -17.5863302 -21.7863302]_[13.03208233 13.03208233 13.03208233 13.03208233 13.03208233 13.03208233
 13.03208233 13.03208233 13.03208233 13.03208233] 

scanning direction vector [0. 0. 0. 0. 0. 0. 0. 0. 0. 0.]_[2. 2. 2. 2. 2. 2. 2. 2. 2. 2.] 

changing back speed 0.3 

velocity vector [ 0.98242577  0.88712887  0.65298547  0.42233135  0.0301019  -0.06108472
 -0.57068625 -0.63447053 -0.87480746 -0.8339244 ]_[1.95027479 1.53978156 2.44725355 1.79292262 2.33348936 2.36020673
 1.75351417 2.11229038 1.61272862 2.09753823] 

Moving Straight [ 13.72134301   9.74370243   6.09003703   2.42822999  -0.85656797
  -4.84379919  -7.85472896 -11.90589897 -15.5451128  -19.84050659]_[15.14810781 16.10592536 13.98849071 15.51526288 14.2539405  14.19159996
 15.60721592 14.77007145 15.93571556 14.80449313] 

drones next lat [48.33597336 48.33598166 48.33596232 48.33597577 48.33596416 48.33596329
 48.33597578 48.33596793 48.33597813 48.33596762] drones next lon [14.32682734 14.32677356 14.32672451 14.32667492 14.32663075 14.32657696
 14.32653617 14.32648161 14.32643237 14.32637455] 
WayPoint_Count 89 

Leader Index 5 

Leader Contour 156.5 

Contour Threshold 175 

Previous Drone Positions [ 13.72134301   9.74370243   6.09003703   2.42822999  -0.85656797
  -4.84379919  -7.85472896 -11.90589897 -15.5451128  -19.84050659]_[15.14810781 16.10592536 13.98849071 15.51526288 14.2539405  14.19159996
 15.60721592 14.77007145 15.93571556 14.80449313] 

Mean Previous Drone Positions [-2.8863302 -2.8863302 -2.8863302 -2.8863302 -2.8863302 -2.8863302
 -2.8863302 -2.8863302 -2.8863302 -2.8863302]_[15.03208233 15.03208233 15.03208233 15.03208233 15.03208233 15.03208233
 15.03208233 15.03208233 15.03208233 15.03208233] 

relative Drone Positions [ 18.9  14.7  10.5   6.3   2.1  -2.1  -6.3 -10.5 -14.7 -18.9]_[-0. -0. -0. -0.  0.  0.  0.  0.  0.  0.] 

current starting Drone Positions [ 16.0136698  11.8136698   7.6136698   3.4136698  -0.7863302  -4.9863302
  -9.1863302 -13.3863302 -17.5863302 -21.7863302]_[15.03208233 15.03208233 15.03208233 15.03208233 15.03208233 15.03208233
 15.03208233 15.03208233 15.03208233 15.03208233] 

scanning direction vector [0. 0. 0. 0. 0. 0. 0. 0. 0. 0.]_[2. 2. 2. 2. 2. 2. 2. 2. 2. 2.] 

changing back speed 0.3 

velocity vector [ 0.68769804  0.62099021  0.45708983  0.29563194  0.02107133 -0.0427593
 -0.39948037 -0.44412937 -0.61236522 -0.58374708]_[1.96519236 1.67784709 2.31307748 1.85504583 2.23344255 2.25214471
 1.82745992 2.07860326 1.72891003 2.06827676] 

Moving Straight [ 14.40904104  10.36469264   6.54712686   2.72386193  -0.83549664
  -4.8865585   -8.25420933 -12.35002834 -16.15747802 -20.42425368]_[17.11330016 17.78377245 16.3015682  17.37030872 16.48738305 16.44374467
 17.43467584 16.84867472 17.66462559 16.87276989] 

drones next lat [48.33599109 48.3359968  48.33598317 48.33599248 48.33598426 48.33598354
 48.33599219 48.3359866  48.33599364 48.33598618] drones next lon [14.32683639 14.32678174 14.32673041 14.32667869 14.32663077 14.32657612
 14.32653056 14.32647537 14.3264239  14.32636643] 
WayPoint_Count 90 

Leader Index 4 

Leader Contour 172.5 

Contour Threshold 175 

Previous Drone Positions [ 14.40904104  10.36469264   6.54712686   2.72386193  -0.83549664
  -4.8865585   -8.25420933 -12.35002834 -16.15747802 -20.42425368]_[17.11330016 17.78377245 16.3015682  17.37030872 16.48738305 16.44374467
 17.43467584 16.84867472 17.66462559 16.87276989] 

Mean Previous Drone Positions [-2.8863302 -2.8863302 -2.8863302 -2.8863302 -2.8863302 -2.8863302
 -2.8863302 -2.8863302 -2.8863302 -2.8863302]_[17.03208233 17.03208233 17.03208233 17.03208233 17.03208233 17.03208233
 17.03208233 17.03208233 17.03208233 17.03208233] 

relative Drone Positions [ 18.9  14.7  10.5   6.3   2.1  -2.1  -6.3 -10.5 -14.7 -18.9]_[-0. -0. -0. -0.  0.  0.  0.  0.  0.  0.] 

current starting Drone Positions [ 16.0136698  11.8136698   7.6136698   3.4136698  -0.7863302  -4.9863302
  -9.1863302 -13.3863302 -17.5863302 -21.7863302]_[17.03208233 17.03208233 17.03208233 17.03208233 17.03208233 17.03208233
 17.03208233 17.03208233 17.03208233 17.03208233] 

scanning direction vector [0. 0. 0. 0. 0. 0. 0. 0. 0. 0.]_[2. 2. 2. 2. 2. 2. 2. 2. 2. 2.] 

changing back speed 0.3 

velocity vector [ 0.48138863  0.43469315  0.31996288  0.20694236  0.01474993 -0.02993151
 -0.27963626 -0.31089056 -0.42865565 -0.40862296]_[1.97563465 1.77449296 2.21915424 1.89853208 2.16340978 2.1765013
 1.87922195 2.05502228 1.81023702 2.04779373] 

Moving Straight [ 14.89042967  10.79938579   6.86708974   2.93080429  -0.82074671
  -4.91649001  -8.53384559 -12.6609189  -16.58613367 -20.83287663]_[19.08893481 19.55826541 18.52072244 19.2688408  18.65079283 18.62024597
 19.31389779 18.903697   19.47486261 18.92056362] 

drones next lat [48.3360089  48.3360128  48.33600316 48.33600958 48.33600372 48.33600312
 48.33600908 48.33600506 48.33600989 48.33600457] drones next lon [14.32684265 14.32678739 14.32673446 14.32668126 14.32663072 14.32657546
 14.32652657 14.32647093 14.3264179  14.32636067] 
WayPoint_Count 91 

Leader Index 4 

Leader Contour 163.5 

Contour Threshold 175 

Previous Drone Positions [ 14.89042967  10.79938579   6.86708974   2.93080429  -0.82074671
  -4.91649001  -8.53384559 -12.6609189  -16.58613367 -20.83287663]_[19.08893481 19.55826541 18.52072244 19.2688408  18.65079283 18.62024597
 19.31389779 18.903697   19.47486261 18.92056362] 

Mean Previous Drone Positions [-2.8863302 -2.8863302 -2.8863302 -2.8863302 -2.8863302 -2.8863302
 -2.8863302 -2.8863302 -2.8863302 -2.8863302]_[19.03208233 19.03208233 19.03208233 19.03208233 19.03208233 19.03208233
 19.03208233 19.03208233 19.03208233 19.03208233] 

relative Drone Positions [ 18.9  14.7  10.5   6.3   2.1  -2.1  -6.3 -10.5 -14.7 -18.9]_[-0. -0. -0. -0.  0.  0.  0.  0.  0.  0.] 

current starting Drone Positions [ 16.0136698  11.8136698   7.6136698   3.4136698  -0.7863302  -4.9863302
  -9.1863302 -13.3863302 -17.5863302 -21.7863302]_[19.03208233 19.03208233 19.03208233 19.03208233 19.03208233 19.03208233
 19.03208233 19.03208233 19.03208233 19.03208233] 

scanning direction vector [0. 0. 0. 0. 0. 0. 0. 0. 0. 0.]_[2. 2. 2. 2. 2. 2. 2. 2. 2. 2.] 

changing back speed 0.3 

velocity vector [ 0.33697204  0.3042852   0.22397402  0.14485965  0.01032495 -0.02095206
 -0.19574538 -0.21762339 -0.30005896 -0.28603607]_[1.98294425 1.84214508 2.15340797 1.92897246 2.11438685 2.12355091
 1.91545536 2.0385156  1.86716592 2.03345561] 

Moving Straight [ 15.22740171  11.10367099   7.09106376   3.07566394  -0.81042176
  -4.93744207  -8.72959098 -12.87854229 -16.88619263 -21.1189127 ]_[21.07187907 21.40041049 20.6741304  21.19781326 20.76517968 20.74379688
 21.22935315 20.9422126  21.34202853 20.95401924] 

drones next lat [48.33602677 48.3360294  48.33602255 48.33602694 48.33602274 48.33602222
 48.33602629 48.33602338 48.33602666 48.33602284] drones next lon [14.32684696 14.32679128 14.32673723 14.32668299 14.32663061 14.32657492
 14.3265237  14.32646775 14.32641363 14.32635657] 
WayPoint_Count 92 

Leader Index 5 

Leader Contour 204.0 

Contour Threshold 175 

Converging Before Rutherford Scattering [ 12.50485834   9.01915418   5.27724369   1.48137459  -3.6532501
  -4.41146295  -6.58159941  -9.93540175 -14.09154141 -18.54129283]_[20.34829448 20.32233395 21.66823579 22.00009269 21.29295791 19.89329939
 21.96177104 21.22287469 21.845798   20.1118519 ] 

Minimum Distance Within Rutherford Scattering 4.2 

Converging After Rutherford Scattering [ 13.43148594   9.25000711   5.53829666   1.5318696   -2.88642007
  -4.5366374   -6.95632924 -10.48788596 -14.63112508 -19.18517922]_[20.32703953 20.04566003 21.87839339 22.20874263 22.13169016 18.29646655
 22.76086633 20.97071178 22.111419   19.93652042] 

drones next lat [48.33601993 48.33601706 48.33603326 48.33603591 48.33603487 48.33600024
 48.33604021 48.33602383 48.33603376 48.33601384] drones next lon [14.32682282 14.32676643 14.32671613 14.32666204 14.32660243 14.32658062
 14.32654744 14.32650001 14.32644397 14.32638278] 
WayPoint_Count 93 

Leader Index 4 

Leader Contour 186.5 

Contour Threshold 175 

Converging Before Rutherford Scattering [ 1.22680983e+01  7.98815052e+00  4.43834835e+00  1.14529843e-02
 -3.88236010e+00 -4.34708428e+00 -4.62406441e+00 -8.92875219e+00
 -1.16376149e+01 -1.70158014e+01]_[19.9810129  21.08942348 22.37614203 23.05153149 22.0416709  19.33432107
 21.52072798 20.36419722 22.00115416 19.22116888] 

Minimum Distance Within Rutherford Scattering 4.2 

Converging After Rutherford Scattering [ 12.98538212   8.45322671   4.67811254   0.58907087  -3.04600714
  -3.99232414  -5.87331293  -9.45280475 -12.50074908 -17.57022131]_[19.81615964 20.95208664 22.58165509 23.53286976 23.38001443 17.7299162
 21.59735353 19.75542148 22.58382729 19.05204607] 

drones next lat [48.33601529 48.33602516 48.33603952 48.33604775 48.33604609 48.33599519
 48.33602983 48.33601298 48.33603818 48.33600601] drones next lon [14.32681686 14.32675557 14.32670444 14.32664916 14.32660013 14.32658803
 14.3265622  14.32651412 14.32647266 14.32640468] 
WayPoint_Count 94 

Leader Index 4 

Leader Contour 175.0 

Contour Threshold 175 

Converging Before Rutherford Scattering [ 10.39228107   7.42350904   3.30335484  -0.98304385  -2.21256932
  -3.70403694  -5.13633387  -7.83477055 -11.3390604  -14.81815874]_[19.48243384 21.73996879 21.99847356 24.35351078 22.82740118 20.70155512
 22.96126923 21.73267146 22.19576632 20.17291361] 

Minimum Distance Within Rutherford Scattering 4.2 

Converging After Rutherford Scattering [ 11.15956096   7.90708605   3.59682602  -0.17269606  -1.76102854
  -3.70815531  -5.67031291  -8.45817806 -12.13443501 -15.66749586]_[19.03990521 22.03089721 21.83208912 25.93593027 22.56380087 19.07307955
 24.05345097 21.21077282 22.61460126 19.81143663] 

drones next lat [48.33600817 48.33603482 48.33603269 48.33606931 48.33603885 48.33600729
 48.33605194 48.33602615 48.33603849 48.33601299] drones next lon [14.32679232 14.32674808 14.32668994 14.3266386  14.32661757 14.32659171
 14.32656464 14.32652736 14.3264776  14.32643026] 
WayPoint_Count 95 

Leader Index 6 

Leader Contour 181.5 

Contour Threshold 175 

Converging Before Rutherford Scattering [  8.89758141   4.92985694   0.72020267  -2.82997274  -3.91695345
  -5.4288004   -4.9343332   -7.89410294 -10.12373914 -13.55683286]_[18.67237773 22.28215702 21.93510588 25.93190258 24.23388478 20.77646332
 24.73045455 23.18695079 22.05085763 21.55564486] 

Minimum Distance Within Rutherford Scattering 4.2 

Converging After Rutherford Scattering [  9.42797025   5.63695154   1.19256043  -1.80253642  -2.91405627
  -5.35472357  -5.95405265  -8.4439066  -11.07554723 -14.84975318]_[18.34665189 22.47744372 21.48961191 27.60360874 23.45706799 19.37296802
 26.24493401 23.56165584 21.43019527 21.37166176] 

drones next lat [48.33600179 48.33603866 48.33602942 48.33608418 48.33604679 48.33600986
 48.33607163 48.3360473  48.33602791 48.33602709] drones next lon [14.32676903 14.32671739 14.32665754 14.32661641 14.3266019  14.32656946
 14.32656056 14.32652728 14.32649202 14.32644111] 
WayPoint_Count 96 

Leader Index 4 

Leader Contour 161.5 

Contour Threshold 175 

Previous Drone Positions [  9.42797025   5.63695154   1.19256043  -1.80253642  -2.91405627
  -5.35472357  -5.95405265  -8.4439066  -11.07554723 -14.84975318]_[18.34665189 22.47744372 21.48961191 27.60360874 23.45706799 19.37296802
 26.24493401 23.56165584 21.43019527 21.37166176] 

Mean Previous Drone Positions [-3.41370937 -3.41370937 -3.41370937 -3.41370937 -3.41370937 -3.41370937
 -3.41370937 -3.41370937 -3.41370937 -3.41370937]_[22.53557992 22.53557992 22.53557992 22.53557992 22.53557992 22.53557992
 22.53557992 22.53557992 22.53557992 22.53557992] 

relative Drone Positions [ 18.9  14.7  10.5   6.3   2.1  -2.1  -6.3 -10.5 -14.7 -18.9]_[-0. -0. -0. -0.  0.  0.  0.  0.  0.  0.] 

current starting Drone Positions [ 15.48629063  11.28629063   7.08629063   2.88629063  -1.31370937
  -5.51370937  -9.71370937 -13.91370937 -18.11370937 -22.31370937]_[22.53557992 22.53557992 22.53557992 22.53557992 22.53557992 22.53557992
 22.53557992 22.53557992 22.53557992 22.53557992] 

scanning direction vector [0. 0. 0. 0. 0. 0. 0. 0. 0. 0.]_[2. 2. 2. 2. 2. 2. 2. 2. 2. 2.] 

changing back speed 0.3 

velocity vector [ 1.81749611  1.69480173  1.76811906  1.40664811  0.48010407 -0.04769574
 -1.12789702 -1.64094083 -2.11144864 -2.23918686]_[3.25667841 2.01744086 2.3137904  0.47959135 1.72355358 2.94878357
 0.88719377 1.69217722 2.33161539 2.34917545] 

Moving Straight [ 11.24546637   7.33175327   2.96067949  -0.3958883   -2.4339522
  -5.40241931  -7.08194967 -10.08484743 -13.18699587 -17.08894004]_[21.6033303  24.49488458 23.80340231 28.0832001  25.18062157 22.32175159
 27.13212778 25.25383306 23.76181066 23.72083721] 

drones next lat [48.33603123 48.33605694 48.33605037 48.33608861 48.33606234 48.33603638
 48.33607952 48.33606239 48.33604872 48.33604805] drones next lon [14.32679317 14.32674002 14.32668113 14.32663533 14.32660818 14.32656846
 14.32654523 14.32650494 14.32646326 14.32641062] 
WayPoint_Count 97 

Leader Index 5 

Leader Contour 146.0 

Contour Threshold 175 

Previous Drone Positions [ 11.24546637   7.33175327   2.96067949  -0.3958883   -2.4339522
  -5.40241931  -7.08194967 -10.08484743 -13.18699587 -17.08894004]_[21.6033303  24.49488458 23.80340231 28.0832001  25.18062157 22.32175159
 27.13212778 25.25383306 23.76181066 23.72083721] 

Mean Previous Drone Positions [-3.41370937 -3.41370937 -3.41370937 -3.41370937 -3.41370937 -3.41370937
 -3.41370937 -3.41370937 -3.41370937 -3.41370937]_[24.53557992 24.53557992 24.53557992 24.53557992 24.53557992 24.53557992
 24.53557992 24.53557992 24.53557992 24.53557992] 

relative Drone Positions [ 18.9  14.7  10.5   6.3   2.1  -2.1  -6.3 -10.5 -14.7 -18.9]_[-0. -0. -0. -0.  0.  0.  0.  0.  0.  0.] 

current starting Drone Positions [ 15.48629063  11.28629063   7.08629063   2.88629063  -1.31370937
  -5.51370937  -9.71370937 -13.91370937 -18.11370937 -22.31370937]_[24.53557992 24.53557992 24.53557992 24.53557992 24.53557992 24.53557992
 24.53557992 24.53557992 24.53557992 24.53557992] 

scanning direction vector [0. 0. 0. 0. 0. 0. 0. 0. 0. 0.]_[2. 2. 2. 2. 2. 2. 2. 2. 2. 2.] 

changing back speed 0.3 

velocity vector [ 1.27224728  1.18636121  1.23768334  0.98465368  0.33607285 -0.03338702
 -0.78952791 -1.14865858 -1.47801405 -1.5674308 ]_[2.87967488 2.0122086  2.21965328 0.93571395 1.8064875  2.6641485
 1.22103564 1.78452406 2.23213078 2.24442281] 

Moving Straight [ 12.51771365   8.51811448   4.19836283   0.58876538  -2.09787935
  -5.43580633  -7.87147758 -11.23350601 -14.66500992 -18.65637084]_[24.48300518 26.50709318 26.02305559 29.01891404 26.98710907 24.98590009
 28.35316342 27.03835712 25.99394144 25.96526002] 

drones next lat [48.33605724 48.33607513 48.33607044 48.3360971  48.33607861 48.33606035
 48.33609045 48.33607835 48.33606869 48.33606811] drones next lon [14.32681    14.32675579 14.32669756 14.32664851 14.3266125  14.3265677
 14.32653443 14.32648923 14.32644305 14.3263892 ] 
WayPoint_Count 98 

Leader Index 5 

Leader Contour 137.5 

Contour Threshold 175 

Previous Drone Positions [ 12.51771365   8.51811448   4.19836283   0.58876538  -2.09787935
  -5.43580633  -7.87147758 -11.23350601 -14.66500992 -18.65637084]_[24.48300518 26.50709318 26.02305559 29.01891404 26.98710907 24.98590009
 28.35316342 27.03835712 25.99394144 25.96526002] 

Mean Previous Drone Positions [-3.41370937 -3.41370937 -3.41370937 -3.41370937 -3.41370937 -3.41370937
 -3.41370937 -3.41370937 -3.41370937 -3.41370937]_[26.53557992 26.53557992 26.53557992 26.53557992 26.53557992 26.53557992
 26.53557992 26.53557992 26.53557992 26.53557992] 

relative Drone Positions [ 18.9  14.7  10.5   6.3   2.1  -2.1  -6.3 -10.5 -14.7 -18.9]_[-0. -0. -0. -0.  0.  0.  0.  0.  0.  0.] 

current starting Drone Positions [ 15.48629063  11.28629063   7.08629063   2.88629063  -1.31370937
  -5.51370937  -9.71370937 -13.91370937 -18.11370937 -22.31370937]_[26.53557992 26.53557992 26.53557992 26.53557992 26.53557992 26.53557992
 26.53557992 26.53557992 26.53557992 26.53557992] 

scanning direction vector [0. 0. 0. 0. 0. 0. 0. 0. 0. 0.]_[2. 2. 2. 2. 2. 2. 2. 2. 2. 2.] 

changing back speed 0.3 

velocity vector [ 0.8905731   0.83045285  0.86637834  0.68925758  0.23525099 -0.02337091
 -0.55266954 -0.80406101 -1.03460983 -1.09720156]_[2.61577242 2.00854602 2.1537573  1.25499976 1.86454125 2.46490395
 1.45472495 1.84916684 2.16249154 2.17109597] 

Moving Straight [ 13.40828674   9.34856732   5.06474117   1.27802295  -1.86262836
  -5.45917724  -8.42414712 -12.03756702 -15.69961976 -19.7535724 ]_[27.0987776  28.5156392  28.17681289 30.2739138  28.85165033 27.45080403
 29.80788837 28.88752396 28.15643298 28.13635599] 

drones next lat [48.33608084 48.33609327 48.33608988 48.33610845 48.33609541 48.33608252
 48.33610349 48.33609492 48.33608806 48.33608756] drones next lon [14.3268217  14.32676676 14.326709   14.32665766 14.32661545 14.32656709
 14.32652681 14.32647816 14.32642884 14.32637414] 
WayPoint_Count 99 

Leader Index 4 

Leader Contour 66.0 

Contour Threshold 175 

Previous Drone Positions [ 13.40828674   9.34856732   5.06474117   1.27802295  -1.86262836
  -5.45917724  -8.42414712 -12.03756702 -15.69961976 -19.7535724 ]_[27.0987776  28.5156392  28.17681289 30.2739138  28.85165033 27.45080403
 29.80788837 28.88752396 28.15643298 28.13635599] 

Mean Previous Drone Positions [-3.41370937 -3.41370937 -3.41370937 -3.41370937 -3.41370937 -3.41370937
 -3.41370937 -3.41370937 -3.41370937 -3.41370937]_[28.53557992 28.53557992 28.53557992 28.53557992 28.53557992 28.53557992
 28.53557992 28.53557992 28.53557992 28.53557992] 

relative Drone Positions [ 18.9  14.7  10.5   6.3   2.1  -2.1  -6.3 -10.5 -14.7 -18.9]_[-0. -0. -0. -0.  0.  0.  0.  0.  0.  0.] 

current starting Drone Positions [ 15.48629063  11.28629063   7.08629063   2.88629063  -1.31370937
  -5.51370937  -9.71370937 -13.91370937 -18.11370937 -22.31370937]_[28.53557992 28.53557992 28.53557992 28.53557992 28.53557992 28.53557992
 28.53557992 28.53557992 28.53557992 28.53557992] 

scanning direction vector [0. 0. 0. 0. 0. 0. 0. 0. 0. 0.]_[2. 2. 2. 2. 2. 2. 2. 2. 2. 2.] 

changing back speed 0.3 

velocity vector [ 0.62340117  0.58131699  0.60646484  0.4824803   0.1646757  -0.01635964
 -0.38686868 -0.56284271 -0.72422688 -0.76804109]_[2.43104069 2.00598221 2.10763011 1.47849983 1.90517888 2.32543276
 1.61830746 1.89441679 2.11374408 2.11976718] 

Moving Straight [ 14.03168791   9.92988431   5.67120601   1.76050326  -1.69795266
  -5.47553688  -8.81101579 -12.60040972 -16.42384664 -20.52161349]_[29.5298183  30.52162141 30.284443   31.75241364 30.7568292  29.7762368
 31.42619583 30.78194074 30.27017706 30.25612317] 

drones next lat [48.33610276 48.33611136 48.33610889 48.33612179 48.33611256 48.33610344
 48.33611802 48.33611192 48.33610702 48.33610657] drones next lon [14.32682983 14.32677436 14.32671693 14.32666399 14.32661745 14.32656659
 14.32652139 14.32647034 14.32641881 14.32636353] 
WayPoint_Count 100 

Leader Index 5 

Leader Contour 57.0 

Contour Threshold 175 

Previous Drone Positions [ 14.03168791   9.92988431   5.67120601   1.76050326  -1.69795266
  -5.47553688  -8.81101579 -12.60040972 -16.42384664 -20.52161349]_[29.5298183  30.52162141 30.284443   31.75241364 30.7568292  29.7762368
 31.42619583 30.78194074 30.27017706 30.25612317] 

Mean Previous Drone Positions [-3.41370937 -3.41370937 -3.41370937 -3.41370937 -3.41370937 -3.41370937
 -3.41370937 -3.41370937 -3.41370937 -3.41370937]_[30.53557992 30.53557992 30.53557992 30.53557992 30.53557992 30.53557992
 30.53557992 30.53557992 30.53557992 30.53557992] 

relative Drone Positions [ 18.9  14.7  10.5   6.3   2.1  -2.1  -6.3 -10.5 -14.7 -18.9]_[-0. -0. -0. -0.  0.  0.  0.  0.  0.  0.] 

current starting Drone Positions [ 15.48629063  11.28629063   7.08629063   2.88629063  -1.31370937
  -5.51370937  -9.71370937 -13.91370937 -18.11370937 -22.31370937]_[30.53557992 30.53557992 30.53557992 30.53557992 30.53557992 30.53557992
 30.53557992 30.53557992 30.53557992 30.53557992] 

scanning direction vector [0. 0. 0. 0. 0. 0. 0. 0. 0. 0.]_[2. 2. 2. 2. 2. 2. 2. 2. 2. 2.] 

changing back speed 0.3 

velocity vector [ 0.43638082  0.40692189  0.42452539  0.33773621  0.11527299 -0.01145175
 -0.27080807 -0.39398989 -0.50695882 -0.53762876]_[2.30172849 2.00418755 2.07534108 1.63494988 1.93362521 2.22780294
 1.73281522 1.92609175 2.07962086 2.08383702] 

Moving Straight [ 14.46806872  10.33680621   6.0957314    2.09823947  -1.58267967
  -5.48698863  -9.08182387 -12.99439962 -16.93080546 -21.05924225]_[31.83154678 32.52580896 32.35978407 33.38736352 32.69045442 32.00403973
 33.15901106 32.7080325  32.34979792 32.33996019] 

drones next lat [48.3361235  48.33612942 48.33612759 48.33613652 48.33612996 48.33612348
 48.33613358 48.33612922 48.33612568 48.33612527] drones next lon [14.32683544 14.32677962 14.32672241 14.32666836 14.32661877 14.32656617
 14.32651753 14.3264648  14.32641173 14.32635603] 
WayPoint_Count 101 

Leader Index 3 

Leader Contour 60.0 

Contour Threshold 175 

Previous Drone Positions [ 14.46806872  10.33680621   6.0957314    2.09823947  -1.58267967
  -5.48698863  -9.08182387 -12.99439962 -16.93080546 -21.05924225]_[31.83154678 32.52580896 32.35978407 33.38736352 32.69045442 32.00403973
 33.15901106 32.7080325  32.34979792 32.33996019] 

Mean Previous Drone Positions [-3.41370937 -3.41370937 -3.41370937 -3.41370937 -3.41370937 -3.41370937
 -3.41370937 -3.41370937 -3.41370937 -3.41370937]_[32.53557992 32.53557992 32.53557992 32.53557992 32.53557992 32.53557992
 32.53557992 32.53557992 32.53557992 32.53557992] 

relative Drone Positions [ 18.9  14.7  10.5   6.3   2.1  -2.1  -6.3 -10.5 -14.7 -18.9]_[-0. -0. -0. -0.  0.  0.  0.  0.  0.  0.] 

current starting Drone Positions [ 15.48629063  11.28629063   7.08629063   2.88629063  -1.31370937
  -5.51370937  -9.71370937 -13.91370937 -18.11370937 -22.31370937]_[32.53557992 32.53557992 32.53557992 32.53557992 32.53557992 32.53557992
 32.53557992 32.53557992 32.53557992 32.53557992] 

scanning direction vector [0. 0. 0. 0. 0. 0. 0. 0. 0. 0.]_[2. 2. 2. 2. 2. 2. 2. 2. 2. 2.] 

changing back speed 0.3 

velocity vector [ 0.30546657  0.28484533  0.29716777  0.23641535  0.08069109 -0.00801622
 -0.18956565 -0.27579293 -0.35487117 -0.37634013]_[2.21120994 2.00293129 2.05273875 1.74446492 1.95353765 2.15946205
 1.81297066 1.94826423 2.0557346  2.05868592] 

Moving Straight [ 14.7735353   10.62165154   6.39289917   2.33465482  -1.50198858
  -5.49500485  -9.27138952 -13.27019254 -17.28567663 -21.43558239]_[34.04275672 34.52874025 34.41252283 35.13182844 34.64399207 34.16350179
 34.97198172 34.65629672 34.40553252 34.39864611] 

drones next lat [48.33614342 48.33614746 48.33614608 48.33615223 48.33614754 48.3361429
 48.33614988 48.33614672 48.33614415 48.33614376] drones next lon [14.3268393  14.32678322 14.32672618 14.32667134 14.32661963 14.32656581
 14.32651476 14.32646085 14.3264067  14.3263507 ] 
WayPoint_Count 102 

Leader Index 4 

Leader Contour 91.5 

Contour Threshold 175 

Previous Drone Positions [ 14.7735353   10.62165154   6.39289917   2.33465482  -1.50198858
  -5.49500485  -9.27138952 -13.27019254 -17.28567663 -21.43558239]_[34.04275672 34.52874025 34.41252283 35.13182844 34.64399207 34.16350179
 34.97198172 34.65629672 34.40553252 34.39864611] 

Mean Previous Drone Positions [-3.41370937 -3.41370937 -3.41370937 -3.41370937 -3.41370937 -3.41370937
 -3.41370937 -3.41370937 -3.41370937 -3.41370937]_[34.53557992 34.53557992 34.53557992 34.53557992 34.53557992 34.53557992
 34.53557992 34.53557992 34.53557992 34.53557992] 

relative Drone Positions [ 18.9  14.7  10.5   6.3   2.1  -2.1  -6.3 -10.5 -14.7 -18.9]_[-0. -0. -0. -0.  0.  0.  0.  0.  0.  0.] 

current starting Drone Positions [ 15.48629063  11.28629063   7.08629063   2.88629063  -1.31370937
  -5.51370937  -9.71370937 -13.91370937 -18.11370937 -22.31370937]_[34.53557992 34.53557992 34.53557992 34.53557992 34.53557992 34.53557992
 34.53557992 34.53557992 34.53557992 34.53557992] 

scanning direction vector [0. 0. 0. 0. 0. 0. 0. 0. 0. 0.]_[2. 2. 2. 2. 2. 2. 2. 2. 2. 2.] 

changing back speed 0.3 

velocity vector [ 0.2138266   0.19939173  0.20801744  0.16549074  0.05648376 -0.00561136
 -0.13269596 -0.19305505 -0.24840982 -0.26343809]_[2.14784696 2.0020519  2.03691713 1.82112544 1.96747635 2.11162344
 1.86907946 1.96378496 2.03901422 2.04108014] 

Moving Straight [ 14.9873619   10.82104326   6.60091661   2.50014556  -1.44550482
  -5.50061621  -9.40408547 -13.46324759 -17.53408645 -21.69902048]_[36.19060368 36.53079215 36.44943995 36.95295388 36.61146842 36.27512523
 36.84106118 36.62008168 36.44454674 36.43972625] 

drones next lat [48.33616276 48.33616549 48.33616442 48.33616863 48.33616525 48.3361619
 48.33616668 48.33616437 48.33616247 48.3361621 ] drones next lon [14.32684193 14.32678568 14.32672875 14.32667336 14.32662016 14.32656549
 14.32651275 14.32645801 14.3264031  14.32634691] 
WayPoint_Count 103 

Leader Index 5 

Leader Contour 91.0 

Contour Threshold 175 

Previous Drone Positions [ 14.9873619   10.82104326   6.60091661   2.50014556  -1.44550482
  -5.50061621  -9.40408547 -13.46324759 -17.53408645 -21.69902048]_[36.19060368 36.53079215 36.44943995 36.95295388 36.61146842 36.27512523
 36.84106118 36.62008168 36.44454674 36.43972625] 

Mean Previous Drone Positions [-3.41370937 -3.41370937 -3.41370937 -3.41370937 -3.41370937 -3.41370937
 -3.41370937 -3.41370937 -3.41370937 -3.41370937]_[36.53557992 36.53557992 36.53557992 36.53557992 36.53557992 36.53557992
 36.53557992 36.53557992 36.53557992 36.53557992] 

relative Drone Positions [ 18.9  14.7  10.5   6.3   2.1  -2.1  -6.3 -10.5 -14.7 -18.9]_[-0. -0. -0. -0.  0.  0.  0.  0.  0.  0.] 

current starting Drone Positions [ 15.48629063  11.28629063   7.08629063   2.88629063  -1.31370937
  -5.51370937  -9.71370937 -13.91370937 -18.11370937 -22.31370937]_[36.53557992 36.53557992 36.53557992 36.53557992 36.53557992 36.53557992
 36.53557992 36.53557992 36.53557992 36.53557992] 

scanning direction vector [0. 0. 0. 0. 0. 0. 0. 0. 0. 0.]_[2. 2. 2. 2. 2. 2. 2. 2. 2. 2.] 

changing back speed 0.3 

velocity vector [ 0.14967862  0.13957421  0.14561221  0.11584352  0.03953863 -0.00392795
 -0.09288717 -0.13513853 -0.17388687 -0.18440667]_[2.10349287 2.00143633 2.02584199 1.87478781 1.97723345 2.07813641
 1.90835562 1.97464947 2.02730995 2.0287561 ] 

Moving Straight [ 15.13704052  10.96061747   6.74652881   2.61598908  -1.40596618
  -5.50454415  -9.49697264 -13.59838612 -17.70797333 -21.88342715]_[38.29409655 38.53222848 38.47528194 38.82774169 38.58870187 38.35326163
 38.7494168  38.59473115 38.47185669 38.46848235] 

drones next lat [48.33618169 48.33618351 48.33618266 48.3361855  48.33618304 48.33618059
 48.33618384 48.33618213 48.3361807  48.33618034] drones next lon [14.3268437  14.32678732 14.32673047 14.3266747  14.32662046 14.32656519
 14.32651127 14.32645595 14.32640052 14.32634418] 
WayPoint_Count 104 

Leader Index 4 

Leader Contour 98.0 

Contour Threshold 175 

Previous Drone Positions [ 15.13704052  10.96061747   6.74652881   2.61598908  -1.40596618
  -5.50454415  -9.49697264 -13.59838612 -17.70797333 -21.88342715]_[38.29409655 38.53222848 38.47528194 38.82774169 38.58870187 38.35326163
 38.7494168  38.59473115 38.47185669 38.46848235] 

Mean Previous Drone Positions [-3.41370937 -3.41370937 -3.41370937 -3.41370937 -3.41370937 -3.41370937
 -3.41370937 -3.41370937 -3.41370937 -3.41370937]_[38.53557992 38.53557992 38.53557992 38.53557992 38.53557992 38.53557992
 38.53557992 38.53557992 38.53557992 38.53557992] 

relative Drone Positions [ 18.9  14.7  10.5   6.3   2.1  -2.1  -6.3 -10.5 -14.7 -18.9]_[-0. -0. -0. -0.  0.  0.  0.  0.  0.  0.] 

current starting Drone Positions [ 15.48629063  11.28629063   7.08629063   2.88629063  -1.31370937
  -5.51370937  -9.71370937 -13.91370937 -18.11370937 -22.31370937]_[38.53557992 38.53557992 38.53557992 38.53557992 38.53557992 38.53557992
 38.53557992 38.53557992 38.53557992 38.53557992] 

scanning direction vector [0. 0. 0. 0. 0. 0. 0. 0. 0. 0.]_[2. 2. 2. 2. 2. 2. 2. 2. 2. 2.] 

changing back speed 0.3 

velocity vector [ 0.10477503  0.09770195  0.10192855  0.08109046  0.02767704 -0.00274956
 -0.06502102 -0.09459697 -0.12172081 -0.12908467]_[2.07244501 2.00100543 2.01808939 1.91235147 1.98406341 2.05469548
 1.93584894 1.98225463 2.01911697 2.02012927] 

Moving Straight [ 15.24181555  11.05831942   6.84845736   2.69707955  -1.37828914
  -5.50729372  -9.56199366 -13.6929831  -17.82969414 -22.01251181]_[40.36654156 40.53323391 40.49337133 40.74009316 40.57276528 40.40795712
 40.68526573 40.57698578 40.49097366 40.48861162] 

drones next lat [48.33620034 48.33620151 48.33620082 48.33620271 48.33620089 48.33619908
 48.33620125 48.33619995 48.33619885 48.3361985 ] drones next lon [14.32684487 14.3267884  14.32673161 14.32667556 14.3266206  14.32656491
 14.32651016 14.32645444 14.32639863 14.3263422 ] 
