WayPoint_Count 1 

Leader Index 4 

Leader Contour 382.0 

Contour Threshold 175 

Converging Before Rutherford Scattering [ 9.05295622  5.16723104  6.95344853  7.60057961  0.08618057 12.83166513
  1.54888644  2.70656189  2.51386415  0.58235381]_[-8.16172117 -3.84472306 -0.02558317  2.61711703 -0.22676229 -4.30836208
 -4.40401382 -0.61908347  2.4058846  -0.60836976] 

Minimum Distance Within Rutherford Scattering 4.2 

Converging After Rutherford Scattering [ 9.35687192  5.68297905  7.90352424  8.40924581 -2.32894469 13.61292591
  0.82440988  3.40370727  2.31029037 -0.13128237]_[-8.96526097 -4.76245354 -0.15434448  3.91576898  1.10428191 -4.38295935
 -5.82342541 -0.42130041  4.00592804 -1.69185195] 

drones next lat [48.33575609 48.33579361 48.33583524 48.33587189 48.33584575 48.33579765
 48.33578368 48.33583248 48.33587222 48.33582077] drones next lon [14.32677131 14.32672124 14.32675066 14.326757   14.32661245 14.32682819
 14.32665581 14.32668997 14.3266747  14.32664243] 
WayPoint_Count 2 

Leader Index 4 

Leader Contour 436.5 

Contour Threshold 175 

Converging Before Rutherford Scattering [ 8.76097765  3.35971619  5.18491489  7.26540081 -3.32649278 12.42821337
  0.99382258  2.25256708  1.603771   -1.84886557]_[-8.05347918 -4.28544727  0.7694361   4.02109629  1.03429762 -4.43984932
 -3.93953488 -0.53074909  3.09242764  0.75693145] 

Minimum Distance Within Rutherford Scattering 4.2 

Converging After Rutherford Scattering [ 9.00982942  4.08993929  6.1314536   8.02408845 -5.3228201  13.09381412
 -0.11270923  2.20843623  1.4636706  -1.91167718]_[-8.72372589 -5.23767635  0.86537413  4.91299439  1.43606586 -4.44228795
 -4.92182812 -0.60478249  4.40173316  0.73926262] 

drones next lat [48.33575823 48.33578921 48.33584427 48.33588083 48.3358485  48.33579707
 48.33579172 48.33583074 48.33587572 48.3358425 ] drones next lon [14.3267666  14.3266998  14.32672663 14.32675168 14.32657201 14.32682119
 14.32664306 14.32667387 14.32666323 14.32661812] 
WayPoint_Count 3 

Leader Index 4 

Leader Contour 231.0 

Contour Threshold 175 

Converging Before Rutherford Scattering [ 6.74807793  3.05396536  5.017445    5.77484134 -5.6617329  11.93120522
 -2.16856066 -0.33050952 -0.83379231 -4.79044079]_[-8.34363258 -3.27759116  0.49649218  5.35828818  2.37688365 -3.16450428
 -3.99033441  0.71182207  4.48628225  1.53326563] 

Minimum Distance Within Rutherford Scattering 4.2 

Converging After Rutherford Scattering [ 6.97990714  3.24699065  5.65573756  6.23493119 -7.25532396 12.48571569
 -2.65379966 -0.19623132 -0.85405688 -4.90337175]_[-8.93759335 -3.91281177  0.64003556  6.05810815  3.5031131  -3.22814023
 -4.80120715  0.64148711  5.52809608  0.69588402] 

drones next lat [48.33575615 48.33580106 48.33584221 48.33589099 48.33586694 48.33580795
 48.3357926  48.33584176 48.33588567 48.33584188] drones next lon [14.32673924 14.32668827 14.32672023 14.32672741 14.32654569 14.32681285
 14.32660876 14.32664128 14.32663182 14.32657776] 
WayPoint_Count 4 

Leader Index 4 

Leader Contour 110.5 

Contour Threshold 175 

Previous Drone Positions [ 6.97990714  3.24699065  5.65573756  6.23493119 -7.25532396 12.48571569
 -2.65379966 -0.19623132 -0.85405688 -4.90337175]_[-8.93759335 -3.91281177  0.64003556  6.05810815  3.5031131  -3.22814023
 -4.80120715  0.64148711  5.52809608  0.69588402] 

Mean Previous Drone Positions [1.87404987 1.87404987 1.87404987 1.87404987 1.87404987 1.87404987
 1.87404987 1.87404987 1.87404987 1.87404987]_[-0.38130285 -0.38130285 -0.38130285 -0.38130285 -0.38130285 -0.38130285
 -0.38130285 -0.38130285 -0.38130285 -0.38130285] 

relative Drone Positions [ 18.43509577  14.33840782  10.24171987   6.14503192   2.04834397
  -2.04834397  -6.14503192 -10.24171987 -14.33840782 -18.43509577]_[ 4.16620256  3.24037977  2.31455698  1.38873419  0.4629114  -0.4629114
 -1.38873419 -2.31455698 -3.24037977 -4.16620256] 

current starting Drone Positions [ 20.30914564  16.21245769  12.11576974   8.01908179   3.92239384
  -0.17429411  -4.27098206  -8.36767001 -12.46435796 -16.56104591]_[ 3.78489971  2.85907692  1.93325413  1.00743134  0.08160855 -0.84421424
 -1.77003703 -2.69585982 -3.62168262 -4.54750541] 

scanning direction vector [-0.31147464 -0.31147464 -0.31147464 -0.31147464 -0.31147464 -0.31147464
 -0.31147464 -0.31147464 -0.31147464 -0.31147464]_[1.37824909 1.37824909 1.37824909 1.37824909 1.37824909 1.37824909
 1.37824909 1.37824909 1.37824909 1.37824909] 

changing back speed 0.3 

velocity vector [ 3.68729691  3.57816547  1.62653501  0.22377054  3.0418407  -4.10947758
 -0.79662936 -2.76290625 -3.79456497 -3.80877689]_[ 5.19499701  3.40981569  1.76621466 -0.13695396  0.35179772  2.09342688
  2.28760012  0.37704501 -1.36668452 -0.19476774] 

Moving Straight [10.66720404  6.82515612  7.28227257  6.45870173 -4.21348326  8.37623811
 -3.45042902 -2.95913757 -4.64862184 -8.71214864]_[-3.74259634 -0.50299608  2.40625022  5.92115419  3.85491082 -1.13471335
 -2.51360702  1.01853212  4.16141156  0.50111628] 

drones next lat [48.33580318 48.33583202 48.33585822 48.33588978 48.33587035 48.33582646
 48.33581312 48.33584493 48.33587307 48.33583982] drones next lon [14.32678837 14.32673615 14.32674197 14.32673044 14.32658669 14.32675715
 14.32659774 14.32660395 14.32658079 14.32652639] 
WayPoint_Count 5 

Leader Index 4 

Leader Contour 241.0 

Contour Threshold 175 

Converging Before Rutherford Scattering [ 8.19269144  5.02292221  6.29540378  4.61764472 -4.34700912  5.96523724
 -4.61948604 -4.74509435 -2.27443527 -7.9404227 ]_[-3.55385077  1.22973105  2.5847647   4.54852251  2.86386549 -1.23186793
 -0.89250902  3.06063419  3.68329691  2.25169152] 

Minimum Distance Within Rutherford Scattering 4.2 

Converging After Rutherford Scattering [ 9.11279831  4.26799536  7.93371429  4.5037295  -3.67628495  6.08061018
 -4.9124362  -6.32188851 -1.33326236 -9.4875237 ]_[-4.52668196  1.00192212  3.22281929  5.91818337  1.81239983 -2.19945656
 -2.19828983  4.67948159  4.80419302  2.02970779] 

drones next lat [48.335796   48.33584535 48.33586562 48.3358896  48.33585202 48.3358167
 48.33581584 48.3358776  48.33587912 48.33585351] drones next lon [14.32676749 14.32670147 14.32675066 14.32670407 14.32659418 14.3267263
 14.32657798 14.32655815 14.32662544 14.32651575] 
WayPoint_Count 6 

Leader Index 3 

Leader Contour 300.5 

Contour Threshold 175 

Converging Before Rutherford Scattering [ 8.69854972  5.35749936  5.47715098  4.84789791 -0.98825032  6.36313625
 -2.47164239 -3.34097296  1.61652189 -7.79144968]_[-1.77745398  2.88768092  4.92603624  6.8570913   2.2748549  -0.98397313
 -0.51472943  5.01730025  5.00796029  3.53823315] 

Minimum Distance Within Rutherford Scattering 4.2 

Converging After Rutherford Scattering [ 9.99243504  5.63995962  6.7692736   5.01880024 -1.14399506  6.0613347
 -3.07815831 -4.05130204  1.26202772 -8.70193475]_[-2.47198436  2.09412806  5.45880833  8.74948775  1.95181295 -1.88501178
 -1.66441299  5.80743901  5.66312125  3.52961229] 

drones next lat [48.33581455 48.33585529 48.33588564 48.33591511 48.33585347 48.33581952
 48.33582079 48.33588793 48.33588705 48.33586707] drones next lon [14.32677912 14.32671985 14.32673469 14.32671068 14.32662833 14.32672601
 14.32660267 14.32658865 14.32666036 14.32652617] 
WayPoint_Count 7 

Leader Index 3 

Leader Contour 217.5 

Contour Threshold 175 

Converging Before Rutherford Scattering [ 9.86916401  6.28548585  6.53662686  4.75009829  0.85232147  5.56798485
 -1.60506621 -1.18126119  1.96631287 -7.54175903]_[ 0.08298737  4.64117364  6.516941    7.78626438  4.19089263 -0.84905112
 -1.05491131  6.67693668  6.3917948   4.94584936] 

Minimum Distance Within Rutherford Scattering 4.2 

Converging After Rutherford Scattering [10.76843266  6.76865396  8.15668321  4.80035732  0.3612721   5.55657656
 -2.06489764 -2.39888828  1.77158169 -8.2198638 ]_[-0.34198601  3.69780421  7.37399877  9.46662174  3.19313535 -1.73518656
 -1.76407854  7.40817827  7.06399007  4.96640013] 

drones next lat [48.33583378 48.3358698  48.33590298 48.33592154 48.33586476 48.33582083
 48.33581997 48.33590246 48.33589969 48.33588003] drones next lon [14.32678933 14.32673489 14.32675318 14.32670765 14.3266485  14.32671918
 14.32661635 14.32661076 14.32666707 14.3265325 ] 
WayPoint_Count 8 

Leader Index 3 

Leader Contour 267.5 

Contour Threshold 175 

Converging Before Rutherford Scattering [ 8.83481245  6.21263116  7.31624139  4.46162827  1.77681534  4.73658625
 -1.75841476  0.49034046  2.54195878 -5.33852069]_[ 0.91858629  4.59469995  8.94794955  8.52573777  5.79127758 -0.46800856
 -0.73393433  8.21545907  7.70228965  5.48637743] 

Minimum Distance Within Rutherford Scattering 4.2 

Converging After Rutherford Scattering [ 9.7828379   6.87218976  8.84227444  5.1740297   1.11809356  4.66708776
 -2.22230712 -1.1516918   2.33309679 -6.14153236]_[ 0.36047798  4.27585731  9.67739471  9.85118623  4.51218265 -1.36768518
 -1.3334932   9.30962031  8.20555151  5.48934209] 

drones next lat [48.33584002 48.33587501 48.33592376 48.33592503 48.33587668 48.33582407
 48.33582383 48.33591966 48.33591    48.3358849 ] drones next lon [14.32677595 14.32673622 14.32676216 14.32671264 14.32665855 14.32670713
 14.32661417 14.32662736 14.32667451 14.32656048] 
WayPoint_Count 9 

Leader Index 4 

Leader Contour 88.0 

Contour Threshold 175 

Previous Drone Positions [ 9.7828379   6.87218976  8.84227444  5.1740297   1.11809356  4.66708776
 -2.22230712 -1.1516918   2.33309679 -6.14153236]_[ 0.36047798  4.27585731  9.67739471  9.85118623  4.51218265 -1.36768518
 -1.3334932   9.30962031  8.20555151  5.48934209] 

Mean Previous Drone Positions [2.92740786 2.92740786 2.92740786 2.92740786 2.92740786 2.92740786
 2.92740786 2.92740786 2.92740786 2.92740786]_[4.89804344 4.89804344 4.89804344 4.89804344 4.89804344 4.89804344
 4.89804344 4.89804344 4.89804344 4.89804344] 

relative Drone Positions [ 18.63964731  14.49750347  10.35535962   6.21321577   2.07107192
  -2.07107192  -6.21321577 -10.35535962 -14.49750347 -18.63964731]_[ 3.12626742  2.43154133  1.73681523  1.04208914  0.34736305 -0.34736305
 -1.04208914 -1.73681523 -2.43154133 -3.12626742] 

current starting Drone Positions [ 21.56705518  17.42491133  13.28276748   9.14062364   4.99847979
   0.85633594  -3.28580791  -7.42795175 -11.5700956  -15.71223945]_[8.02431086 7.32958477 6.63485867 5.94013258 5.24540649 4.55068039
 3.8559543  3.16122821 2.46650211 1.77177602] 

scanning direction vector [-0.16398195 -0.16398195 -0.16398195 -0.16398195 -0.16398195 -0.16398195
 -0.16398195 -0.16398195 -0.16398195 -0.16398195]_[0.97770452 0.97770452 0.97770452 0.97770452 0.97770452 0.97770452
 0.97770452 0.97770452 0.97770452 0.97770452] 

changing back speed 0.3 

velocity vector [ 3.37128323  3.00183452  1.16816596  1.02599623  1.00013391 -1.3072075
 -0.48303219 -2.04685994 -4.33493967 -3.03519408]_[ 3.27685439  1.89382276  0.06494371 -0.19561157  1.19767167  2.75321419
  2.53453877 -0.86681311 -0.7440103  -0.1375653 ] 

Moving Straight [13.15412113  9.87402428 10.0104404   6.20002593  2.11822747  3.35988026
 -2.70533931 -3.19855174 -2.00184288 -9.17672644]_[3.63733236 6.16968007 9.74233842 9.65557466 5.70985432 1.38552901
 1.20104557 8.4428072  7.46154121 5.35177679] 

drones next lat [48.33586976 48.33589228 48.33592444 48.33592335 48.33588754 48.33584873
 48.33584659 48.3359117  48.33590297 48.33588342] drones next lon [14.32682105 14.32677649 14.32677791 14.32672651 14.3266719  14.32668917
 14.32660736 14.32659984 14.32661611 14.32651955] 
WayPoint_Count 10 

Leader Index 6 

Leader Contour 112.0 

Contour Threshold 175 

Previous Drone Positions [13.15412113  9.87402428 10.0104404   6.20002593  2.11822747  3.35988026
 -2.70533931 -3.19855174 -2.00184288 -9.17672644]_[3.63733236 6.16968007 9.74233842 9.65557466 5.70985432 1.38552901
 1.20104557 8.4428072  7.46154121 5.35177679] 

Mean Previous Drone Positions [2.76342591 2.76342591 2.76342591 2.76342591 2.76342591 2.76342591
 2.76342591 2.76342591 2.76342591 2.76342591]_[5.87574796 5.87574796 5.87574796 5.87574796 5.87574796 5.87574796
 5.87574796 5.87574796 5.87574796 5.87574796] 

relative Drone Positions [ 18.63964731  14.49750347  10.35535962   6.21321577   2.07107192
  -2.07107192  -6.21321577 -10.35535962 -14.49750347 -18.63964731]_[ 3.12626742  2.43154133  1.73681523  1.04208914  0.34736305 -0.34736305
 -1.04208914 -1.73681523 -2.43154133 -3.12626742] 

current starting Drone Positions [ 21.40307323  17.26092938  13.11878553   8.97664168   4.83449783
   0.69235399  -3.44978986  -7.59193371 -11.73407756 -15.8762214 ]_[9.00201538 8.30728929 7.6125632  6.9178371  6.22311101 5.52838492
 4.83365882 4.13893273 3.44420664 2.74948054] 

scanning direction vector [-0.16398195 -0.16398195 -0.16398195 -0.16398195 -0.16398195 -0.16398195
 -0.16398195 -0.16398195 -0.16398195 -0.16398195]_[0.97770452 0.97770452 0.97770452 0.97770452 0.97770452 0.97770452
 0.97770452 0.97770452 0.97770452 0.97770452] 

changing back speed 0.3 

velocity vector [ 2.31070367  2.05208958  0.76852158  0.66900277  0.65089915 -0.96423984
 -0.38731712 -1.48199655 -3.08365236 -2.17383044]_[ 2.58710943  1.61898729  0.33877195  0.15638325  1.13168153  2.22056129
  2.0674885  -0.31345782 -0.22749585  0.19701565] 

Moving Straight [ 15.4648248   11.92611385  10.77896199   6.8690287    2.76912663
   2.39564042  -3.09265643  -4.68054828  -5.08549524 -11.35055689]_[ 6.22444179  7.78866736 10.08111037  9.81195791  6.84153585  3.60609031
  3.26853407  8.12934938  7.23404536  5.54879244] 

drones next lat [48.33589322 48.33590701 48.33592754 48.33592481 48.33589777 48.33586863
 48.33586516 48.33590876 48.33590068 48.33588502] drones next lon [14.32685192 14.32680399 14.32678824 14.32673552 14.32668055 14.3266759
 14.32660189 14.32657988 14.32657453 14.32649019] 
WayPoint_Count 11 

Leader Index 4 

Leader Contour 128.0 

Contour Threshold 175 

Previous Drone Positions [ 15.4648248   11.92611385  10.77896199   6.8690287    2.76912663
   2.39564042  -3.09265643  -4.68054828  -5.08549524 -11.35055689]_[ 6.22444179  7.78866736 10.08111037  9.81195791  6.84153585  3.60609031
  3.26853407  8.12934938  7.23404536  5.54879244] 

Mean Previous Drone Positions [2.59944396 2.59944396 2.59944396 2.59944396 2.59944396 2.59944396
 2.59944396 2.59944396 2.59944396 2.59944396]_[6.85345248 6.85345248 6.85345248 6.85345248 6.85345248 6.85345248
 6.85345248 6.85345248 6.85345248 6.85345248] 

relative Drone Positions [ 18.63964731  14.49750347  10.35535962   6.21321577   2.07107192
  -2.07107192  -6.21321577 -10.35535962 -14.49750347 -18.63964731]_[ 3.12626742  2.43154133  1.73681523  1.04208914  0.34736305 -0.34736305
 -1.04208914 -1.73681523 -2.43154133 -3.12626742] 

current starting Drone Positions [ 21.23909127  17.09694742  12.95480358   8.81265973   4.67051588
   0.52837203  -3.61377182  -7.75591566 -11.89805951 -16.04020336]_[9.9797199  9.28499381 8.59026772 7.89554162 7.20081553 6.50608944
 5.81136334 5.11663725 4.42191116 3.72718507] 

scanning direction vector [-0.16398195 -0.16398195 -0.16398195 -0.16398195 -0.16398195 -0.16398195
 -0.16398195 -0.16398195 -0.16398195 -0.16398195]_[0.97770452 0.97770452 0.97770452 0.97770452 0.97770452 0.97770452
 0.97770452 0.97770452 0.97770452 0.97770452] 

changing back speed 0.3 

velocity vector [ 1.56829799  1.38726812  0.48877052  0.41910735  0.40643482 -0.72416247
 -0.32031657 -1.08659217 -2.20775124 -1.5708759 ]_[2.10428796 1.42660246 0.53045172 0.40277963 1.08548843 1.84770426
 1.7405533  0.07389088 0.13406426 0.43122231] 

Moving Straight [ 17.03312279  13.31338197  11.26773251   7.28813605   3.17556145
   1.67147795  -3.412973    -5.76714045  -7.29324647 -12.92143278]_[ 8.32872975  9.21526982 10.6115621  10.21473755  7.92702428  5.45379457
  5.00908737  8.20324026  7.36810962  5.98001475] 

drones next lat [48.33591227 48.33591995 48.33593235 48.33592847 48.33590756 48.3358852
 48.33588079 48.33590934 48.33590171 48.33588878] drones next lon [14.32687283 14.32682254 14.32679477 14.32674113 14.32668591 14.32666591
 14.32659736 14.32656521 14.32654472 14.32646895] 
WayPoint_Count 12 

Leader Index 6 

Leader Contour 66.5 

Contour Threshold 175 

Previous Drone Positions [ 17.03312279  13.31338197  11.26773251   7.28813605   3.17556145
   1.67147795  -3.412973    -5.76714045  -7.29324647 -12.92143278]_[ 8.32872975  9.21526982 10.6115621  10.21473755  7.92702428  5.45379457
  5.00908737  8.20324026  7.36810962  5.98001475] 

Mean Previous Drone Positions [2.435462 2.435462 2.435462 2.435462 2.435462 2.435462 2.435462 2.435462
 2.435462 2.435462]_[7.83115701 7.83115701 7.83115701 7.83115701 7.83115701 7.83115701
 7.83115701 7.83115701 7.83115701 7.83115701] 

relative Drone Positions [ 18.63964731  14.49750347  10.35535962   6.21321577   2.07107192
  -2.07107192  -6.21321577 -10.35535962 -14.49750347 -18.63964731]_[ 3.12626742  2.43154133  1.73681523  1.04208914  0.34736305 -0.34736305
 -1.04208914 -1.73681523 -2.43154133 -3.12626742] 

current starting Drone Positions [ 21.07510932  16.93296547  12.79082162   8.64867777   4.50653393
   0.36439008  -3.77775377  -7.91989762 -12.06204147 -16.20418531]_[10.95742443 10.26269833  9.56797224  8.87324615  8.17852005  7.48379396
  6.78906787  6.09434177  5.39961568  4.70488959] 

scanning direction vector [-0.16398195 -0.16398195 -0.16398195 -0.16398195 -0.16398195 -0.16398195
 -0.16398195 -0.16398195 -0.16398195 -0.16398195]_[0.97770452 0.97770452 0.97770452 0.97770452 0.97770452 0.97770452
 0.97770452 0.97770452 0.97770452 0.97770452] 

changing back speed 0.3 

velocity vector [ 1.048614    0.9218931   0.29294478  0.24418056  0.23530979 -0.55610832
 -0.27341619 -0.8098091  -1.59462045 -1.14880771]_[1.76631293 1.29193308 0.66462756 0.5752571  1.05315325 1.58670434
 1.51169867 0.34503497 0.38715634 0.59516697] 

Moving Straight [ 18.08173679  14.23527507  11.56067729   7.53231662   3.41087124
   1.11536964  -3.68638918  -6.57694956  -8.88786693 -14.0702405 ]_[10.09504267 10.50720289 11.27618966 10.78999465  8.98017753  7.04049891
  6.52078604  8.54827524  7.75526596  6.57518172] 

drones next lat [48.33592825 48.33593165 48.33593836 48.33593366 48.33591706 48.33589943
 48.33589437 48.33591238 48.33590507 48.33589404] drones next lon [14.32688677 14.32683483 14.32679865 14.32674435 14.32668896 14.32665822
 14.32659349 14.32655425 14.32652316 14.32645338] 
WayPoint_Count 13 

Leader Index 2 

Leader Contour 129.0 

Contour Threshold 175 

Previous Drone Positions [ 18.08173679  14.23527507  11.56067729   7.53231662   3.41087124
   1.11536964  -3.68638918  -6.57694956  -8.88786693 -14.0702405 ]_[10.09504267 10.50720289 11.27618966 10.78999465  8.98017753  7.04049891
  6.52078604  8.54827524  7.75526596  6.57518172] 

Mean Previous Drone Positions [2.27148005 2.27148005 2.27148005 2.27148005 2.27148005 2.27148005
 2.27148005 2.27148005 2.27148005 2.27148005]_[8.80886153 8.80886153 8.80886153 8.80886153 8.80886153 8.80886153
 8.80886153 8.80886153 8.80886153 8.80886153] 

relative Drone Positions [ 18.63964731  14.49750347  10.35535962   6.21321577   2.07107192
  -2.07107192  -6.21321577 -10.35535962 -14.49750347 -18.63964731]_[ 3.12626742  2.43154133  1.73681523  1.04208914  0.34736305 -0.34736305
 -1.04208914 -1.73681523 -2.43154133 -3.12626742] 

current starting Drone Positions [ 20.91112736  16.76898351  12.62683967   8.48469582   4.34255197
   0.20040812  -3.94173572  -8.08387957 -12.22602342 -16.36816727]_[11.93512895 11.24040285 10.54567676  9.85095067  9.15622457  8.46149848
  7.76677239  7.0720463   6.3773202   5.68259411] 

scanning direction vector [-0.16398195 -0.16398195 -0.16398195 -0.16398195 -0.16398195 -0.16398195
 -0.16398195 -0.16398195 -0.16398195 -0.16398195]_[0.97770452 0.97770452 0.97770452 0.97770452 0.97770452 0.97770452
 0.97770452 0.97770452 0.97770452 0.97770452] 

changing back speed 0.3 

velocity vector [ 0.68483522  0.59613058  0.15586676  0.12173181  0.11552227 -0.43847041
 -0.24058592 -0.61606096 -1.1654289  -0.85335999]_[1.5297304  1.19766451 0.75855065 0.69599133 1.03051864 1.40400439
 1.35150043 0.53483584 0.56432079 0.70992824] 

Moving Straight [ 18.76657201  14.83140565  11.71654405   7.65404842   3.5263935
   0.67689923  -3.9269751   -7.19301051 -10.05329583 -14.92360048]_[11.62477308 11.7048674  12.03474031 11.48598598 10.01069617  8.4445033
  7.87228647  9.08311108  8.31958676  7.28510996] 

drones next lat [48.33594206 48.33594247 48.33594519 48.33593994 48.33592634 48.33591202
 48.33590651 48.33591715 48.33591005 48.33590036] drones next lon [14.32689583 14.32684273 14.32680066 14.32674591 14.32669039 14.32665213
 14.32659008 14.32654587 14.32650737 14.32644178] 
WayPoint_Count 14 

Leader Index 4 

Leader Contour 156.5 

Contour Threshold 175 

Previous Drone Positions [ 18.76657201  14.83140565  11.71654405   7.65404842   3.5263935
   0.67689923  -3.9269751   -7.19301051 -10.05329583 -14.92360048]_[11.62477308 11.7048674  12.03474031 11.48598598 10.01069617  8.4445033
  7.87228647  9.08311108  8.31958676  7.28510996] 

Mean Previous Drone Positions [2.10749809 2.10749809 2.10749809 2.10749809 2.10749809 2.10749809
 2.10749809 2.10749809 2.10749809 2.10749809]_[9.78656605 9.78656605 9.78656605 9.78656605 9.78656605 9.78656605
 9.78656605 9.78656605 9.78656605 9.78656605] 

relative Drone Positions [ 18.63964731  14.49750347  10.35535962   6.21321577   2.07107192
  -2.07107192  -6.21321577 -10.35535962 -14.49750347 -18.63964731]_[ 3.12626742  2.43154133  1.73681523  1.04208914  0.34736305 -0.34736305
 -1.04208914 -1.73681523 -2.43154133 -3.12626742] 

current starting Drone Positions [ 20.74714541  16.60500156  12.46285771   8.32071387   4.17857002
   0.03642617  -4.10571768  -8.24786153 -12.39000537 -16.53214922]_[12.91283347 12.21810738 11.52338128 10.82865519 10.1339291   9.439203
  8.74447691  8.04975082  7.35502472  6.66029863] 

scanning direction vector [-0.16398195 -0.16398195 -0.16398195 -0.16398195 -0.16398195 -0.16398195
 -0.16398195 -0.16398195 -0.16398195 -0.16398195]_[0.97770452 0.97770452 0.97770452 0.97770452 0.97770452 0.97770452
 0.97770452 0.97770452 0.97770452 0.97770452] 

changing back speed 0.3 

velocity vector [ 0.43019007  0.36809682  0.05991215  0.03601768  0.031671   -0.35612387
 -0.21760473 -0.48043726 -0.86499482 -0.64654658]_[1.36412264 1.13167651 0.82429681 0.78050529 1.0146744  1.27611443
 1.23936165 0.66769644 0.68833591 0.79026112] 

Moving Straight [ 19.19676208  15.19950247  11.77645619   7.6900661    3.5580645
   0.32077536  -4.14457983  -7.67344777 -10.91829065 -15.57014706]_[12.98889572 12.83654392 12.85903713 12.26649126 11.02537057  9.72061773
  9.11164812  9.75080752  9.00792267  8.07537108] 

drones next lat [48.33595437 48.33595268 48.33595261 48.33594696 48.33593547 48.33592347
 48.33591764 48.33592311 48.33591618 48.33590742] drones next lon [14.32690147 14.32684756 14.32680137 14.32674631 14.3266907  14.32664718
 14.326587   14.32653931 14.32649562 14.32643296] 
WayPoint_Count 15 

Leader Index 4 

Leader Contour 300.5 

Contour Threshold 175 

Converging Before Rutherford Scattering [ 16.31412494  14.22323223   9.47142061   6.65676417   2.87724726
   1.21749084  -1.24561398  -5.58360151  -9.67010329 -13.97043399]_[12.30018925 12.53852658 13.35912228 11.22019274 11.7578239  10.75406081
  9.30703586 10.97104463  9.96456274  9.30645848] 

Minimum Distance Within Rutherford Scattering 4.2 

Converging After Rutherford Scattering [ 17.6791785   14.01561396   9.74669349   7.02164051   3.36467378
   0.88304448  -1.90577761  -5.80408239 -10.03020924 -14.68024821]_[12.17642319 12.60797203 14.00733206 10.62123266 12.78265638 10.48936542
  8.38085209 11.31500829  9.89253625  9.20563891] 

drones next lat [48.33594694 48.33595053 48.33596278 48.33593211 48.33595126 48.33593043
 48.33591125 48.33593733 48.3359242  48.33591766] drones next lon [14.32688109 14.32683161 14.32677385 14.32673748 14.32668788 14.32665467
 14.32661729 14.32656435 14.3265075  14.32644484] 
WayPoint_Count 16 

Leader Index 4 

Leader Contour 312.5 

Contour Threshold 175 

Converging Before Rutherford Scattering [ 15.06869077  12.29718717   8.2251422    4.43688368   3.13631843
   2.56220111   0.1361731   -4.3753087   -7.08485546 -12.00566493]_[11.47040744 11.68115067 12.73370629 12.14405795 11.80907852 10.86910631
 10.52489858 10.79339595 10.17571362  8.89311723] 

Minimum Distance Within Rutherford Scattering 4.2 

Converging After Rutherford Scattering [ 16.28880595  12.49946492   8.94543179   5.65023172   2.30235477
   2.76403182  -0.83901097  -4.52669278  -7.99744673 -12.69040314]_[11.38356248 11.53962368 13.23696307 12.48531836 13.505282    8.94889595
 10.14996534 11.09073979 10.0204771   8.7338048 ] 

drones next lat [48.3359397  48.3359408  48.33595579 48.33594877 48.33595768 48.33591673
 48.33592725 48.33593542 48.33592551 48.33591357] drones next lon [14.32686243 14.32681128 14.32676313 14.32671876 14.32667346 14.32668023
 14.32663148 14.32658161 14.32653491 14.32647174] 
WayPoint_Count 17 

Leader Index 4 

Leader Contour 277.0 

Contour Threshold 175 

Converging Before Rutherford Scattering [ 14.99844553   9.573483     6.1094259    2.85083117   1.64057236
   2.97297411   0.18022648  -2.13586138  -6.79628311 -11.21007303]_[12.41016847 11.6456177  13.86390865 12.60492161 14.25497796 11.85054089
 12.54758079 10.89444434  9.94084722  8.43536725] 

Minimum Distance Within Rutherford Scattering 4.2 

Converging After Rutherford Scattering [ 15.65223938  10.28243767   7.13345272   3.49942515   1.07480037
   3.53151386  -0.72430146  -3.02040102  -7.34448782 -11.90093781]_[12.44312472 11.234817   14.68685893 13.36259889 16.42324413  9.5102697
 12.66222064 10.05474525  9.85876232  8.2117333 ] 

drones next lat [48.33594918 48.33593788 48.33596869 48.33595649 48.33598383 48.33592184
 48.33594985 48.33592622 48.33592411 48.33590894] drones next lon [14.32685371 14.32678141 14.32673851 14.32668963 14.32665656 14.32669052
 14.32663273 14.32660206 14.32654374 14.32648245] 
WayPoint_Count 18 

Leader Index 4 

Leader Contour 211.0 

Contour Threshold 175 

Converging Before Rutherford Scattering [ 12.79346937   9.33634922   4.35404987   2.46867956   0.16233156
   3.84908368   0.7717703   -0.96116818  -5.64131715 -10.57555617]_[13.33900219 11.61178121 14.72222484 13.95283845 16.01409787 11.23588075
 13.69229092 11.94789901 12.0805661   8.35008726] 

Minimum Distance Within Rutherford Scattering 4.2 

Converging After Rutherford Scattering [ 13.69648751   9.81287058   5.94374445   3.05826149  -0.55661043
   4.36029027  -0.27561429  -1.91890652  -6.4921237  -11.07070731]_[13.57349669 11.12978592 15.95956151 14.11594086 17.80010088  9.83595771
 13.73511782 10.5910611  12.12836812  8.07727799] 

drones next lat [48.33595919 48.3359369  48.33598004 48.33596323 48.33599609 48.33592483
 48.33595954 48.33593113 48.3359446  48.33590779] drones next lon [14.32682719 14.32677508 14.32672231 14.32668359 14.32663438 14.32670167
 14.32663865 14.32661685 14.32655497 14.32649367] 
WayPoint_Count 19 

Leader Index 4 

Leader Contour 211.5 

Contour Threshold 175 

Converging Before Rutherford Scattering [ 11.8404477    7.54108104   3.73531628   1.33389356  -1.21710417
   3.89255528  -0.19851461  -1.06578604  -4.04629348 -10.17912247]_[15.14021317 11.40419521 17.46323092 14.59733541 17.04926933 12.35028556
 14.75374739 13.43258763 13.49284059 10.25204065] 

Minimum Distance Within Rutherford Scattering 4.2 

Converging After Rutherford Scattering [ 12.51895973   8.47136149   4.53874229   2.56864773  -2.06999569
   4.38218406  -0.85991343  -1.6600999   -5.52315997 -10.73025321]_[15.33810836 10.79751271 18.6301194  14.63647645 18.87393606 11.31202973
 15.42465482 11.57031649 13.3490818  10.00351003] 

drones next lat [48.33597497 48.33593381 48.33600396 48.33596788 48.33600563 48.33593811
 48.33597469 48.33593996 48.33595565 48.33592515] drones next lon [14.3268111  14.32675702 14.32670303 14.32667692 14.32661383 14.32670179
 14.32663057 14.32662023 14.3265679  14.32649804] 
WayPoint_Count 20 

Leader Index 4 

Leader Contour 338.0 

Contour Threshold 175 

Converging Before Rutherford Scattering [  9.70969527   7.5688949    2.33994162   0.33108587  -2.57425477
   3.97487719  -1.13710602  -1.27739313  -5.38349768 -10.20526463]_[15.30835181 11.28545402 19.68361853 15.33656593 19.73748848 13.28775242
 18.2348503  12.69815307 15.43612236 10.94537253] 

Minimum Distance Within Rutherford Scattering 4.2 

Converging After Rutherford Scattering [ 10.47253338   8.21511102   3.14578456   0.65585382  -3.64717502
   4.37630225  -1.12886208  -1.73716621  -6.2904209  -10.7149822 ]_[15.62746804 10.51098639 20.60764215 15.10686847 21.17115563 12.89664805
 18.508447   11.50756    15.3745733  10.6423804 ] 

drones next lat [48.33597741 48.33593121 48.33602164 48.33597196 48.33602617 48.33595237
 48.33600242 48.33593939 48.33597382 48.33593089] drones next lon [14.32678345 14.3267536  14.326684   14.32665106 14.32659228 14.32670152
 14.32662658 14.3266192  14.3265573  14.32649817] 
WayPoint_Count 21 

Leader Index 4 

Leader Contour 305.0 

Contour Threshold 175 

Converging Before Rutherford Scattering [  7.73008455   7.72730627   0.17262488   0.41970326  -4.57347167
   3.06424356  -1.56711675  -3.12235871  -6.05137892 -10.35613682]_[16.83188718 11.86908068 20.57401723 16.34893761 21.54795069 15.32925199
 19.60953981 13.54173831 18.00115604 12.95766814] 

Minimum Distance Within Rutherford Scattering 4.2 

Converging After Rutherford Scattering [  8.54688913   8.25630225   1.27968954   0.30295607  -5.30918335
   3.84552163  -2.06694061  -3.47360141  -7.00560143 -10.93253215]_[17.20093735 11.22092897 21.83291622 16.0075141  22.70448529 14.78289197
 19.7306893  12.6326735  17.87014535 12.62804564] 

drones next lat [48.33599142 48.3359376  48.33603251 48.33598003 48.33603983 48.33596929
 48.33601334 48.33594937 48.33599621 48.33594874] drones next lon [14.32675728 14.32675407 14.32665868 14.32664619 14.32656968 14.32669413
 14.32661377 14.32659564 14.32654736 14.326495  ] 
WayPoint_Count 22 

Leader Index 4 

Leader Contour 285.0 

Contour Threshold 175 

Converging Before Rutherford Scattering [  5.71416322   7.45446631  -0.50098348  -0.12831998  -5.9255389
   2.74512106  -2.5564508   -4.78310097  -6.77227605 -10.41960952]_[17.71258374 11.82403432 23.0745635  17.01903665 23.49195329 17.00275964
 20.90664569 14.90973952 18.85397645 13.48746553] 

Minimum Distance Within Rutherford Scattering 4.2 

Converging After Rutherford Scattering [  6.91739701   7.88062096   0.18339772  -0.43287874  -6.57536085
   3.25444576  -2.72752044  -4.99639265  -7.6346052  -11.04163267]_[18.05780355 11.31764145 24.16157539 16.55274025 24.39757298 16.67852465
 21.04380875 14.09667607 18.88826979 13.08814543] 

drones next lat [48.335999   48.33593844 48.33605338 48.33598488 48.33605496 48.3359863
 48.3360251  48.33596242 48.33600532 48.33595287] drones next lon [14.32673519 14.32674899 14.32664361 14.3266362  14.32655239 14.32668593
 14.32660471 14.32657492 14.32653875 14.32649347] 
WayPoint_Count 23 

Leader Index 4 

Leader Contour 325.0 

Contour Threshold 175 

Converging Before Rutherford Scattering [ 4.38506529  6.99876342 -2.69493671 -2.23210896 -5.59385187  2.67982876
 -4.058213   -6.04338107 -6.26145418 -9.31043981]_[18.21663034 13.45862345 24.70716925 17.30320896 24.20615691 17.85647735
 23.34211987 15.40536042 20.75793393 15.03107505] 

Minimum Distance Within Rutherford Scattering 4.2 

Converging After Rutherford Scattering [  5.86209887   7.50781361  -1.54811594  -2.03954247  -6.97069517
   2.33615836  -3.61905015  -6.06987505  -7.2183572  -10.37116301]_[18.66949654 12.93149045 26.14180507 16.8928989  25.50435137 17.56997131
 22.93364767 14.6298567  20.44077649 14.57046104] 

drones next lat [48.33600442 48.33595293 48.33607105 48.33598781 48.33606489 48.33599425
 48.33604203 48.33596713 48.33601932 48.33596626] drones next lon [14.32672088 14.32674377 14.32662002 14.32661448 14.32654693 14.32667344
 14.32659245 14.32656037 14.32654418 14.32650234] 
WayPoint_Count 24 

Leader Index 5 

Leader Contour 333.5 

Contour Threshold 175 

Converging Before Rutherford Scattering [ 4.71243758  6.16388058  0.24383078  0.46627233 -4.50660011  1.65050959
 -1.72126597 -3.94231345 -4.4750307  -9.30958941]_[17.42377357 15.25631139 24.06328448 18.04714083 24.54209869 18.29790383
 22.50649191 14.31931221 19.30441552 15.49564247] 

Minimum Distance Within Rutherford Scattering 4.2 

Converging After Rutherford Scattering [  5.87952585   7.1539145    1.17211247  -0.52558758  -5.39934374
   2.59635917  -1.96070438  -4.18117951  -5.370506   -10.08245955]_[17.71547775 14.12907117 25.28544508 17.22932504 25.52593463 18.80411738
 22.72409314 13.3895744  19.23047505 15.22286126] 

drones next lat [48.33599584 48.33596367 48.33606356 48.33599096 48.33606521 48.33600537
 48.33604027 48.33595612 48.33600858 48.33597215] drones next lon [14.32672123 14.32673885 14.32665682 14.32663487 14.32656813 14.3266768
 14.32661485 14.326586   14.32656926 14.32650616] 
WayPoint_Count 25 

Leader Index 4 

Leader Contour 295.0 

Contour Threshold 175 

Converging Before Rutherford Scattering [ 4.39035956  4.67360512 -0.30296977 -2.52558981 -6.07840732  0.22983454
 -4.14821877 -3.78467842 -6.34649685 -9.99072184]_[17.8661939  15.50383771 26.2105649  19.11462549 24.79185517 20.64040833
 23.21660615 16.18237866 20.97503147 17.72074146] 

Minimum Distance Within Rutherford Scattering 4.2 

Converging After Rutherford Scattering [  5.16927779   5.21780843   0.23982857  -2.4567765   -7.10628311
   1.11092467  -3.76777796  -4.07192003  -7.33790065 -10.88046477]_[18.35039972 14.32136306 27.13746098 18.70620878 26.0704128  20.99170238
 23.72590479 14.87933355 20.76321305 17.27624414] 

drones next lat [48.33600149 48.33596525 48.33608015 48.33600409 48.33606997 48.33602493
 48.33604914 48.33596954 48.33602221 48.33599056] drones next lon [14.32671157 14.3267127  14.32664402 14.32660864 14.32654503 14.3266565
 14.32659035 14.3265873  14.32654253 14.32649515] 
WayPoint_Count 26 

Leader Index 5 

Leader Contour 312.5 

Contour Threshold 175 

Converging Before Rutherford Scattering [ 4.29474992  3.76301885  1.41416079 -1.71658445 -4.52444242  0.43058534
 -1.03251757 -3.76730241 -4.37998188 -8.4763572 ]_[20.03905216 15.11066667 25.60600042 19.4547714  25.49286083 20.25880511
 22.8851043  16.55373446 20.53269252 16.99854209] 

Minimum Distance Within Rutherford Scattering 4.2 

Converging After Rutherford Scattering [ 5.62261018  4.28298179  2.15189832 -1.90796008 -5.260214    1.49755719
 -1.11229823 -4.13716913 -5.66816631 -9.46391077]_[20.09619566 14.2800414  26.74341246 18.70355726 26.49647099 20.11985791
 23.79543174 15.21285771 20.86489566 16.61950916] 

drones next lat [48.33601723 48.3359648  48.33607676 48.33600411 48.33607395 48.33601712
 48.33604998 48.33597253 48.33602326 48.33598476] drones next lon [14.32671748 14.3267001  14.32666987 14.32661604 14.32656989 14.32666182
 14.32662617 14.32658638 14.32656505 14.32651434] 
WayPoint_Count 27 

Leader Index 5 

Leader Contour 230.5 

Contour Threshold 175 

Converging Before Rutherford Scattering [ 2.94408428  3.15946617  2.72731199  0.60401026 -3.49310515  1.81020468
 -0.7416067  -2.32663877 -3.63245191 -6.59762593]_[20.84221402 17.05014704 25.38867916 20.21812925 24.17394707 21.06972714
 21.54802313 17.4795375  19.65914454 17.50421983] 

Minimum Distance Within Rutherford Scattering 4.2 

Converging After Rutherford Scattering [ 5.55510987  4.06346684  3.33150801  0.52644641 -4.48146236  2.36401133
 -1.5259979  -2.5663677  -4.89186007 -7.9212055 ]_[20.62207157 15.70472888 26.74682173 18.8077178  25.46858043 22.39033947
 22.6696231  15.81504119 19.85930589 16.84953862] 

drones next lat [48.33602196 48.3359776  48.33607688 48.33600524 48.33606476 48.33603761
 48.33603982 48.33597807 48.33601427 48.33598696] drones next lon [14.32671651 14.32669697 14.32668578 14.32664888 14.32658052 14.32667324
 14.32662072 14.3266075  14.32657564 14.32653513] 
WayPoint_Count 28 

Leader Index 4 

Leader Contour 272.5 

Contour Threshold 175 

Converging Before Rutherford Scattering [ 2.79381623  1.74712115  0.39037845  0.30227546 -3.9063175   1.18402054
 -2.00115525 -3.95494803 -4.1005905  -7.33573284]_[21.77079439 17.24974588 26.17053898 20.61625657 26.28663201 23.97553978
 24.25818374 17.74215638 22.61787704 17.71929514] 

Minimum Distance Within Rutherford Scattering 4.2 

Converging After Rutherford Scattering [ 4.62290114  2.39584038  0.92892098  0.19853339 -5.02609875  2.23014221
 -2.20897566 -4.0725436  -5.46058774 -8.48926464]_[21.39464557 15.98612146 28.09735801 19.89101434 27.68230137 24.44087213
 24.59472792 16.77778597 22.30266364 17.2395295 ] 

drones next lat [48.33602883 48.33598    48.33608884 48.33601496 48.33608464 48.33605605
 48.33605708 48.33598661 48.33603621 48.33599042] drones next lon [14.32670384 14.32667443 14.3266532  14.32664432 14.32657291 14.32667119
 14.32661128 14.32658706 14.32656768 14.32652742] 
WayPoint_Count 29 

Leader Index 3 

Leader Contour 199.0 

Contour Threshold 175 

Converging Before Rutherford Scattering [ 3.40419914  0.81401867  1.3464361   1.18885461 -4.91204912  1.64557588
 -0.34351588 -2.20178397 -4.50022945 -5.84669484]_[21.48897385 18.52834821 26.90909178 20.02980876 26.03910297 21.64167644
 22.51527564 18.92291934 21.99441278 17.13954386] 

Minimum Distance Within Rutherford Scattering 4.2 

Converging After Rutherford Scattering [ 5.88448347  1.2303703   1.73732527  1.7625974  -5.64008296  2.44500193
 -1.23184404 -2.93617831 -5.75560475 -6.90125715]_[21.5047092  15.99308439 28.16171794 19.37342322 27.0545727  23.00388662
 23.56283802 18.09091868 22.17261469 16.29138816] 

drones next lat [48.33602992 48.33597997 48.33608948 48.33601043 48.33607894 48.33604314
 48.33604788 48.33599852 48.33603501 48.33598201] drones next lon [14.32672085 14.32665871 14.3266641  14.32666549 14.3265647  14.32667426
 14.32662459 14.32660224 14.32656372 14.32654895] 
WayPoint_Count 30 

Leader Index 5 

Leader Contour 190.5 

Contour Threshold 175 

Converging Before Rutherford Scattering [ 3.23285721  1.02915646  1.64119204  3.1266465  -4.85154172  3.23765073
  1.5248063  -2.32015768 -4.19405858 -5.84973798]_[22.87875065 18.80369901 27.1101091  21.44291072 26.18726326 23.61356513
 22.63568547 18.9307916  23.27797229 16.63847104] 

Minimum Distance Within Rutherford Scattering 4.2 

Converging After Rutherford Scattering [ 5.18790377  1.17221684  1.47344776  4.34448061 -5.60860699  4.33604089
  0.36192232 -2.95498251 -5.03554272 -6.70006669]_[22.68130892 17.26304342 28.64490646 19.44365658 27.27370757 25.9111731
 22.90872231 18.33562446 23.15464512 15.90243033] 

drones next lat [48.33604045 48.33599139 48.33609381 48.33601126 48.33608091 48.33606944
 48.33604212 48.33600072 48.3360439  48.33597853] drones next lon [14.32671131 14.32665777 14.32666049 14.32670031 14.32656509 14.32669943
 14.32664617 14.32660196 14.32657331 14.32655172] 
WayPoint_Count 31 

Leader Index 6 

Leader Contour 197.0 

Contour Threshold 175 

Converging Before Rutherford Scattering [ 3.17145172 -0.0322924   2.07919088  2.04173595 -3.53256964  2.20107387
 -0.57864891 -1.34361081 -3.309068   -5.09003718]_[21.77562418 19.63380235 26.51595828 20.14839557 26.98047825 23.86337848
 22.56912585 19.05520006 22.10116243 18.29277383] 

Minimum Distance Within Rutherford Scattering 4.2 

Converging After Rutherford Scattering [ 5.37602101  0.2923371   2.5130268   3.62471081 -4.23446538  2.94802015
 -0.95370128 -2.54291572 -4.90499642 -6.51081159]_[21.86585693 18.82480579 28.3505945  18.56594549 28.01218897 24.73223799
 23.32113698 17.29860079 22.47711007 17.48742177] 

drones next lat [48.33603313 48.33600537 48.33609124 48.33600331 48.33608767 48.33605873
 48.33604572 48.33599142 48.33603782 48.33599281] drones next lon [14.32671395 14.32664571 14.32667455 14.32669071 14.32658355 14.32668085
 14.32662837 14.32660764 14.32657516 14.32655408] 
WayPoint_Count 32 

Leader Index 4 

Leader Contour 190.5 

Contour Threshold 175 

Converging Before Rutherford Scattering [ 4.14083071 -1.45801786  1.26803952  1.41340004 -5.17533315  0.1767203
 -1.13441259 -3.02552128 -5.63564792 -5.85329874]_[23.83659876 21.11821822 28.90900463 19.74136121 28.35096298 25.25699009
 24.69974604 20.25945297 24.70095289 18.47015926] 

Minimum Distance Within Rutherford Scattering 4.2 

Converging After Rutherford Scattering [ 5.48137993 -0.81497288  1.7562479   2.50885289 -5.77430438  1.43315654
 -2.08223831 -3.88747536 -6.85774897 -7.04613831]_[23.80297317 20.84069301 30.22454462 18.58196018 29.44582468 25.96795422
 25.01347014 19.26595703 24.74939466 17.45067535] 

drones next lat [48.33605057 48.33602342 48.33610804 48.33600336 48.33610044 48.33606972
 48.33606086 48.33600901 48.33605811 48.33599243] drones next lon [14.32671514 14.32663054 14.32666412 14.32667565 14.3265626  14.32666026
 14.32661294 14.32658927 14.32654854 14.32654686] 
WayPoint_Count 33 

Leader Index 5 

Leader Contour 225.5 

Contour Threshold 175 

Converging Before Rutherford Scattering [ 4.00516052 -0.21549536  1.05434561  3.01304039 -2.99423599  1.67048311
  0.51385451 -2.27562092 -5.26293683 -6.63224073]_[25.70396666 23.65140219 27.39546593 21.17104794 28.78142375 24.9965243
 26.28350375 19.90265171 25.96358341 18.94346441] 

Minimum Distance Within Rutherford Scattering 4.2 

Converging After Rutherford Scattering [ 6.04830784 -1.02132493  1.93721137  3.93797648 -3.72477658  2.74341812
 -0.57961342 -2.52329997 -6.48127817 -7.46026641]_[26.19120052 22.66105523 29.69121402 19.92760499 30.06382493 24.36194437
 26.72951115 18.78346594 25.98159671 18.40161619] 

drones next lat [48.3360721  48.33603978 48.33610326 48.33601558 48.33610616 48.33605538
 48.33607642 48.33600478 48.33606922 48.33600095] drones next lon [14.3267225  14.32662754 14.32666662 14.32669477 14.32659018 14.32667813
 14.32663301 14.32660773 14.32655347 14.32654116] 
WayPoint_Count 34 

Leader Index 5 

Leader Contour 200.5 

Contour Threshold 175 

Converging Before Rutherford Scattering [ 3.34973407 -0.1927812   1.27528281  4.23976959 -2.9802971   3.65318981
  0.68756225 -0.15600383 -3.62060723 -5.00129884]_[24.9065899  23.375793   27.98997417 22.42821393 28.0864905  24.77705334
 26.50129128 20.13114454 26.09012019 18.72909974] 

Minimum Distance Within Rutherford Scattering 4.2 

Converging After Rutherford Scattering [ 3.21793603 -0.84115732  2.00172012  5.27191376 -3.83396723  6.59040432
 -0.08965197 -0.17188898 -5.14147812 -5.74928026]_[25.41695345 22.68218617 30.21151116 20.83355364 29.66460419 24.91677624
 26.86850401 18.67050046 25.66728239 18.08389889] 

drones next lat [48.33606491 48.33603999 48.33610794 48.33602384 48.33610256 48.33606067
 48.33607771 48.33600395 48.3360665  48.33599823] drones next lon [14.32668441 14.32662996 14.32666743 14.32671266 14.32658876 14.32672997
 14.32663961 14.32663947 14.32657159 14.32656429] 
WayPoint_Count 35 

Leader Index 5 

Leader Contour 187.0 

Contour Threshold 175 

Converging Before Rutherford Scattering [ 4.71914397  0.31352343  4.01408027  6.81091245 -1.05429501  6.5080476
  1.18576337  2.26630789 -3.98324703 -4.87168766]_[24.24471832 23.90730404 29.41179164 23.1181303  28.55413368 23.92017332
 25.54285634 20.27445068 26.0857478  19.54211818] 

Minimum Distance Within Rutherford Scattering 4.2 

Converging After Rutherford Scattering [ 4.49830832 -0.64872429  4.53052379  8.26484251 -1.64078546  8.13107894
  1.17579982  2.29159648 -5.19586122 -5.4982296 ]_[24.15478413 22.90964168 30.57414799 21.25327559 29.81315633 25.29663986
 26.44307569 18.96432816 26.22069748 18.97167738] 

drones next lat [48.33605365 48.33604205 48.33611141 48.33602785 48.33610407 48.33606421
 48.33607398 48.33600679 48.33607147 48.33600624] drones next lon [14.32670183 14.32663253 14.32670151 14.326753   14.32661833 14.32675071
 14.32665673 14.32667267 14.32657079 14.32656757] 
WayPoint_Count 36 

Leader Index 4 

Leader Contour 138.5 

Contour Threshold 175 

Previous Drone Positions [ 4.49830832 -0.64872429  4.53052379  8.26484251 -1.64078546  8.13107894
  1.17579982  2.29159648 -5.19586122 -5.4982296 ]_[24.15478413 22.90964168 30.57414799 21.25327559 29.81315633 25.29663986
 26.44307569 18.96432816 26.22069748 18.97167738] 

Mean Previous Drone Positions [1.59085493 1.59085493 1.59085493 1.59085493 1.59085493 1.59085493
 1.59085493 1.59085493 1.59085493 1.59085493]_[24.46014243 24.46014243 24.46014243 24.46014243 24.46014243 24.46014243
 24.46014243 24.46014243 24.46014243 24.46014243] 

relative Drone Positions [-17.4498924  -13.57213853  -9.69438467  -5.8166308   -1.93887693
   1.93887693   5.8166308    9.69438467  13.57213853  17.4498924 ]_[ 7.26025173  5.64686246  4.03347318  2.42008391  0.80669464 -0.80669464
 -2.42008391 -4.03347318 -5.64686246 -7.26025173] 

current starting Drone Positions [-15.85903747 -11.98128361  -8.10352974  -4.22577587  -0.348022
   3.52973186   7.40748573  11.2852396   15.16299346  19.04074733]_[31.72039416 30.10700489 28.49361561 26.88022634 25.26683707 23.65344779
 22.04005852 20.42666925 18.81327997 17.1998907 ] 

scanning direction vector [-0.21615918 -0.21615918 -0.21615918 -0.21615918 -0.21615918 -0.21615918
 -0.21615918 -0.21615918 -0.21615918 -0.21615918]_[-0.51953493 -0.51953493 -0.51953493 -0.51953493 -0.51953493 -0.51953493
 -0.51953493 -0.51953493 -0.51953493 -0.51953493] 

changing back speed 0.3 

velocity vector [-6.32336291 -3.61592697 -4.00637524 -3.96334469  0.17166986 -1.5965633
  1.6533466   2.48193376  5.89149723  7.1455339 ]_[ 1.75014808  1.63967403 -1.14369464  1.1685503  -1.88343071 -1.01249255
 -1.84044008 -0.0808326  -2.74176018 -1.05107094] 

Moving Straight [-1.8250546  -4.26465126  0.52414856  4.30149782 -1.4691156   6.53451564
  2.82914642  4.77353024  0.695636    1.6473043 ]_[25.90493221 24.54931571 29.43045335 22.42182588 27.92972562 24.28414731
 24.60263561 18.88349556 23.4789373  17.92060645] 

drones next lat [48.3360689  48.33605651 48.3361008  48.33603805 48.33608714 48.33605498
 48.33605755 48.33600626 48.33604727 48.33599735] drones next lon [14.32661631 14.32658355 14.32664759 14.32669938 14.32662087 14.32672929
 14.32667926 14.32670617 14.3266506  14.3266641 ] 
WayPoint_Count 37 

Leader Index 4 

Leader Contour 107.0 

Contour Threshold 175 

Previous Drone Positions [-1.8250546  -4.26465126  0.52414856  4.30149782 -1.4691156   6.53451564
  2.82914642  4.77353024  0.695636    1.6473043 ]_[25.90493221 24.54931571 29.43045335 22.42182588 27.92972562 24.28414731
 24.60263561 18.88349556 23.4789373  17.92060645] 

Mean Previous Drone Positions [1.37469575 1.37469575 1.37469575 1.37469575 1.37469575 1.37469575
 1.37469575 1.37469575 1.37469575 1.37469575]_[23.9406075 23.9406075 23.9406075 23.9406075 23.9406075 23.9406075
 23.9406075 23.9406075 23.9406075 23.9406075] 

relative Drone Positions [-17.4498924  -13.57213853  -9.69438467  -5.8166308   -1.93887693
   1.93887693   5.8166308    9.69438467  13.57213853  17.4498924 ]_[ 7.26025173  5.64686246  4.03347318  2.42008391  0.80669464 -0.80669464
 -2.42008391 -4.03347318 -5.64686246 -7.26025173] 

current starting Drone Positions [-16.07519665 -12.19744278  -8.31968892  -4.44193505  -0.56418118
   3.31357269   7.19132655  11.06908042  14.94683429  18.82458815]_[31.20085923 29.58746996 27.97408068 26.36069141 24.74730214 23.13391286
 21.52052359 19.90713432 18.29374504 16.68035577] 

scanning direction vector [-0.21615918 -0.21615918 -0.21615918 -0.21615918 -0.21615918 -0.21615918
 -0.21615918 -0.21615918 -0.21615918 -0.21615918]_[-0.51953493 -0.51953493 -0.51953493 -0.51953493 -0.51953493 -0.51953493
 -0.51953493 -0.51953493 -0.51953493 -0.51953493] 

changing back speed 0.3 

velocity vector [-4.49120179 -2.59599663 -2.86931042 -2.83918904  0.05532115 -1.18244206
  1.09249486  1.67250588  4.05920031  4.93702598]_[ 1.06924318  0.99191134 -0.95644673  0.66212473 -1.47426198 -0.86460526
 -1.44416854 -0.2124433  -2.07509261 -0.89161013] 

Moving Straight [-6.31625639 -6.8606479  -2.34516186  1.46230878 -1.41379445  5.35207358
  3.92164128  6.44603612  4.75483631  6.58433028]_[26.97417539 25.54122706 28.47400662 23.08395061 26.45546365 23.41954204
 23.15846707 18.67105225 21.40384469 17.02899631] 

drones next lat [48.33607816 48.33606523 48.33609197 48.33604378 48.33607388 48.33604711
 48.33604465 48.33600448 48.33602893 48.33598972] drones next lon [14.32655558 14.32654841 14.32660898 14.326661   14.32662179 14.32671344
 14.32669417 14.32672876 14.32670562 14.32673082] 
WayPoint_Count 38 

Leader Index 4 

Leader Contour 258.5 

Contour Threshold 175 

Converging Before Rutherford Scattering [-4.49831928 -4.46096811 -2.4897199   0.07798466 -0.41429265  3.75648658
  1.31432187  4.72791282  2.74427107  5.90959257]_[25.77845949 24.96816574 26.47160581 25.6017961  26.42390175 23.26492077
 24.63320493 19.12358796 21.78475694 19.3392482 ] 

Minimum Distance Within Rutherford Scattering 4.2 

Converging After Rutherford Scattering [-6.71737136 -5.5978968  -3.27820888 -0.60923534  0.23336542  5.82931643
  2.52157942  4.23727341  2.11788489  7.93056244]_[27.08488402 23.02373572 27.6405405  24.9871196  29.16174768 23.88146867
 24.73642024 17.39482647 20.55896967 18.91993513] 

drones next lat [48.33607913 48.33604268 48.3360844  48.33606074 48.33609836 48.3360513
 48.33605873 48.33599282 48.33602112 48.33600683] drones next lon [14.32655016 14.32656574 14.32659649 14.32663282 14.32664369 14.32671982
 14.32667509 14.32669911 14.32667014 14.32674876] 
WayPoint_Count 39 

Leader Index 4 

Leader Contour 237.0 

Contour Threshold 175 

Converging Before Rutherford Scattering [-5.67451553 -5.21231835 -2.08690662 -0.3579144  -0.63173081  3.37468173
  0.71253333  4.32509439  2.16002445  6.9627502 ]_[27.17051539 24.60043154 27.67043633 25.9580619  29.66335362 25.24906387
 26.96808403 18.60700009 21.6300357  19.54645557] 

Minimum Distance Within Rutherford Scattering 4.2 

Converging After Rutherford Scattering [-7.14728281 -6.12183324 -3.03667845 -0.83966371 -0.41631982  4.83369483
  1.92491675  4.24501448  1.94199867  8.18785168]_[27.8771659  23.48711433 28.35381965 24.73046875 31.61609993 25.31070125
 28.00705432 17.37511549 20.95847928 19.34741913] 

drones next lat [48.33608622 48.33604681 48.33609083 48.33605841 48.33612039 48.33606408
 48.33608811 48.33599264 48.3360247  48.3360107 ] drones next lon [14.32654426 14.32655862 14.32659967 14.32662974 14.32663464 14.32670622
 14.32666665 14.32669922 14.32666772 14.32675218] 
WayPoint_Count 40 

Leader Index 4 

Leader Contour 234.0 

Contour Threshold 175 

Converging Before Rutherford Scattering [-5.76825874e+00 -5.56371036e+00 -1.06268038e+00 -5.76193229e-03
  1.81781201e-01  4.31960265e+00  1.60206165e+00  3.24285762e+00
  2.23635278e+00  7.77373491e+00]_[27.91906198 25.93091186 29.22072552 26.02367836 32.41752065 26.20440175
 30.32823974 18.3508979  23.59844937 21.66375322] 

Minimum Distance Within Rutherford Scattering 4.2 

Converging After Rutherford Scattering [-6.8335447  -6.31280647 -1.80214965 -0.4205313  -0.04415976  5.41621784
  2.73391123  3.24614093  2.36755972  8.60534157]_[28.84729994 24.77343554 29.65663567 25.56475778 34.05535308 26.48980303
 30.84713337 17.45662819 22.64127732 21.32531643] 

drones next lat [48.33609497 48.33605837 48.33610265 48.33606595 48.33614236 48.33607473
 48.33611372 48.3359933  48.33603987 48.33602853] drones next lon [14.32654838 14.32655589 14.32661617 14.3266353  14.32663937 14.32671394
 14.32667723 14.32668573 14.32667326 14.32675758] 
WayPoint_Count 41 

Leader Index 5 

Leader Contour 120.5 

Contour Threshold 175 

Previous Drone Positions [-6.8335447  -6.31280647 -1.80214965 -0.4205313  -0.04415976  5.41621784
  2.73391123  3.24614093  2.36755972  8.60534157]_[28.84729994 24.77343554 29.65663567 25.56475778 34.05535308 26.48980303
 30.84713337 17.45662819 22.64127732 21.32531643] 

Mean Previous Drone Positions [0.69559794 0.69559794 0.69559794 0.69559794 0.69559794 0.69559794
 0.69559794 0.69559794 0.69559794 0.69559794]_[26.16576403 26.16576403 26.16576403 26.16576403 26.16576403 26.16576403
 26.16576403 26.16576403 26.16576403 26.16576403] 

relative Drone Positions [-18.7393737  -14.57506843 -10.41076317  -6.2464579   -2.08215263
   2.08215263   6.2464579   10.41076317  14.57506843  18.7393737 ]_[ 2.45883577  1.91242782  1.36601987  0.81961192  0.27320397 -0.27320397
 -0.81961192 -1.36601987 -1.91242782 -2.45883577] 

current starting Drone Positions [-18.04377576 -13.87947049  -9.71516522  -5.55085996  -1.38655469
   2.77775057   6.94205584  11.10636111  15.27066637  19.43497164]_[28.62459981 28.07819186 27.53178391 26.98537596 26.43896801 25.89256006
 25.34615211 24.79974416 24.25333621 23.70692826] 

scanning direction vector [-0.68498084 -0.68498084 -0.68498084 -0.68498084 -0.68498084 -0.68498084
 -0.68498084 -0.68498084 -0.68498084 -0.68498084]_[-5.22040226 -5.22040226 -5.22040226 -5.22040226 -5.22040226 -5.22040226
 -5.22040226 -5.22040226 -5.22040226 -5.22040226] 

changing back speed 0.3 

velocity vector [-4.04805015 -2.95498004 -3.05888551 -2.22407943 -1.08769932 -1.47652101
  0.57746255  1.67308522  3.18595116  2.56390819]_[-5.2872123  -4.22897537 -5.85785779 -4.79421681 -7.50531779 -5.39957516
 -6.87069664 -3.01746747 -4.7367846  -4.50591872] 

Moving Straight [-10.88159485  -9.26778651  -4.86103516  -2.64461073  -1.13185907
   3.93969682   3.31137378   4.91922615   5.55351088  11.16924976]_[23.56008763 20.54446017 23.79877788 20.77054097 26.5500353  21.09022788
 23.97643673 14.43916071 17.90449272 16.81939772] 

drones next lat [48.33604709 48.33602009 48.33604971 48.33602265 48.33607476 48.33602604
 48.33605196 48.33596629 48.33599751 48.33598819] drones next lon [14.32649439 14.32651652 14.32657559 14.32660586 14.32662558 14.32669466
 14.32668584 14.32670866 14.32671681 14.32679271] 
WayPoint_Count 42 

Leader Index 4 

Leader Contour 276.0 

Contour Threshold 175 

Converging Before Rutherford Scattering [-9.41853277 -8.23856561 -3.95242316 -1.31311106 -1.81798955  3.45794603
  1.47256393  4.9025462   4.63388605  9.95810946]_[25.03998196 20.91752602 25.69950684 22.140332   27.2775138  22.07950162
 25.97299298 16.70833728 18.5339122  17.12625745] 

Minimum Distance Within Rutherford Scattering 4.2 

Converging After Rutherford Scattering [-10.22141402  -8.71897105  -4.7785064   -1.60265163  -1.76100787
   3.95538051   2.20796457   4.99486613   4.85053778  10.75823151]_[25.42068555 20.28247905 25.8116386  21.52158901 28.55427044 22.460808
 26.6732998  15.09860978 18.74476819 16.9277137 ] 

drones next lat [48.33606388 48.33601778 48.33606783 48.33602948 48.33609274 48.33603837
 48.33607613 48.33597222 48.33600501 48.33598913] drones next lon [14.32650308 14.32652396 14.32657647 14.32661983 14.32661686 14.32669471
 14.32667063 14.3267096  14.32670723 14.32678715] 
WayPoint_Count 43 

Leader Index 4 

Leader Contour 297.0 

Contour Threshold 175 

Converging Before Rutherford Scattering [-9.33297635 -7.36145282 -3.66754047 -1.40523026 -2.03339234  2.36236143
  0.81755117  5.09379755  2.84321598  8.30718063]_[26.27573117 20.81546738 26.22742656 22.55091686 29.51645894 24.89387029
 26.62086557 16.97147967 20.8601301  18.458073  ] 

Minimum Distance Within Rutherford Scattering 4.2 

Converging After Rutherford Scattering [-10.10344833  -7.91948792  -4.37019859  -1.79680973  -2.21894283
   3.5580199    1.0245238    5.09136216   3.08816499   9.27033109]_[26.53390905 20.26283763 26.39086203 21.89346584 30.78702832 24.91227097
 27.62711319 16.02019088 20.37001824 18.3927234 ] 

drones next lat [48.3360739  48.33601766 48.33607307 48.33603281 48.33611279 48.33606039
 48.33608462 48.33598052 48.3360195  48.3360022 ] drones next lon [14.32650454 14.32653475 14.32658191 14.32661716 14.32661041 14.32668906
 14.32665455 14.3267108  14.32668325 14.3267669 ] 
WayPoint_Count 44 

Leader Index 4 

Leader Contour 289.5 

Contour Threshold 175 

Converging Before Rutherford Scattering [-8.67532247 -6.59766706 -2.65873749 -2.21240234 -1.47065565  1.85377498
  0.26038318  5.13473033  1.58338853  6.91169966]_[28.42666864 22.95075094 27.63309233 24.83837406 31.45040325 25.38498039
 28.27895656 18.17839311 21.34974409 19.81438763] 

Minimum Distance Within Rutherford Scattering 4.2 

Converging After Rutherford Scattering [-9.4684943  -7.38778297 -3.52091199 -2.56233905 -1.55750828  2.87226395
  1.10869474  5.07132581  1.50882763  8.06511611]_[28.76011492 22.34802687 28.20285838 24.04108147 32.81145739 25.34727397
 29.09579605 17.02847199 20.63300769 20.03766227] 

drones next lat [48.33609398 48.33603646 48.33608944 48.33605207 48.33613105 48.33606425
 48.33609784 48.33598959 48.33602174 48.3360169 ] drones next lon [14.32651284 14.32654167 14.32659315 14.32660658 14.3266191  14.32667975
 14.32665551 14.32671041 14.32666191 14.32675045] 
WayPoint_Count 45 

Leader Index 5 

Leader Contour 253.5 

Contour Threshold 175 

Converging Before Rutherford Scattering [-7.00031106 -4.71006727 -0.98696769  0.09287733  0.3802623   3.65756632
  1.14185191  3.59683162  3.06318625  5.69679579]_[27.38570483 23.56137881 26.68081627 23.80486496 31.49031236 25.96638639
 27.86092131 19.23028267 22.50331757 21.71095167] 

Minimum Distance Within Rutherford Scattering 4.2 

Converging After Rutherford Scattering [-7.91968409 -5.62953007 -2.06712758 -0.55393243  0.30415025  4.97547226
  1.64190584  3.64563413  3.2085118   7.3266254 ]_[27.8124005  22.88307317 27.14863972 23.02827104 32.85799455 26.50602502
 28.85870335 17.69387221 22.05551396 21.35044332] 

drones next lat [48.33608558 48.33604141 48.33608007 48.33604312 48.33613162 48.33607484
 48.33609575 48.33599546 48.33603467 48.33602865] drones next lon [14.32653385 14.32656533 14.32661289 14.3266338  14.32664421 14.32670799
 14.32666273 14.32669109 14.32668468 14.32674033] 
WayPoint_Count 46 

Leader Index 4 

Leader Contour 150.5 

Contour Threshold 175 

Previous Drone Positions [-7.91968409 -5.62953007 -2.06712758 -0.55393243  0.30415025  4.97547226
  1.64190584  3.64563413  3.2085118   7.3266254 ]_[27.8124005  22.88307317 27.14863972 23.02827104 32.85799455 26.50602502
 28.85870335 17.69387221 22.05551396 21.35044332] 

Mean Previous Drone Positions [0.49320255 0.49320255 0.49320255 0.49320255 0.49320255 0.49320255
 0.49320255 0.49320255 0.49320255 0.49320255]_[25.01949368 25.01949368 25.01949368 25.01949368 25.01949368 25.01949368
 25.01949368 25.01949368 25.01949368 25.01949368] 

relative Drone Positions [-18.56424933 -14.43886059 -10.31347185  -6.18808311  -2.06269437
   2.06269437   6.18808311  10.31347185  14.43886059  18.56424933]_[-3.54663879 -2.75849683 -1.97035488 -1.18221293 -0.39407098  0.39407098
  1.18221293  1.97035488  2.75849683  3.54663879] 

current starting Drone Positions [-18.07104678 -13.94565804  -9.8202693   -5.69488056  -1.56949182
   2.55589692   6.68128566  10.8066744   14.93206314  19.05745188]_[21.4728549  22.26099685 23.0491388  23.83728075 24.62542271 25.41356466
 26.20170661 26.98984856 27.77799052 28.56613247] 

scanning direction vector [0.18354495 0.18354495 0.18354495 0.18354495 0.18354495 0.18354495
 0.18354495 0.18354495 0.18354495 0.18354495]_[-0.96073338 -0.96073338 -0.96073338 -0.96073338 -0.96073338 -0.96073338
 -0.96073338 -0.96073338 -0.96073338 -0.96073338] 

changing back speed 0.3 

velocity vector [-2.86186386 -2.31129344 -2.14239756 -1.35873949 -0.37854767 -0.54232765
  1.6953589   2.33185703  3.70061035  3.7027929 ]_[-2.86259706 -1.14735627 -2.19058365 -0.71803046 -3.43050493 -1.28847148
 -1.7578324   1.82805953  0.75600959  1.20397337] 

Moving Straight [-10.78154795  -7.94082351  -4.20952515  -1.91267191  -0.07439742
   4.43314461   3.33726474   5.97749116   6.90912216  11.02941829]_[24.94980344 21.7357169  24.95805607 22.31024058 29.42748962 25.21755354
 27.10087095 19.52193174 22.81152355 22.55441669] 

drones next lat [48.3360596  48.33603091 48.33606019 48.33603655 48.33610073 48.33606321
 48.33608007 48.33601209 48.33604176 48.33603977] drones next lon [14.32649557 14.32653428 14.32658425 14.32661555 14.32663951 14.32670083
 14.32668582 14.32672234 14.32673452 14.32679014] 
WayPoint_Count 47 

Leader Index 4 

Leader Contour 206.0 

Contour Threshold 175 

Converging Before Rutherford Scattering [-8.01443919 -5.8617709  -2.51206735 -0.72448685  0.86433697  2.62413878
  1.6947876   4.34166763  6.27543049  8.82585377]_[26.1087271  23.89470947 25.48539815 23.52100973 29.77213109 25.64496159
 29.22765638 22.03373045 23.61209865 22.74275132] 

Minimum Distance Within Rutherford Scattering 4.2 

Converging After Rutherford Scattering [-9.10866868 -6.57563989 -3.09636688 -0.86735741 -0.3319718   2.8748128
  3.05742408  4.24923944  6.99222335 10.31975594]_[26.64200686 23.02163651 26.08785416 22.38228225 31.39860113 25.71768789
 29.81570827 20.64074605 24.0602333  22.27641751] 

drones next lat [48.33607496 48.33604259 48.33607044 48.33603729 48.33611844 48.33606759
 48.33610447 48.33602202 48.336053   48.33603722] drones next lon [14.32651794 14.32655255 14.32659913 14.32662965 14.3266358  14.32667974
 14.32668172 14.32669889 14.32673549 14.3267806 ] 
WayPoint_Count 48 

Leader Index 4 

Leader Contour 148.0 

Contour Threshold 175 

Previous Drone Positions [-9.10866868 -6.57563989 -3.09636688 -0.86735741 -0.3319718   2.8748128
  3.05742408  4.24923944  6.99222335 10.31975594]_[26.64200686 23.02163651 26.08785416 22.38228225 31.39860113 25.71768789
 29.81570827 20.64074605 24.0602333  22.27641751] 

Mean Previous Drone Positions [0.7513451 0.7513451 0.7513451 0.7513451 0.7513451 0.7513451 0.7513451
 0.7513451 0.7513451 0.7513451]_[25.20431739 25.20431739 25.20431739 25.20431739 25.20431739 25.20431739
 25.20431739 25.20431739 25.20431739 25.20431739] 

relative Drone Positions [-17.6714015  -13.74442339  -9.81744528  -5.89046717  -1.96348906
   1.96348906   5.89046717   9.81744528  13.74442339  17.6714015 ]_[ 6.70310146  5.21352335  3.72394525  2.23436715  0.74478905 -0.74478905
 -2.23436715 -3.72394525 -5.21352335 -6.70310146] 

current starting Drone Positions [-16.9200564  -12.99307829  -9.06610018  -5.13912207  -1.21214396
   2.71483415   6.64181226  10.56879037  14.49576848  18.42274659]_[31.90741885 30.41784075 28.92826265 27.43868455 25.94910644 24.45952834
 22.96995024 21.48037214 19.99079404 18.50121594] 

scanning direction vector [-0.34689759 -0.34689759 -0.34689759 -0.34689759 -0.34689759 -0.34689759
 -0.34689759 -0.34689759 -0.34689759 -0.34689759]_[-0.91452689 -0.91452689 -0.91452689 -0.91452689 -0.91452689 -0.91452689
 -0.91452689 -0.91452689 -0.91452689 -0.91452689] 

changing back speed 0.3 

velocity vector [-2.6903139  -2.27212911 -2.13781758 -1.62842698 -0.61094923 -0.39489118
  0.72841887  1.54896769  1.90416595  2.08399961]_[ 0.66509671  1.30433438 -0.06240434  0.6023938  -2.5493753  -1.29197476
 -2.9682543  -0.66263906 -2.13535867 -2.04708736] 

Moving Straight [-11.79898259  -8.84776899  -5.23418446  -2.4957844   -0.94292104
   2.47992162   3.78584295   5.79820714   8.8963893   12.40375555]_[27.30710357 24.32597089 26.02544981 22.98467605 28.84922583 24.42571314
 26.84745397 19.97810698 21.92487463 20.22933015] 

drones next lat [48.33608073 48.33605414 48.33606971 48.33604258 48.33609546 48.33605593
 48.33607782 48.33601618 48.33603394 48.33601897] drones next lon [14.32648157 14.32652174 14.32657029 14.3266076  14.32662786 14.32667457
 14.3266919  14.32671987 14.32676144 14.32680896] 
WayPoint_Count 49 

Leader Index 4 

Leader Contour 189.5 

Contour Threshold 175 

Converging Before Rutherford Scattering [-9.76034641 -7.23548888 -3.20650718 -2.96435053 -1.69632696  2.13157941
  1.02317449  3.87440784  8.06261546 11.46810828]_[26.5900967  26.31160449 26.19071447 24.72152762 28.19167012 26.490513
 27.23729648 22.27092422 23.67348634 20.64668631] 

Minimum Distance Within Rutherford Scattering 4.2 

Converging After Rutherford Scattering [-11.26953103  -7.72643605  -3.91327585  -3.02514836  -2.03031282
   3.63451779   1.2069326    3.98202469   8.71298349  12.12511105]_[26.74031021 26.23831241 26.62034506 22.85925383 29.96867855 26.11261989
 28.35069454 21.33066705 23.8739904  20.22964782] 

drones next lat [48.33607567 48.33607143 48.33607517 48.33604141 48.33610544 48.3360712
 48.33609114 48.33602821 48.33605146 48.33601895] drones next lon [14.32648878 14.32653664 14.32658805 14.32660047 14.32661306 14.32668995
 14.32665693 14.3266952  14.32675873 14.3268052 ] 
WayPoint_Count 50 

Leader Index 4 

Leader Contour 191.5 

Contour Threshold 175 

Converging Before Rutherford Scattering [-8.69762567 -6.95957611 -3.00944177 -3.58800405 -1.41151375  2.88914776
 -1.28680227  2.29522449  7.03134306  9.93797141]_[28.12966051 26.91135142 29.36067123 25.38251257 30.75422786 27.65712549
 29.95430568 22.13326187 25.85917199 20.52125239] 

Minimum Distance Within Rutherford Scattering 4.2 

Converging After Rutherford Scattering [-10.21452746  -7.49531334  -4.18943837  -3.55733933  -1.2954018
   3.55133397  -0.22135027   2.37944477   7.84259815  10.40071677]_[28.78227281 26.12556633 29.66990919 24.28625628 33.1974732  27.79666632
 29.38057681 21.377422   25.9185336  20.12886447] 

drones next lat [48.33609412 48.33607044 48.33610258 48.3360542  48.33613455 48.33608634
 48.33610029 48.3360285  48.33606979 48.3360179 ] drones next lon [14.32650277 14.32653977 14.32658396 14.32659313 14.32662259 14.32668862
 14.32663753 14.32667357 14.32674675 14.32678195] 
WayPoint_Count 51 

Leader Index 5 

Leader Contour 281.0 

Contour Threshold 175 

Converging Before Rutherford Scattering [-8.30926908 -6.24256525 -3.20158341 -0.7961657  -0.83139731  4.50845227
  0.97317866  1.86761789  6.40925551  8.26132975]_[29.63541736 25.735707   29.4927454  25.42310942 32.19884308 28.08636368
 27.84604324 22.8536362  27.63743494 21.02990842] 

Minimum Distance Within Rutherford Scattering 4.2 

Converging After Rutherford Scattering [-9.22571882 -6.98812896 -3.82987017 -1.39454694 -0.69720045  4.73320167
  1.01668541  2.14271543  8.10164407  8.78007211]_[30.0518723  25.07427945 29.91018841 24.62078366 33.43636545 28.72134093
 28.21489489 21.78462328 27.58938022 20.53548015] 

drones next lat [48.33610562 48.33606102 48.33610477 48.33605738 48.33613674 48.33609475
 48.3360899  48.33603215 48.33608484 48.33602143] drones next lon [14.32651596 14.32654674 14.32658878 14.32662227 14.32663063 14.32670446
 14.32665438 14.32667033 14.32675004 14.32676003] 
WayPoint_Count 52 

Leader Index 4 

Leader Contour 249.0 

Contour Threshold 175 

Converging Before Rutherford Scattering [-8.19493952 -4.96373228 -2.49210961 -1.96303315 -1.27094417  4.07411199
 -0.58389039  0.73319385  7.1604047   8.41023958]_[31.3500408  27.24194633 30.40541154 25.92707326 32.61733057 30.55759312
 29.90117892 23.37552618 28.00703836 22.72782058] 

Minimum Distance Within Rutherford Scattering 4.2 

Converging After Rutherford Scattering [-9.11415934 -6.18072991 -3.61929168 -2.11732961 -1.12196875  4.71516089
  0.32119941  1.11890634  8.00945245  8.8980612 ]_[31.75438706 26.68428782 30.81806974 25.10361242 34.32815377 31.18839824
 29.69850144 22.35448731 27.96499084 22.21607102] 

drones next lat [48.33612095 48.33607557 48.33611296 48.33606167 48.33614473 48.33611695
 48.3361032  48.33603719 48.33608821 48.33603656] drones next lon [14.32651726 14.32655744 14.32659152 14.32661246 14.3266248  14.32670392
 14.32664482 14.32665645 14.32674876 14.32676143] 
WayPoint_Count 53 

Leader Index 4 

Leader Contour 225.0 

Contour Threshold 175 

Converging Before Rutherford Scattering [-8.0023517  -4.71081767 -3.03478084 -1.78342959 -2.12054283  2.75981219
  0.68762778  1.4019997   5.66054473  7.4153548 ]_[31.75681778 27.42155626 33.26590864 28.08492358 34.27477023 33.11682616
 31.88224623 25.07942845 28.40223688 22.77893515] 

Minimum Distance Within Rutherford Scattering 4.2 

Converging After Rutherford Scattering [-9.03450098 -5.7751533  -4.22121745 -1.72449705 -1.79276247  4.01277192
  0.83682165  1.58359248  6.47230108  7.9160607 ]_[31.92826493 26.6572085  33.15235088 27.61585072 36.12626952 34.07273981
 31.7107376  24.17938039 28.3689435  22.25190352] 

drones next lat [48.33612252 48.33607536 48.33613391 48.3360843  48.33616085 48.33614284
 48.33612134 48.33605365 48.33609172 48.33603681] drones next lon [14.32651832 14.32656292 14.32658312 14.32661746 14.32661553 14.32669411
 14.32665153 14.3266625  14.32672797 14.32674817] 
WayPoint_Count 54 

Leader Index 3 

Leader Contour 263.0 

Contour Threshold 175 

Converging Before Rutherford Scattering [-7.75577825 -3.98120332 -3.62145136 -1.3600851  -2.53291155  2.20990836
 -0.05287056  0.88737159  4.17497645  5.26453191]_[30.01595942 28.10614807 32.30411351 28.54708857 34.78068441 33.45796884
 29.02982855 24.89722748 29.13808502 23.65218658] 

Minimum Distance Within Rutherford Scattering 4.2 

Converging After Rutherford Scattering [-9.02854595 -5.34063256 -4.36657117 -1.89667771 -2.56629466  2.9211315
  1.11629666  0.9191211   5.44343199  6.03122899]_[30.09321514 27.17382391 32.72564766 27.85161379 36.27171808 34.40463225
 29.5002521  23.73180104 29.20449562 22.97209089] 

drones next lat [48.33610601 48.33608004 48.33613006 48.33608641 48.3361621  48.33614574
 48.33610148 48.33604957 48.33609916 48.33604314] drones next lon [14.32651862 14.32656872 14.32658121 14.32661511 14.32660508 14.32667934
 14.32665557 14.32665359 14.32671399 14.32672266] 
WayPoint_Count 55 

Leader Index 3 

Leader Contour 316.5 

Contour Threshold 175 

Converging Before Rutherford Scattering [-8.09017919 -3.00082289 -4.226394   -2.01263231 -2.06330926  1.00652215
  0.21023    -0.90487265  2.96621549  5.29643475]_[29.73818478 26.63399792 30.29625531 28.8448683  33.3392021  33.47679173
 29.06949063 26.10155342 27.98200572 23.77118326] 

Minimum Distance Within Rutherford Scattering 4.2 

Converging After Rutherford Scattering [-9.46152003 -4.43725817 -5.47355419 -2.37269212 -2.51939061  2.00239112
  1.20054186 -0.31028369  4.51835348  6.03460444]_[29.73142554 25.24647604 31.06316326 28.97924231 34.74169216 34.58789691
 29.59116987 24.44727787 27.83432529 23.03086392] 

drones next lat [48.33610272 48.33606277 48.33611502 48.33609651 48.33614834 48.33614731
 48.3361023  48.33605591 48.33608676 48.33604367] drones next lon [14.32651282 14.32658114 14.32656647 14.32660855 14.32660589 14.32666692
 14.32665669 14.32663692 14.32670167 14.32672269] 
WayPoint_Count 56 

Leader Index 3 

Leader Contour 239.5 

Contour Threshold 175 

Converging Before Rutherford Scattering [-7.13951617 -4.45993294 -4.48591435 -2.82104616 -1.64267359 -0.20959182
 -1.2021711  -0.66460107  3.44679111  5.38051031]_[28.57752643 27.13293445 29.20733571 29.87309837 32.17840349 33.20053882
 30.15573374 25.38717038 28.59512716 24.3919037 ] 

Minimum Distance Within Rutherford Scattering 4.2 

Converging After Rutherford Scattering [-9.27504888 -5.02600026 -6.11612935 -2.95764208 -2.521317    1.2010283
  0.46202118 -0.30508416  4.61165035  6.12837612]_[28.37358931 25.31927239 29.7671995  29.97424809 33.93780679 34.91585792
 29.84499756 24.14524269 28.6910792  23.73047882] 

drones next lat [48.33609052 48.33606338 48.33610331 48.33610542 48.33614111 48.3361502
 48.33610453 48.33605319 48.33609447 48.33604997] drones next lon [14.32651549 14.32657319 14.32655795 14.32660054 14.32660596 14.32665607
 14.3266467  14.32663702 14.32670282 14.32672388] 
WayPoint_Count 57 

Leader Index 3 

Leader Contour 261.5 

Contour Threshold 175 

Converging Before Rutherford Scattering [-6.56434375 -3.38417934 -4.995485   -2.01298986 -3.06844149  0.5842221
 -2.53535501 -0.71556455  3.33705931  5.31328133]_[28.22915153 26.58878316 29.41403255 29.64617464 32.89439735 34.12710251
 29.87162682 26.87411234 28.30855304 25.41610673] 

Minimum Distance Within Rutherford Scattering 4.2 

Converging After Rutherford Scattering [-8.62985487 -4.05479306 -6.50538877 -0.14457988 -3.6165232   1.40113299
 -3.25769042  0.09378571  4.40102476  6.2710905 ]_[27.27597651 24.95498199 30.05570495 29.60938544 34.72488087 35.22751296
 30.82082193 25.42283358 28.65522063 24.62272181] 

drones next lat [48.3360807  48.33606018 48.33610587 48.33610236 48.3361481  48.33615302
 48.33611301 48.33606471 48.33609413 48.336058  ] drones next lon [14.32652433 14.32658633 14.32655266 14.32663854 14.32659109 14.32665873
 14.32659639 14.32664225 14.32669999 14.3267257 ] 
WayPoint_Count 58 

Leader Index 2 

Leader Contour 337.5 

Contour Threshold 175 

Converging Before Rutherford Scattering [-6.41656466 -5.65368334 -6.55145463 -2.88427452 -4.09863915  0.44635842
 -5.29702555 -0.56136754  1.42040096  5.40883945]_[28.81658355 27.43818113 29.05676655 29.08186448 33.84561474 34.82775041
 31.35790297 26.38177774 28.83141552 25.19796672] 

Minimum Distance Within Rutherford Scattering 4.2 

Converging After Rutherford Scattering [-7.24370436 -5.53030804 -9.26458213 -2.26115445 -4.0558896   1.16288612
 -5.63572772 -0.1094793   2.56053485  6.19001407]_[27.74335665 24.87062456 30.53761655 29.19682487 35.52687328 35.63623472
 32.288829   25.09531475 29.17707845 24.76307096] 

drones next lat [48.33608501 48.3360593  48.33610999 48.33609848 48.33615528 48.33615668
 48.33612603 48.33606175 48.33609868 48.33605926] drones next lon [14.32654298 14.32656644 14.32651538 14.32661003 14.32658507 14.32665547
 14.32656413 14.32663955 14.32667509 14.32672459] 
WayPoint_Count 59 

Leader Index 3 

Leader Contour 231.5 

Contour Threshold 175 

Converging Before Rutherford Scattering [-5.6035153  -5.12586403 -8.23854622 -2.14128142 -2.7622593   1.163024
 -5.11442481 -2.01981729 -0.19288246  3.48102272]_[29.26349828 27.06449554 29.81569967 28.20403564 32.93911035 34.21396689
 31.23972584 26.67349496 28.52774559 26.03905945] 

Minimum Distance Within Rutherford Scattering 4.2 

Converging After Rutherford Scattering [ -6.44471596  -6.12311867 -10.22896913  -2.14399639  -2.40476993
   2.08289495  -5.88552605  -1.55379703   1.55522888   4.59222526]_[29.04893695 25.22053595 30.02378748 28.64642866 34.35773873 35.08154722
 32.81264427 24.51860317 28.84673998 25.42386982] 

drones next lat [48.33609682 48.3360624  48.33610529 48.33609354 48.3361449  48.33615176
 48.33613072 48.33605645 48.33609563 48.33606508] drones next lon [14.3265536  14.3265584  14.32650243 14.32661168 14.32660748 14.32666795
 14.3265607  14.32662013 14.32666157 14.32670295] 
WayPoint_Count 60 

Leader Index 7 

Leader Contour 202.5 

Contour Threshold 175 

Converging Before Rutherford Scattering [-4.23557958 -5.14575095 -7.57943956 -0.86271213 -1.756216    1.97679817
 -5.5267     -0.63738291 -0.43146326  3.20422296]_[28.36038915 24.88349605 28.67510585 26.60662139 33.2445034  32.35203267
 31.86354706 24.11837178 26.64983697 24.32549966] 

Minimum Distance Within Rutherford Scattering 4.2 

Converging After Rutherford Scattering [-4.67444232 -6.11174618 -9.12259051 -1.82387548 -1.63880548  2.94726729
 -6.29247418 -0.49755746  1.70602473  4.51397632]_[28.73970575 23.70723141 28.65669049 26.42187393 34.34134181 32.9533592
 33.00680727 22.33085008 27.25338673 23.66815731] 

drones next lat [48.33609418 48.33604879 48.33609308 48.33607355 48.33614481 48.33613268
 48.33613244 48.33603685 48.33608131 48.33604928] drones next lon [14.32657753 14.32655873 14.32651752 14.32661626 14.32661782 14.32667986
 14.32655519 14.32663464 14.32666379 14.3267021 ] 
WayPoint_Count 61 

Leader Index 2 

Leader Contour 196.5 

Contour Threshold 175 

Converging Before Rutherford Scattering [-7.40539491 -6.16631859 -9.52941467 -3.10369384 -3.09594946  1.04216373
 -8.29343989 -1.60602313  0.49623236  3.31260221]_[29.38444156 25.58932113 29.57019697 26.23290143 34.12236206 33.28240527
 31.74431482 22.65013151 26.87677448 25.09134766] 

Minimum Distance Within Rutherford Scattering 4.2 

Converging After Rutherford Scattering [ -7.07836693  -7.00901444 -11.3104602   -2.97280026  -3.1097186
   1.78372352  -8.80708308  -1.43160826   1.11898559   4.46710649]_[29.29554896 24.55159167 29.26831966 26.17538095 34.94558035 33.78666628
 33.22744273 21.44238429 27.24955886 24.60172313] 

drones next lat [48.33609899 48.33605632 48.33609841 48.33607124 48.33615013 48.33614009
 48.33613422 48.33602879 48.33608123 48.33605767] drones next lon [14.32654502 14.32654652 14.32648793 14.32660079 14.3265979  14.32666406
 14.32652123 14.32662214 14.32665587 14.32670136] 
WayPoint_Count 62 

Leader Index 3 

Leader Contour 66.5 

Contour Threshold 175 

Previous Drone Positions [ -7.07836693  -7.00901444 -11.3104602   -2.97280026  -3.1097186
   1.78372352  -8.80708308  -1.43160826   1.11898559   4.46710649]_[29.29554896 24.55159167 29.26831966 26.17538095 34.94558035 33.78666628
 33.22744273 21.44238429 27.24955886 24.60172313] 

Mean Previous Drone Positions [-3.43492362 -3.43492362 -3.43492362 -3.43492362 -3.43492362 -3.43492362
 -3.43492362 -3.43492362 -3.43492362 -3.43492362]_[28.45441969 28.45441969 28.45441969 28.45441969 28.45441969 28.45441969
 28.45441969 28.45441969 28.45441969 28.45441969] 

relative Drone Positions [-18.6921012  -14.53830093 -10.38450067  -6.2307004   -2.07690013
   2.07690013   6.2307004   10.38450067  14.53830093  18.6921012 ]_[-2.79559523 -2.17435184 -1.55310846 -0.93186508 -0.31062169  0.31062169
  0.93186508  1.55310846  2.17435184  2.79559523] 

current starting Drone Positions [-22.12702482 -17.97322455 -13.81942428  -9.66562402  -5.51182375
  -1.35802348   2.79577678   6.94957705  11.10337732  15.25717758]_[25.65882446 26.28006785 26.90131123 27.52255461 28.143798   28.76504138
 29.38628476 30.00752815 30.62877153 31.25001491] 

scanning direction vector [0.2078142 0.2078142 0.2078142 0.2078142 0.2078142 0.2078142 0.2078142
 0.2078142 0.2078142 0.2078142]_[-1.38950158 -1.38950158 -1.38950158 -1.38950158 -1.38950158 -1.38950158
 -1.38950158 -1.38950158 -1.38950158 -1.38950158] 

changing back speed 0.3 

velocity vector [-4.30678317 -3.08144884 -0.54487503 -1.80003293 -0.51281735 -0.73470991
  3.68867216  2.72216979  3.20313171  3.44483552]_[-2.48051893 -0.87095873 -2.09960411 -0.98534948 -3.43003629 -2.89598905
 -2.54184897  1.18004157 -0.37573778  0.60498595] 

Moving Straight [-11.3851501  -10.09046327 -11.85533523  -4.77283319  -3.62253595
   1.04901362  -5.11841093   1.29056153   4.32211731   7.91194201]_[26.81503003 23.68063294 27.16871555 25.19003147 31.51554406 30.89067723
 30.68559376 22.62242587 26.87382108 25.20670909] 

drones next lat [48.33607633 48.33604824 48.33607948 48.33606224 48.33611923 48.33611398
 48.33611165 48.33603962 48.3360781  48.33606339] drones next lon [14.32648721 14.32650505 14.32648082 14.32657662 14.32659139 14.32665449
 14.3265713  14.32665873 14.32669913 14.32674777] 
WayPoint_Count 63 

Leader Index 4 

Leader Contour 137.0 

Contour Threshold 175 

Previous Drone Positions [-11.3851501  -10.09046327 -11.85533523  -4.77283319  -3.62253595
   1.04901362  -5.11841093   1.29056153   4.32211731   7.91194201]_[26.81503003 23.68063294 27.16871555 25.19003147 31.51554406 30.89067723
 30.68559376 22.62242587 26.87382108 25.20670909] 

Mean Previous Drone Positions [-3.22710942 -3.22710942 -3.22710942 -3.22710942 -3.22710942 -3.22710942
 -3.22710942 -3.22710942 -3.22710942 -3.22710942]_[27.06491811 27.06491811 27.06491811 27.06491811 27.06491811 27.06491811
 27.06491811 27.06491811 27.06491811 27.06491811] 

relative Drone Positions [-18.6921012  -14.53830093 -10.38450067  -6.2307004   -2.07690013
   2.07690013   6.2307004   10.38450067  14.53830093  18.6921012 ]_[-2.79559523 -2.17435184 -1.55310846 -0.93186508 -0.31062169  0.31062169
  0.93186508  1.55310846  2.17435184  2.79559523] 

current starting Drone Positions [-21.91921062 -17.76541036 -13.61161009  -9.45780982  -5.30400955
  -1.15020929   3.00359098   7.15739125  11.31119151  15.46499178]_[24.26932288 24.89056626 25.51180965 26.13305303 26.75429641 27.3755398
 27.99678318 28.61802656 29.23926995 29.86051333] 

scanning direction vector [0.2078142 0.2078142 0.2078142 0.2078142 0.2078142 0.2078142 0.2078142
 0.2078142 0.2078142 0.2078142]_[-1.38950158 -1.38950158 -1.38950158 -1.38950158 -1.38950158 -1.38950158
 -1.38950158 -1.38950158 -1.38950158 -1.38950158] 

changing back speed 0.3 

velocity vector [-2.95240396 -2.09466993 -0.31906826 -1.19767879 -0.29662788 -0.45195268
  2.64441477  1.96786311  2.30453646  2.47372913]_[-2.15321373 -1.02652159 -1.88657335 -1.10659511 -2.81787588 -2.44404281
 -2.19614475  0.40917863 -0.67986692  0.00663969] 

Moving Straight [-14.33755406 -12.1851332  -12.17440349  -5.97051198  -3.91916384
   0.59706094  -2.47399616   3.25842464   6.62665377  10.38567114]_[24.6618163  22.65411136 25.2821422  24.08343635 28.69766819 28.44663442
 28.489449   23.03160449 26.19395416 25.21334878] 

drones next lat [48.33605673 48.33603884 48.33606248 48.33605219 48.33609386 48.33609196
 48.3360921  48.33604345 48.33607217 48.33606364] drones next lon [14.32644763 14.32647691 14.32647674 14.32656059 14.32658772 14.32664869
 14.32660724 14.32668524 14.32673031 14.32678114] 
WayPoint_Count 64 

Leader Index 1 

Leader Contour 107.5 

Contour Threshold 175 

Previous Drone Positions [-14.33755406 -12.1851332  -12.17440349  -5.97051198  -3.91916384
   0.59706094  -2.47399616   3.25842464   6.62665377  10.38567114]_[24.6618163  22.65411136 25.2821422  24.08343635 28.69766819 28.44663442
 28.489449   23.03160449 26.19395416 25.21334878] 

Mean Previous Drone Positions [-3.01929522 -3.01929522 -3.01929522 -3.01929522 -3.01929522 -3.01929522
 -3.01929522 -3.01929522 -3.01929522 -3.01929522]_[25.67541652 25.67541652 25.67541652 25.67541652 25.67541652 25.67541652
 25.67541652 25.67541652 25.67541652 25.67541652] 

relative Drone Positions [-18.6921012  -14.53830093 -10.38450067  -6.2307004   -2.07690013
   2.07690013   6.2307004   10.38450067  14.53830093  18.6921012 ]_[-2.79559523 -2.17435184 -1.55310846 -0.93186508 -0.31062169  0.31062169
  0.93186508  1.55310846  2.17435184  2.79559523] 

current starting Drone Positions [-21.71139643 -17.55759616 -13.40379589  -9.24999562  -5.09619536
  -0.94239509   3.21140518   7.36520544  11.51900571  15.67280598]_[22.8798213  23.50106468 24.12230807 24.74355145 25.36479483 25.98603822
 26.6072816  27.22852498 27.84976837 28.47101175] 

scanning direction vector [0.2078142 0.2078142 0.2078142 0.2078142 0.2078142 0.2078142 0.2078142
 0.2078142 0.2078142 0.2078142]_[-1.38950158 -1.38950158 -1.38950158 -1.38950158 -1.38950158 -1.38950158
 -1.38950158 -1.38950158 -1.38950158 -1.38950158] 

changing back speed 0.3 

velocity vector [-2.00433851 -1.40392469 -0.16100352 -0.7760309  -0.14529526 -0.25402261
  1.9134346   1.43984844  1.67551978  1.79395465]_[-1.92410008 -1.13541558 -1.73745182 -1.19146705 -2.38936359 -2.12768044
 -1.9541518  -0.13042544 -0.89275732 -0.41220269] 

Moving Straight [-16.34189257 -13.58905789 -12.33540702  -6.74654288  -4.0644591
   0.34303833  -0.56056156   4.69827308   8.30217355  12.17962579]_[22.73771622 21.51869577 23.54469038 22.8919693  26.3083046  26.31895397
 26.5352972  22.90117906 25.30119684 24.80114609] 

drones next lat [48.33603926 48.33602851 48.33604684 48.33604141 48.33607235 48.3360728
 48.33607467 48.33604239 48.33606427 48.33606008] drones next lon [14.32642081 14.3264581  14.32647477 14.32655026 14.32658604 14.32664551
 14.32663329 14.32670468 14.32675302 14.3268054 ] 
WayPoint_Count 65 

Leader Index 5 

Leader Contour 110.5 

Contour Threshold 175 

Previous Drone Positions [-16.34189257 -13.58905789 -12.33540702  -6.74654288  -4.0644591
   0.34303833  -0.56056156   4.69827308   8.30217355  12.17962579]_[22.73771622 21.51869577 23.54469038 22.8919693  26.3083046  26.31895397
 26.5352972  22.90117906 25.30119684 24.80114609] 

Mean Previous Drone Positions [-2.81148103 -2.81148103 -2.81148103 -2.81148103 -2.81148103 -2.81148103
 -2.81148103 -2.81148103 -2.81148103 -2.81148103]_[24.28591494 24.28591494 24.28591494 24.28591494 24.28591494 24.28591494
 24.28591494 24.28591494 24.28591494 24.28591494] 

relative Drone Positions [-18.6921012  -14.53830093 -10.38450067  -6.2307004   -2.07690013
   2.07690013   6.2307004   10.38450067  14.53830093  18.6921012 ]_[-2.79559523 -2.17435184 -1.55310846 -0.93186508 -0.31062169  0.31062169
  0.93186508  1.55310846  2.17435184  2.79559523] 

current starting Drone Positions [-21.50358223 -17.34978196 -13.1959817   -9.04218143  -4.88838116
  -0.73458089   3.41921937   7.57301964  11.72681991  15.88062017]_[21.49031972 22.1115631  22.73280648 23.35404987 23.97529325 24.59653663
 25.21778002 25.8390234  26.46026678 27.08151017] 

scanning direction vector [0.2078142 0.2078142 0.2078142 0.2078142 0.2078142 0.2078142 0.2078142
 0.2078142 0.2078142 0.2078142]_[-1.38950158 -1.38950158 -1.38950158 -1.38950158 -1.38950158 -1.38950158
 -1.38950158 -1.38950158 -1.38950158 -1.38950158] 

changing back speed 0.3 

velocity vector [-1.3406927  -0.92040302 -0.05035821 -0.48087737 -0.03936242 -0.11547157
  1.40174848  1.07023816  1.2352081   1.31811251]_[-1.76372053 -1.21164138 -1.63306675 -1.25087741 -2.08940499 -1.90622678
 -1.78475674 -0.50814828 -1.0417806  -0.70539236] 

Moving Straight [-17.68258527 -14.50946092 -12.38576522  -7.22742025  -4.10382152
   0.22756676   0.84118692   5.76851124   9.53738165  13.4977383 ]_[20.97399568 20.30705439 21.91162363 21.64109189 24.21889961 24.41272719
 24.75054046 22.39303078 24.25941624 24.09575373] 

drones next lat [48.33602329 48.33601754 48.33603214 48.33603012 48.33605355 48.33605564
 48.33605873 48.33603791 48.33605499 48.33605383] drones next lon [14.32640293 14.32644582 14.32647429 14.32654392 14.32658576 14.32664418
 14.32665242 14.32671918 14.32676981 14.32682326] 
WayPoint_Count 66 

Leader Index 2 

Leader Contour 193.0 

Contour Threshold 175 

Converging Before Rutherford Scattering [-16.61953908 -12.25977094 -11.81625828  -8.56825906  -5.82199493
  -2.71686744  -1.27673851   4.6488259    7.39687658  12.32495147]_[21.74516699 22.26925359 22.73361015 20.99144    24.66018864 23.83814756
 25.31755162 22.81570641 25.03484962 24.49976177] 

Minimum Distance Within Rutherford Scattering 4.2 

Converging After Rutherford Scattering [-17.66337004 -13.42069256 -11.47252693  -8.2866828   -6.2112078
  -2.58304475  -0.49491976   4.66181128   7.80509808  12.95676099]_[21.68141264 21.00139904 24.26909817 20.09478151 25.34557039 22.93378618
 26.34129786 22.2789333  25.47656899 24.48282829] 

drones next lat [48.33602965 48.33602387 48.33605342 48.33601612 48.33606352 48.33604211
 48.33607293 48.33603679 48.33606581 48.33605727] drones next lon [14.32640311 14.32646043 14.32648633 14.32652981 14.32655719 14.32660643
 14.3266342  14.32670426 14.32674629 14.32681592] 
WayPoint_Count 67 

Leader Index 4 

Leader Contour 169.0 

Contour Threshold 175 

Previous Drone Positions [-17.66337004 -13.42069256 -11.47252693  -8.2866828   -6.2112078
  -2.58304475  -0.49491976   4.66181128   7.80509808  12.95676099]_[21.68141264 21.00139904 24.26909817 20.09478151 25.34557039 22.93378618
 26.34129786 22.2789333  25.47656899 24.48282829] 

Mean Previous Drone Positions [-3.47087743 -3.47087743 -3.47087743 -3.47087743 -3.47087743 -3.47087743
 -3.47087743 -3.47087743 -3.47087743 -3.47087743]_[23.39056764 23.39056764 23.39056764 23.39056764 23.39056764 23.39056764
 23.39056764 23.39056764 23.39056764 23.39056764] 

relative Drone Positions [-18.57038176 -14.44363026 -10.31687875  -6.19012725  -2.06337575
   2.06337575   6.19012725  10.31687875  14.44363026  18.57038176]_[-3.51438776 -2.7334127  -1.95243765 -1.17146259 -0.39048753  0.39048753
  1.17146259  1.95243765  2.7334127   3.51438776] 

current starting Drone Positions [-22.04125919 -17.91450769 -13.78775618  -9.66100468  -5.53425318
  -1.40750168   2.71924982   6.84600133  10.97275283  15.09950433]_[19.87617987 20.65715493 21.43812999 22.21910505 23.00008011 23.78105517
 24.56203022 25.34300528 26.12398034 26.9049554 ] 

scanning direction vector [0.26124657 0.26124657 0.26124657 0.26124657 0.26124657 0.26124657
 0.26124657 0.26124657 0.26124657 0.26124657]_[-1.38045341 -1.38045341 -1.38045341 -1.38045341 -1.38045341 -1.38045341
 -1.38045341 -1.38045341 -1.38045341 -1.38045341] 

changing back speed 0.3 

velocity vector [-1.05212017 -1.08689797 -0.43332221 -0.15104999  0.46433296  0.61390949
  1.22549745  0.91650359  1.211543    0.90406957]_[-1.92202324 -1.48372664 -2.22974386 -0.74315635 -2.0841005  -1.12627271
 -1.9142337  -0.46123182 -1.18623    -0.65381528] 

Moving Straight [-18.71549021 -14.50759052 -11.90584913  -8.43773279  -5.74687484
  -1.96913526   0.73057769   5.57831486   9.01664108  13.86083056]_[19.7593894  19.5176724  22.0393543  19.35162517 23.2614699  21.80751346
 24.42706416 21.81770148 24.29033898 23.82901301] 

drones next lat [48.33601228 48.33601044 48.33603333 48.33600942 48.33604481 48.33603203
 48.33605581 48.33603272 48.33605523 48.33605146] drones next lon [14.32638914 14.32644594 14.32648075 14.32652786 14.3265637  14.32661485
 14.32665096 14.32671668 14.32676278 14.3268282 ] 
WayPoint_Count 68 

Leader Index 2 

Leader Contour 73.0 

Contour Threshold 175 

Previous Drone Positions [-18.71549021 -14.50759052 -11.90584913  -8.43773279  -5.74687484
  -1.96913526   0.73057769   5.57831486   9.01664108  13.86083056]_[19.7593894  19.5176724  22.0393543  19.35162517 23.2614699  21.80751346
 24.42706416 21.81770148 24.29033898 23.82901301] 

Mean Previous Drone Positions [-3.20963086 -3.20963086 -3.20963086 -3.20963086 -3.20963086 -3.20963086
 -3.20963086 -3.20963086 -3.20963086 -3.20963086]_[22.01011423 22.01011423 22.01011423 22.01011423 22.01011423 22.01011423
 22.01011423 22.01011423 22.01011423 22.01011423] 

relative Drone Positions [-18.57038176 -14.44363026 -10.31687875  -6.19012725  -2.06337575
   2.06337575   6.19012725  10.31687875  14.44363026  18.57038176]_[-3.51438776 -2.7334127  -1.95243765 -1.17146259 -0.39048753  0.39048753
  1.17146259  1.95243765  2.7334127   3.51438776] 

current starting Drone Positions [-21.78001262 -17.65326111 -13.52650961  -9.39975811  -5.27300661
  -1.14625511   2.9804964    7.1072479   11.2339994   15.3607509 ]_[18.49572646 19.27670152 20.05767658 20.83865164 21.6196267  22.40060176
 23.18157681 23.96255187 24.74352693 25.52450199] 

scanning direction vector [0.26124657 0.26124657 0.26124657 0.26124657 0.26124657 0.26124657
 0.26124657 0.26124657 0.26124657 0.26124657]_[-1.38045341 -1.38045341 -1.38045341 -1.38045341 -1.38045341 -1.38045341
 -1.38045341 -1.38045341 -1.38045341 -1.38045341] 

changing back speed 0.3 

velocity vector [-0.65811015 -0.68245461 -0.22495157 -0.02736102  0.40340704  0.50811062
  0.93622218  0.71992648  0.92645407  0.71122267]_[-1.75955229 -1.45274467 -1.97495673 -0.93434547 -1.87300637 -1.20252692
 -1.75409961 -0.73699829 -1.24449703 -0.87180672] 

Moving Straight [-19.37360036 -15.19004513 -12.1308007   -8.46509382  -5.3434678
  -1.46102464   1.66679987   6.29824135   9.94309514  14.57205324]_[17.99983711 18.06492773 20.06439758 18.4172797  21.38846353 20.60498654
 22.67296454 21.08070319 23.04584196 22.9572063 ] 

drones next lat [48.3359964  48.33599731 48.33601554 48.33600102 48.33602799 48.33602125
 48.3360401  48.33602614 48.33604411 48.33604368] drones next lon [14.32638047 14.32643691 14.32647795 14.3265276  14.32656937 14.32662185
 14.3266638  14.32672648 14.32677543 14.32683789] 
WayPoint_Count 69 

Leader Index 4 

Leader Contour 101.0 

Contour Threshold 175 

Previous Drone Positions [-19.37360036 -15.19004513 -12.1308007   -8.46509382  -5.3434678
  -1.46102464   1.66679987   6.29824135   9.94309514  14.57205324]_[17.99983711 18.06492773 20.06439758 18.4172797  21.38846353 20.60498654
 22.67296454 21.08070319 23.04584196 22.9572063 ] 

Mean Previous Drone Positions [-2.94838429 -2.94838429 -2.94838429 -2.94838429 -2.94838429 -2.94838429
 -2.94838429 -2.94838429 -2.94838429 -2.94838429]_[20.62966082 20.62966082 20.62966082 20.62966082 20.62966082 20.62966082
 20.62966082 20.62966082 20.62966082 20.62966082] 

relative Drone Positions [-18.57038176 -14.44363026 -10.31687875  -6.19012725  -2.06337575
   2.06337575   6.19012725  10.31687875  14.44363026  18.57038176]_[-3.51438776 -2.7334127  -1.95243765 -1.17146259 -0.39048753  0.39048753
  1.17146259  1.95243765  2.7334127   3.51438776] 

current starting Drone Positions [-21.51876604 -17.39201454 -13.26526304  -9.13851154  -5.01176004
  -0.88500853   3.24174297   7.36849447  11.49524597  15.62199747]_[17.11527305 17.89624811 18.67722317 19.45819823 20.23917329 21.02014835
 21.8011234  22.58209846 23.36307352 24.14404858] 

scanning direction vector [0.26124657 0.26124657 0.26124657 0.26124657 0.26124657 0.26124657
 0.26124657 0.26124657 0.26124657 0.26124657]_[-1.38045341 -1.38045341 -1.38045341 -1.38045341 -1.38045341 -1.38045341
 -1.38045341 -1.38045341 -1.38045341 -1.38045341] 

changing back speed 0.3 

velocity vector [-0.38230313 -0.39934425 -0.07909213  0.05922125  0.3607589   0.4340514
  0.7337295   0.58232251  0.72689182  0.57622984]_[-1.64582263 -1.43105729 -1.79660573 -1.06817785 -1.72524048 -1.25590487
 -1.64200575 -0.93003483 -1.28528394 -1.02440072] 

Moving Straight [-19.75590349 -15.58938938 -12.20989283  -8.40587256  -4.9827089
  -1.02697324   2.40052937   6.88056385  10.66998696  15.14828308]_[16.35401448 16.63387043 18.26779184 17.34910185 19.66322304 19.34908167
 21.03095879 20.15066836 21.76055802 21.93280557] 

drones next lat [48.33598156 48.33598441 48.33599938 48.33599141 48.3360125  48.33600999
 48.33602539 48.33601782 48.3360326  48.33603451] drones next lon [14.32637551 14.32643169 14.32647709 14.32652853 14.32657444 14.32662785
 14.3266739  14.32673445 14.32678539 14.32684579] 
WayPoint_Count 70 

Leader Index 4 

Leader Contour 50.0 

Contour Threshold 175 

Previous Drone Positions [-19.75590349 -15.58938938 -12.20989283  -8.40587256  -4.9827089
  -1.02697324   2.40052937   6.88056385  10.66998696  15.14828308]_[16.35401448 16.63387043 18.26779184 17.34910185 19.66322304 19.34908167
 21.03095879 20.15066836 21.76055802 21.93280557] 

Mean Previous Drone Positions [-2.68713771 -2.68713771 -2.68713771 -2.68713771 -2.68713771 -2.68713771
 -2.68713771 -2.68713771 -2.68713771 -2.68713771]_[19.24920741 19.24920741 19.24920741 19.24920741 19.24920741 19.24920741
 19.24920741 19.24920741 19.24920741 19.24920741] 

relative Drone Positions [-18.57038176 -14.44363026 -10.31687875  -6.19012725  -2.06337575
   2.06337575   6.19012725  10.31687875  14.44363026  18.57038176]_[-3.51438776 -2.7334127  -1.95243765 -1.17146259 -0.39048753  0.39048753
  1.17146259  1.95243765  2.7334127   3.51438776] 

current starting Drone Positions [-21.25751947 -17.13076797 -13.00401647  -8.87726497  -4.75051346
  -0.62376196   3.50298954   7.62974104  11.75649254  15.88324404]_[15.73481964 16.5157947  17.29676976 18.07774482 18.85871988 19.63969494
 20.42066999 21.20164505 21.98262011 22.76359517] 

scanning direction vector [0.26124657 0.26124657 0.26124657 0.26124657 0.26124657 0.26124657
 0.26124657 0.26124657 0.26124657 0.26124657]_[-1.38045341 -1.38045341 -1.38045341 -1.38045341 -1.38045341 -1.38045341
 -1.38045341 -1.38045341 -1.38045341 -1.38045341] 

changing back speed 0.3 

velocity vector [-0.18923822 -0.20116701  0.02300948  0.11982885  0.3309052   0.38220995
  0.59198462  0.48599973  0.58719825  0.48173486]_[-1.56621186 -1.41587613 -1.67176004 -1.16186052 -1.62180436 -1.29326943
 -1.56354005 -1.0651604  -1.31383478 -1.13121653] 

Moving Straight [-19.94514172 -15.79055639 -12.18688335  -8.28604371  -4.6518037
  -0.64476328   2.99251399   7.36656358  11.25718521  15.63001794]_[14.78780262 15.2179943  16.59603181 16.18724133 18.04141868 18.05581224
 19.46741874 19.08550796 20.44672323 20.80158904] 

drones next lat [48.33596746 48.33597166 48.33598434 48.33598097 48.33599794 48.33599838
 48.33601137 48.33600828 48.33602083 48.33602437] drones next lon [14.32637314 14.32642914 14.3264776  14.32653028 14.3265791  14.32663316
 14.32668207 14.32674113 14.32679347 14.32685242] 
WayPoint_Count 71 

Leader Index 3 

Leader Contour 146.0 

Contour Threshold 175 

Previous Drone Positions [-19.94514172 -15.79055639 -12.18688335  -8.28604371  -4.6518037
  -0.64476328   2.99251399   7.36656358  11.25718521  15.63001794]_[14.78780262 15.2179943  16.59603181 16.18724133 18.04141868 18.05581224
 19.46741874 19.08550796 20.44672323 20.80158904] 

Mean Previous Drone Positions [-2.42589114 -2.42589114 -2.42589114 -2.42589114 -2.42589114 -2.42589114
 -2.42589114 -2.42589114 -2.42589114 -2.42589114]_[17.868754 17.868754 17.868754 17.868754 17.868754 17.868754 17.868754
 17.868754 17.868754 17.868754] 

relative Drone Positions [-18.57038176 -14.44363026 -10.31687875  -6.19012725  -2.06337575
   2.06337575   6.19012725  10.31687875  14.44363026  18.57038176]_[-3.51438776 -2.7334127  -1.95243765 -1.17146259 -0.39048753  0.39048753
  1.17146259  1.95243765  2.7334127   3.51438776] 

current starting Drone Positions [-20.9962729  -16.8695214  -12.7427699   -8.61601839  -4.48926689
  -0.36251539   3.76423611   7.89098761  12.01773911  16.14449062]_[14.35436623 15.13534129 15.91631635 16.69729141 17.47826647 18.25924153
 19.04021658 19.82119164 20.6021667  21.38314176] 

scanning direction vector [0.26124657 0.26124657 0.26124657 0.26124657 0.26124657 0.26124657
 0.26124657 0.26124657 0.26124657 0.26124657]_[-1.38045341 -1.38045341 -1.38045341 -1.38045341 -1.38045341 -1.38045341
 -1.38045341 -1.38045341 -1.38045341 -1.38045341] 

changing back speed 0.3 

velocity vector [-0.05409278 -0.06244293  0.09448061  0.16225417  0.31000761  0.34592094
  0.49276321  0.41857378  0.48941274  0.41558837]_[-1.51048433 -1.40524931 -1.58436805 -1.22743839 -1.54939908 -1.31942462
 -1.50861406 -1.15974831 -1.33382037 -1.20598759] 

Moving Straight [-19.9992345  -15.85299932 -12.09240274  -8.12378954  -4.34179608
  -0.29884234   3.4852772    7.78513736  11.74659795  16.04560632]_[13.2773183  13.81274499 15.01166376 14.95980294 16.49201961 16.73638762
 17.95880469 17.92575965 19.11290286 19.59560145] 

drones next lat [48.33595387 48.33595901 48.33597009 48.33596994 48.33598402 48.33598654
 48.33599784 48.33599788 48.33600887 48.33601355] drones next lon [14.32637259 14.32642847 14.32647906 14.32653262 14.32658346 14.32663799
 14.3266889  14.32674692 14.32680023 14.32685817] 
WayPoint_Count 72 

Leader Index 3 

Leader Contour 282.0 

Contour Threshold 175 

Converging Before Rutherford Scattering [-17.31634612 -13.77842269  -9.79129582  -7.16712405  -5.85606663
  -2.70005037   0.80194013   6.01356482  10.28313937  14.83767513]_[12.84634968 13.11098286 15.93906696 15.2509921  16.68168882 17.18617737
 16.7936345  18.54010095 17.83439886 18.56459417] 

Minimum Distance Within Rutherford Scattering 4.2 

Converging After Rutherford Scattering [-18.21944226 -13.90647912 -10.72681245  -7.22505636  -5.87554869
  -2.27286019   1.43551565   6.06329568  10.59102411  15.46337741]_[12.71430342 12.73895413 16.45993865 13.92501302 17.6702629  17.51310738
 16.57216744 18.79931899 17.70723184 18.6476885 ] 

drones next lat [48.33594894 48.3359495  48.33598323 48.3359607  48.3359945  48.33599337
 48.3359852  48.3360056  48.33599613 48.33600498] drones next lon [14.32639667 14.32645486 14.32649732 14.32654487 14.32656263 14.32661126
 14.32666141 14.32672358 14.3267848  14.32685043] 
WayPoint_Count 73 

Leader Index 1 

Leader Contour 164.0 

Contour Threshold 175 

Previous Drone Positions [-18.21944226 -13.90647912 -10.72681245  -7.22505636  -5.87554869
  -2.27286019   1.43551565   6.06329568  10.59102411  15.46337741]_[12.71430342 12.73895413 16.45993865 13.92501302 17.6702629  17.51310738
 16.57216744 18.79931899 17.70723184 18.6476885 ] 

Mean Previous Drone Positions [-2.46729862 -2.46729862 -2.46729862 -2.46729862 -2.46729862 -2.46729862
 -2.46729862 -2.46729862 -2.46729862 -2.46729862]_[16.27479863 16.27479863 16.27479863 16.27479863 16.27479863 16.27479863
 16.27479863 16.27479863 16.27479863 16.27479863] 

relative Drone Positions [-18.66295906 -14.51563482 -10.36831059  -6.22098635  -2.07366212
   2.07366212   6.22098635  10.36831059  14.51563482  18.66295906]_[-2.98395026 -2.3208502  -1.65775014 -0.99465009 -0.33155003  0.33155003
  0.99465009  1.65775014  2.3208502   2.98395026] 

current starting Drone Positions [-21.13025768 -16.98293345 -12.83560921  -8.68828498  -4.54096074
  -0.3936365    3.75368773   7.90101197  12.0483362   16.19566044]_[13.29084837 13.95394842 14.61704848 15.28014854 15.9432486  16.60634866
 17.26944871 17.93254877 18.59564883 19.25874889] 

scanning direction vector [0.22181581 0.22181581 0.22181581 0.22181581 0.22181581 0.22181581
 0.22181581 0.22181581 0.22181581 0.22181581]_[-1.38733526 -1.38733526 -1.38733526 -1.38733526 -1.38733526 -1.38733526
 -1.38733526 -1.38733526 -1.38733526 -1.38733526] 

changing back speed 0.3 

velocity vector [-0.65142881 -0.70112049 -0.41082322 -0.21715277  0.6221922   0.78558292
  0.91726744  0.7731307   0.65900944  0.44150072]_[-1.21437178 -1.02283698 -1.94020231 -0.98079461 -1.90543956 -1.65936288
 -1.17815088 -1.64736633 -1.12081017 -1.20401715] 

Moving Straight [-18.87087108 -14.60759961 -11.13763567  -7.44220913  -5.25335649
  -1.48727727   2.35278309   6.83642638  11.25003355  15.90487813]_[11.49993164 11.71611716 14.51973634 12.94421841 15.76482335 15.8537445
 15.39401656 17.15195266 16.58642167 17.44367135] 

drones next lat [48.33593797 48.33594025 48.33596574 48.33595186 48.33597741 48.33597851
 48.33597467 48.33599084 48.3359861  48.33599418] drones next lon [14.32638802 14.32644552 14.326492   14.32654205 14.32657125 14.32662205
 14.32667392 14.32673421 14.32679383 14.32685653] 
WayPoint_Count 74 

Leader Index 3 

Leader Contour 334.0 

Contour Threshold 175 

Converging Before Rutherford Scattering [-16.44464857 -12.29579441  -9.73317873  -7.38038843  -7.43574458
  -2.87102553  -0.19723726   4.22649646   8.60152712  14.77369852]_[12.64769845 12.99420431 14.63564176 13.94230568 14.4773731  14.06513035
 14.11618212 15.86423288 15.47577035 16.5114455 ] 

Minimum Distance Within Rutherford Scattering 4.2 

Converging After Rutherford Scattering [-17.39638142 -13.03862563 -10.69488132  -7.11180215  -6.99959883
  -2.91543252   0.61645299   4.47206476   9.10211108  15.2097976 ]_[12.53764125 12.34133691 15.40842336 11.97714132 16.41494063 13.98844044
 13.89810459 16.17117081 15.42002325 16.57276194] 

drones next lat [48.33594742 48.335946   48.33597377 48.33594319 48.33598312 48.33596161
 48.33596108 48.33598183 48.33597544 48.33598629] drones next lon [14.32640779 14.32646661 14.32649787 14.32654662 14.32654761 14.32660301
 14.32665067 14.32670242 14.32676498 14.32684726] 
WayPoint_Count 75 

Leader Index 3 

Leader Contour 348.0 

Contour Threshold 175 

Converging Before Rutherford Scattering [-15.94656778 -11.97967609  -8.25768168  -7.73689421  -6.21242517
  -4.85340627  -1.72051889   2.26463687   7.9351652   14.13320485]_[11.59181766 12.56723437 14.14558826 11.19659028 13.86948664 14.11493463
 12.49742125 14.54524461 14.39076875 16.64010373] 

Minimum Distance Within Rutherford Scattering 4.2 

Converging After Rutherford Scattering [-16.89765485 -12.73700474  -9.5447712   -7.92301893  -6.43039427
  -3.45419629  -0.99846003   2.77944798   8.31808649  14.51380268]_[11.38533853 12.45721818 15.33907004  9.71287369 13.8482594  15.20448629
 11.70728011 14.82290067 14.3362163  16.74554696] 

drones next lat [48.33593709 48.33594706 48.33597324 48.33592275 48.33596007 48.33597251
 48.33594124 48.33596957 48.33596563 48.33598779] drones next lon [14.32641466 14.32647067 14.3265134  14.32653595 14.3265556  14.32659559
 14.32662914 14.32667975 14.32675453 14.32683784] 
WayPoint_Count 76 

Leader Index 4 

Leader Contour 86.0 

Contour Threshold 175 

Previous Drone Positions [-16.89765485 -12.73700474  -9.5447712   -7.92301893  -6.43039427
  -3.45419629  -0.99846003   2.77944798   8.31808649  14.51380268]_[11.38533853 12.45721818 15.33907004  9.71287369 13.8482594  15.20448629
 11.70728011 14.82290067 14.3362163  16.74554696] 

Mean Previous Drone Positions [-3.23741632 -3.23741632 -3.23741632 -3.23741632 -3.23741632 -3.23741632
 -3.23741632 -3.23741632 -3.23741632 -3.23741632]_[13.55591902 13.55591902 13.55591902 13.55591902 13.55591902 13.55591902
 13.55591902 13.55591902 13.55591902 13.55591902] 

relative Drone Positions [-18.59113591 -14.45977237 -10.32840884  -6.1970453   -2.06568177
   2.06568177   6.1970453   10.32840884  14.45977237  18.59113591]_[-3.40289077 -2.64669282 -1.89049487 -1.13429692 -0.37809897  0.37809897
  1.13429692  1.89049487  2.64669282  3.40289077] 

current starting Drone Positions [-21.82855223 -17.69718869 -13.56582516  -9.43446162  -5.30309808
  -1.17173455   2.95962899   7.09099252  11.22235606  15.35371959]_[10.15302825 10.9092262  11.66542415 12.4216221  13.17782005 13.93401799
 14.69021594 15.44641389 16.20261184 16.95880978] 

scanning direction vector [0.26021302 0.26021302 0.26021302 0.26021302 0.26021302 0.26021302
 0.26021302 0.26021302 0.26021302 0.26021302]_[-1.42163119 -1.42163119 -1.42163119 -1.42163119 -1.42163119 -1.42163119
 -1.42163119 -1.42163119 -1.42163119 -1.42163119] 

changing back speed 0.3 

velocity vector [-1.21905619 -1.22784216 -0.94610316 -0.19321979  0.59840188  0.94495155
  1.44763973  1.55367639  1.13149389  0.5121881 ]_[-1.79132428 -1.88602879 -2.52372496 -0.60900667 -1.622763   -1.80277168
 -0.52675045 -1.23457723 -0.86171253 -1.35765235] 

Moving Straight [-18.11671104 -13.9648469  -10.49087436  -8.11623871  -5.83199239
  -2.50924475   0.44917969   4.33312436   9.44958039  15.02599078]_[ 9.59401425 10.57118939 12.81534508  9.10386702 12.2254964  13.40171461
 11.18052967 13.58832344 13.47450377 15.38789461] 

drones next lat [48.33592088 48.33593    48.33595046 48.33591726 48.33594552 48.33595637
 48.33593662 48.33595859 48.33595797 48.33597562] drones next lon [14.32639842 14.32645433 14.32650093 14.32653341 14.32656386 14.32660856
 14.32664874 14.32670086 14.3267699  14.32684492] 
WayPoint_Count 77 

Leader Index 3 

Leader Contour 147.5 

Contour Threshold 175 

Previous Drone Positions [-18.11671104 -13.9648469  -10.49087436  -8.11623871  -5.83199239
  -2.50924475   0.44917969   4.33312436   9.44958039  15.02599078]_[ 9.59401425 10.57118939 12.81534508  9.10386702 12.2254964  13.40171461
 11.18052967 13.58832344 13.47450377 15.38789461] 

Mean Previous Drone Positions [-2.97720329 -2.97720329 -2.97720329 -2.97720329 -2.97720329 -2.97720329
 -2.97720329 -2.97720329 -2.97720329 -2.97720329]_[12.13428782 12.13428782 12.13428782 12.13428782 12.13428782 12.13428782
 12.13428782 12.13428782 12.13428782 12.13428782] 

relative Drone Positions [-18.59113591 -14.45977237 -10.32840884  -6.1970453   -2.06568177
   2.06568177   6.1970453   10.32840884  14.45977237  18.59113591]_[-3.40289077 -2.64669282 -1.89049487 -1.13429692 -0.37809897  0.37809897
  1.13429692  1.89049487  2.64669282  3.40289077] 

current starting Drone Positions [-21.5683392  -17.43697567 -13.30561213  -9.1742486   -5.04288506
  -0.91152153   3.21984201   7.35120555  11.48256908  15.61393262]_[ 8.73139706  9.48759501 10.24379295 10.9999909  11.75618885 12.5123868
 13.26858475 14.02478269 14.78098064 15.53717859] 

scanning direction vector [0.26021302 0.26021302 0.26021302 0.26021302 0.26021302 0.26021302
 0.26021302 0.26021302 0.26021302 0.26021302]_[-1.42163119 -1.42163119 -1.42163119 -1.42163119 -1.42163119 -1.42163119
 -1.42163119 -1.42163119 -1.42163119 -1.42163119] 

changing back speed 0.3 

velocity vector [-0.77527543 -0.78142561 -0.58420831 -0.05718994  0.49694522  0.73952999
  1.09141172  1.16563738  0.87010963  0.43659557]_[-1.68041635 -1.74670951 -2.19309683 -0.85279403 -1.56242346 -1.68842954
 -0.79521467 -1.29069342 -1.02968813 -1.376846  ] 

Moving Straight [-18.89198647 -14.74627251 -11.07508267  -8.17342866  -5.33504717
  -1.76971476   1.54059141   5.49876174  10.31969002  15.46258635]_[ 7.9135979   8.82447988 10.62224825  8.25107299 10.66307294 11.71328507
 10.385315   12.29763002 12.44481563 14.01104861] 

drones next lat [48.3359057  48.33591422 48.33593069 48.33590958 48.33593151 48.33594124
 48.33592955 48.33594707 48.33594877 48.33596327] drones next lon [14.32638816 14.32644399 14.32649331 14.32653274 14.32657075 14.32661873
 14.32666356 14.32671674 14.32678176 14.32685097] 
WayPoint_Count 78 

Leader Index 1 

Leader Contour 114.5 

Contour Threshold 175 

Previous Drone Positions [-18.89198647 -14.74627251 -11.07508267  -8.17342866  -5.33504717
  -1.76971476   1.54059141   5.49876174  10.31969002  15.46258635]_[ 7.9135979   8.82447988 10.62224825  8.25107299 10.66307294 11.71328507
 10.385315   12.29763002 12.44481563 14.01104861] 

Mean Previous Drone Positions [-2.71699027 -2.71699027 -2.71699027 -2.71699027 -2.71699027 -2.71699027
 -2.71699027 -2.71699027 -2.71699027 -2.71699027]_[10.71265663 10.71265663 10.71265663 10.71265663 10.71265663 10.71265663
 10.71265663 10.71265663 10.71265663 10.71265663] 

relative Drone Positions [-18.59113591 -14.45977237 -10.32840884  -6.1970453   -2.06568177
   2.06568177   6.1970453   10.32840884  14.45977237  18.59113591]_[-3.40289077 -2.64669282 -1.89049487 -1.13429692 -0.37809897  0.37809897
  1.13429692  1.89049487  2.64669282  3.40289077] 

current starting Drone Positions [-21.30812618 -17.17676265 -13.04539911  -8.91403557  -4.78267204
  -0.6513085    3.48005503   7.61141857  11.7427821   15.87414564]_[ 7.30976586  8.06596381  8.82216176  9.57835971 10.33455766 11.0907556
 11.84695355 12.6031515  13.35934945 14.11554739] 

scanning direction vector [0.26021302 0.26021302 0.26021302 0.26021302 0.26021302 0.26021302
 0.26021302 0.26021302 0.26021302 0.26021302]_[-1.42163119 -1.42163119 -1.42163119 -1.42163119 -1.42163119 -1.42163119
 -1.42163119 -1.42163119 -1.42163119 -1.42163119] 

changing back speed 0.3 

velocity vector [-0.46462889 -0.46893402 -0.33088191  0.03803095  0.42592556  0.5957349
  0.84205211  0.89401007  0.68714065  0.38368081]_[-1.60278081 -1.64918602 -1.96165714 -1.02344518 -1.52018578 -1.60839003
 -0.98313963 -1.32997475 -1.14727105 -1.39028156] 

Moving Straight [-19.35661536 -15.21520653 -11.40596458  -8.13539771  -4.90912161
  -1.17397986   2.38264352   6.39277181  11.00683066  15.84626716]_[ 6.3108171   7.17529387  8.66059111  7.22762781  9.14288716 10.10489503
  9.40217537 10.96765527 11.29754458 12.62076705] 

drones next lat [48.33589125 48.33589935 48.33591301 48.33590038 48.33591786 48.33592681
 48.33592077 48.33593517 48.3359385  48.33595079] drones next lon [14.32638208 14.32643786 14.32648908 14.32653338 14.32657668 14.32662696
 14.32667503 14.32672896 14.32679117 14.32685631] 
WayPoint_Count 79 

Leader Index 6 

Leader Contour 180.0 

Contour Threshold 175 

Converging Before Rutherford Scattering [-16.50726256 -13.72140053  -9.96710487  -7.13366114  -3.41836816
   0.22925052   2.9484063    5.15178115   9.18448179  13.04701873]_[ 6.09805457  8.29789113  7.93833055  7.34194919  8.35259342  8.88795187
 10.22674343 11.0233033  11.85962077 12.67592951] 

Minimum Distance Within Rutherford Scattering 4.2 

Converging After Rutherford Scattering [-17.31472475 -14.27777784 -10.38338178  -7.00100425  -3.54957389
   0.1012274    2.81504434   5.88304643   9.65863304  13.88165255]_[ 5.63103862  8.78182391  8.0965933   6.79307481  8.42125007  8.3866666
 10.35105421 11.42055729 11.96269385 12.85761507] 

drones next lat [48.33588529 48.33591388 48.33590802 48.33589656 48.33591148 48.33591146
 48.33592934 48.33593921 48.33594438 48.33595277] drones next lon [14.32640971 14.32645032 14.32650294 14.32654873 14.32659511 14.32664437
 14.32668076 14.32672202 14.3267729  14.32682978] 
WayPoint_Count 80 

Leader Index 4 

Leader Contour 85.0 

Contour Threshold 175 

Previous Drone Positions [-17.31472475 -14.27777784 -10.38338178  -7.00100425  -3.54957389
   0.1012274    2.81504434   5.88304643   9.65863304  13.88165255]_[ 5.63103862  8.78182391  8.0965933   6.79307481  8.42125007  8.3866666
 10.35105421 11.42055729 11.96269385 12.85761507] 

Mean Previous Drone Positions [-2.01868588 -2.01868588 -2.01868588 -2.01868588 -2.01868588 -2.01868588
 -2.01868588 -2.01868588 -2.01868588 -2.01868588]_[9.27023677 9.27023677 9.27023677 9.27023677 9.27023677 9.27023677
 9.27023677 9.27023677 9.27023677 9.27023677] 

relative Drone Positions [-18.74219018 -14.57725903 -10.41232788  -6.24739673  -2.08246558
   2.08246558   6.24739673  10.41232788  14.57725903  18.74219018]_[-2.43727452 -1.89565796 -1.3540414  -0.81242484 -0.27080828  0.27080828
  0.81242484  1.3540414   1.89565796  2.43727452] 

current starting Drone Positions [-20.76087606 -16.59594491 -12.43101376  -8.2660826   -4.10115145
   0.0637797    4.22871085   8.393642    12.55857316  16.72350431]_[ 6.83296225  7.37457881  7.91619537  8.45781193  8.99942849  9.54104505
 10.08266161 10.62427818 11.16589474 11.7075113 ] 

scanning direction vector [0.18637406 0.18637406 0.18637406 0.18637406 0.18637406 0.18637406
 0.18637406 0.18637406 0.18637406 0.18637406]_[-1.43318205 -1.43318205 -1.43318205 -1.43318205 -1.43318205 -1.43318205
 -1.43318205 -1.43318205 -1.43318205 -1.43318205] 

changing back speed 0.3 

velocity vector [-0.84747133 -0.50907606 -0.42791553 -0.19314945  0.02090079  0.17513975
  0.61047401  0.93955273  1.0563561   1.03892959]_[-1.07260496 -1.85535558 -1.48730142 -0.93376091 -1.25972852 -1.08686851
 -1.51369983 -1.67206578 -1.67222178 -1.77821318] 

Moving Straight [-18.16219608 -14.7868539  -10.81129731  -7.19415369  -3.5286731
   0.27636715   3.42551836   6.82259916  10.71498913  14.92058214]_[ 4.55843366  6.92646833  6.60929187  5.8593139   7.16152155  7.29979809
  8.83735438  9.74849151 10.29047207 11.07940189] 

drones next lat [48.33587558 48.33589714 48.33589461 48.33588814 48.33590015 48.33590169
 48.33591577 48.33592424 48.33592942 48.33593685] drones next lon [14.32639841 14.32644367 14.32649735 14.32654624 14.32659554 14.32664686
 14.32668917 14.3267349  14.32678735 14.326844  ] 
WayPoint_Count 81 

Leader Index 3 

Leader Contour 369.0 

Contour Threshold 175 

Converging Before Rutherford Scattering [-16.77386457 -13.09705181  -9.77550225  -7.30393132  -5.34840587
  -2.63315951   1.01770163   5.89353019   9.50101664  12.5058425 ]_[ 5.59567969  5.69129955  5.81737871  4.86535773  5.49409895  7.24616496
  9.17344743  9.27502609  9.1239833  11.50354274] 

Minimum Distance Within Rutherford Scattering 4.2 

Converging After Rutherford Scattering [-17.78642134 -13.76316856 -10.20949342  -7.66894071  -4.68668505
  -2.21274196   1.2566179    5.85723295   9.99016356  13.20961227]_[ 5.56645971  5.64434532  6.40724268  3.64795252  5.24424307  7.62604326
  9.6055225   9.34758719  8.76076431 11.93581859] 

drones next lat [48.33588467 48.33588569 48.33589284 48.33586821 48.33588281 48.33590443
 48.33592251 48.33592056 48.3359156  48.33594442] drones next lon [14.32640336 14.32645763 14.32650549 14.32654009 14.32658014 14.32661324
 14.32665982 14.32672192 14.32677775 14.32682082] 
WayPoint_Count 82 

Leader Index 3 

Leader Contour 62.0 

Contour Threshold 175 

Previous Drone Positions [-17.78642134 -13.76316856 -10.20949342  -7.66894071  -4.68668505
  -2.21274196   1.2566179    5.85723295   9.99016356  13.20961227]_[ 5.56645971  5.64434532  6.40724268  3.64795252  5.24424307  7.62604326
  9.6055225   9.34758719  8.76076431 11.93581859] 

Mean Previous Drone Positions [-2.60138244 -2.60138244 -2.60138244 -2.60138244 -2.60138244 -2.60138244
 -2.60138244 -2.60138244 -2.60138244 -2.60138244]_[7.37859791 7.37859791 7.37859791 7.37859791 7.37859791 7.37859791
 7.37859791 7.37859791 7.37859791 7.37859791] 

relative Drone Positions [-18.71268838 -14.55431318 -10.39593799  -6.23756279  -2.0791876
   2.0791876    6.23756279  10.39593799  14.55431318  18.71268838]_[-2.65429723 -2.0644534  -1.47460957 -0.88476574 -0.29492191  0.29492191
  0.88476574  1.47460957  2.0644534   2.65429723] 

current starting Drone Positions [-21.31407081 -17.15569562 -12.99732042  -8.83894523  -4.68057003
  -0.52219484   3.63618035   7.79455555  11.95293074  16.11130594]_[ 4.72430069  5.31414452  5.90398834  6.49383217  7.083676    7.67351983
  8.26336366  8.85320748  9.44305131 10.03289514] 

scanning direction vector [0.2029694 0.2029694 0.2029694 0.2029694 0.2029694 0.2029694 0.2029694
 0.2029694 0.2029694 0.2029694]_[-1.4309261 -1.4309261 -1.4309261 -1.4309261 -1.4309261 -1.4309261
 -1.4309261 -1.4309261 -1.4309261 -1.4309261] 

changing back speed 0.3 

velocity vector [-0.85532544 -0.81478872 -0.6333787  -0.14803195  0.20480391  0.71013354
  0.91683814  0.78416618  0.79179956  1.0734775 ]_[-1.6835738  -1.52998634 -1.5819024  -0.5771622  -0.87909622 -1.41668312
 -1.83357375 -1.57924001 -1.22624    -2.00180313] 

Moving Straight [-18.64174678 -14.57795727 -10.84287212  -7.81697267  -4.48188114
  -1.50260843   2.17345604   6.64139913  10.78196312  14.28308977]_[3.8828859  4.11435898 4.82534028 3.07079032 4.36514685 6.20936013
 7.77194875 7.76834718 7.53452432 9.93401546] 

drones next lat [48.33586946 48.33587186 48.33587855 48.33586301 48.33587492 48.33589174
 48.33590609 48.33590641 48.33590463 48.3359265 ] drones next lon [14.32639202 14.32644682 14.32649713 14.32653817 14.32658301 14.32662299
 14.3266724  14.32673269 14.32678858 14.32683554] 
WayPoint_Count 83 

Leader Index 3 

Leader Contour 227.5 

Contour Threshold 175 

Converging Before Rutherford Scattering [-17.35725699 -13.59528348  -9.37858211  -7.04850075  -5.61841739
  -4.2928708    0.85066565   3.74608563   8.26213217  12.98858018]_[ 4.43755936  3.91938045  2.8581024   2.4309068   4.3271395   5.28178488
  7.79386598  7.26684331  7.88589345 10.12898742] 

Minimum Distance Within Rutherford Scattering 4.2 

Converging After Rutherford Scattering [-18.26195665 -14.04052915 -10.28081144  -6.75311581  -6.02862839
  -3.23034584   0.60072684   4.30094963   8.73767512  13.51258779]_[ 4.54184925  4.01675928  2.66388824  0.80924696  4.54787193  6.15443151
  8.31899721  7.08744918  7.85259109 10.3373789 ] 

drones next lat [48.33587542 48.33587103 48.33585915 48.33584275 48.33587644 48.33589111
 48.33591089 48.3359001  48.33590733 48.33593006] drones next lon [14.32639706 14.32645408 14.32650497 14.32655279 14.32656212 14.32659969
 14.32665112 14.32670119 14.32676096 14.32682509] 
WayPoint_Count 84 

Leader Index 2 

Leader Contour 174.5 

Contour Threshold 175 

Previous Drone Positions [-18.26195665 -14.04052915 -10.28081144  -6.75311581  -6.02862839
  -3.23034584   0.60072684   4.30094963   8.73767512  13.51258779]_[ 4.54184925  4.01675928  2.66388824  0.80924696  4.54787193  6.15443151
  8.31899721  7.08744918  7.85259109 10.3373789 ] 

Mean Previous Drone Positions [-3.14434479 -3.14434479 -3.14434479 -3.14434479 -3.14434479 -3.14434479
 -3.14434479 -3.14434479 -3.14434479 -3.14434479]_[5.63304635 5.63304635 5.63304635 5.63304635 5.63304635 5.63304635
 5.63304635 5.63304635 5.63304635 5.63304635] 

relative Drone Positions [-18.56462912 -14.43915598 -10.31368285  -6.18820971  -2.06273657
   2.06273657   6.18820971  10.31368285  14.43915598  18.56462912]_[-3.54465027 -2.75695021 -1.96925015 -1.18155009 -0.39385003  0.39385003
  1.18155009  1.96925015  2.75695021  3.54465027] 

current starting Drone Positions [-21.70897391 -17.58350077 -13.45802763  -9.3325545   -5.20708136
  -1.08160822   3.04386492   7.16933806  11.2948112   15.42028433]_[2.08839608 2.87609614 3.6637962  4.45149626 5.23919632 6.02689638
 6.81459644 7.6022965  8.38999656 9.17769662] 

scanning direction vector [0.27105312 0.27105312 0.27105312 0.27105312 0.27105312 0.27105312
 0.27105312 0.27105312 0.27105312 0.27105312]_[-1.41960427 -1.41960427 -1.41960427 -1.41960427 -1.41960427 -1.41960427
 -1.41960427 -1.41960427 -1.41960427 -1.41960427] 

changing back speed 0.3 

velocity vector [-0.76305206 -0.79183837 -0.68211174 -0.50277848  0.51751723  0.91567441
  1.00399454  1.13156965  1.03819394  0.84336208]_[-2.15564022 -1.76180321 -1.11963188 -0.32692948 -1.21220695 -1.4578648
 -1.8709245  -1.26515007 -1.25838262 -1.76750895] 

Moving Straight [-19.02500871 -14.83236751 -10.96292318  -7.2558943   -5.51111116
  -2.31467143   1.60472139   5.43251928   9.77586906  14.35594988]_[2.38620903 2.25495607 1.54425636 0.48231748 3.33566498 4.6965667
 6.44807272 5.82229911 6.59420846 8.56986995] 

drones next lat [48.33585597 48.33585512 48.33584903 48.33583977 48.33586557 48.33587807
 48.33589414 48.33588881 48.3358961  48.33591423] drones next lon [14.32638702 14.32644361 14.3264959  14.32654604 14.32656925 14.32661221
 14.32666489 14.32671661 14.32677512 14.32683668] 
WayPoint_Count 85 

Leader Index 2 

Leader Contour 240.5 

Contour Threshold 175 

Converging Before Rutherford Scattering [-18.00507302 -12.5989115  -11.80175462  -9.43156565  -8.23252562
  -4.69248525   0.6592615    2.57231448   6.86016114  12.31267594]_[2.42456407 2.85753371 2.0886476  2.00056112 3.28173573 4.87838886
 5.32385711 4.93737666 5.88807866 9.028344  ] 

Minimum Distance Within Rutherford Scattering 4.2 

Converging After Rutherford Scattering [-18.82337826 -13.9129171  -12.43386097  -8.83732993  -7.848367
  -4.27120011   0.0897051    3.44368029   7.50499889  12.73076647]_[2.36182722 4.18638475 0.65644845 0.60983782 4.21626793 5.29837133
 5.69158039 4.52050632 5.94599923 9.22186407] 

drones next lat [48.33585576 48.33587256 48.33584093 48.33584079 48.33587331 48.33588333
 48.33588721 48.33587694 48.33589009 48.33591997] drones next lon [14.32638975 14.32645578 14.32647616 14.32652469 14.32653761 14.32658574
 14.32664454 14.32668993 14.32674456 14.32681468] 
WayPoint_Count 86 

Leader Index 3 

Leader Contour 207.0 

Contour Threshold 175 

Converging Before Rutherford Scattering [-15.91489588 -12.1194466   -9.79725968  -8.94485312  -9.3694524
  -6.39320405  -1.79136293   2.12889298   5.93649663   9.97934437]_[ 2.36130728  4.02170036 -0.14052359 -0.38436476  2.16255908  3.17853575
  3.71242513  4.72039132  6.26823549  8.03217981] 

Minimum Distance Within Rutherford Scattering 4.2 

Converging After Rutherford Scattering [-16.93781599 -12.85831651 -11.46432715  -7.56913101  -9.48153524
  -5.78019541  -1.56971481   2.41758194   6.32289334  10.63482018]_[ 2.26842733  5.04124843 -1.12382879 -1.86518258  2.81396496  3.73414501
  3.68335789  4.69100421  6.38683198  8.30247744] 

drones next lat [48.33585507 48.33588034 48.33582499 48.33581862 48.33586057 48.33586914
 48.33586901 48.33587839 48.33589396 48.33591153] drones next lon [14.3264152  14.32646991 14.32648945 14.32654209 14.32651574 14.32656557
 14.32662238 14.32667606 14.32672856 14.32678651] 
WayPoint_Count 87 

Leader Index 4 

Leader Contour 171.5 

Contour Threshold 175 

Previous Drone Positions [-16.93781599 -12.85831651 -11.46432715  -7.56913101  -9.48153524
  -5.78019541  -1.56971481   2.41758194   6.32289334  10.63482018]_[ 2.26842733  5.04124843 -1.12382879 -1.86518258  2.81396496  3.73414501
  3.68335789  4.69100421  6.38683198  8.30247744] 

Mean Previous Drone Positions [-4.62857407 -4.62857407 -4.62857407 -4.62857407 -4.62857407 -4.62857407
 -4.62857407 -4.62857407 -4.62857407 -4.62857407]_[3.39324459 3.39324459 3.39324459 3.39324459 3.39324459 3.39324459
 3.39324459 3.39324459 3.39324459 3.39324459] 

relative Drone Positions [-18.31886902 -14.24800924 -10.17714946  -6.10628967  -2.03542989
   2.03542989   6.10628967  10.17714946  14.24800924  18.31886902]_[-4.65070293 -3.61721339 -2.58372385 -1.55023431 -0.51674477  0.51674477
  1.55023431  2.58372385  3.61721339  4.65070293] 

current starting Drone Positions [-22.94744309 -18.87658331 -14.80572352 -10.73486374  -6.66400396
  -2.59314418   1.47771561   5.54857539   9.61943517  13.69029496]_[-1.25745834 -0.2239688   0.80952074  1.84301028  2.87649982  3.90998936
  4.9434789   5.97696844  7.01045798  8.04394752] 

scanning direction vector [0.26320934 0.26320934 0.26320934 0.26320934 0.26320934 0.26320934
 0.26320934 0.26320934 0.26320934 0.26320934]_[-1.03676745 -1.03676745 -1.03676745 -1.03676745 -1.03676745 -1.03676745
 -1.03676745 -1.03676745 -1.03676745 -1.03676745] 

changing back speed 0.3 

velocity vector [-1.53967879 -1.5422707  -0.73920957 -0.68651048  1.10846872  1.21932471
  1.17743846  1.20250737  1.25217189  1.17985177]_[-2.09453315 -2.61633262 -0.45676259  0.07569041 -1.01800699 -0.98401414
 -0.65873114 -0.65097818 -0.84967965 -1.11432642] 

Moving Straight [-18.47749478 -14.40058721 -12.20353672  -8.25564149  -8.37306652
  -4.5608707   -0.39227634   3.62008932   7.57506523  11.81467195]_[ 0.17389418  2.42491581 -1.58059138 -1.78949217  1.79595797  2.75013087
  3.02462675  4.04002603  5.53715233  7.18815102] 

drones next lat [48.33583611 48.33585668 48.33582082 48.33581925 48.3358515  48.33586038
 48.33586318 48.33587263 48.33588641 48.3359016 ] drones next lon [14.32639467 14.32644941 14.32647953 14.32653282 14.32653081 14.32658214
 14.32663835 14.32669237 14.32674555 14.32680256] 
WayPoint_Count 88 

Leader Index 4 

Leader Contour 171.0 

Contour Threshold 175 

Previous Drone Positions [-18.47749478 -14.40058721 -12.20353672  -8.25564149  -8.37306652
  -4.5608707   -0.39227634   3.62008932   7.57506523  11.81467195]_[ 0.17389418  2.42491581 -1.58059138 -1.78949217  1.79595797  2.75013087
  3.02462675  4.04002603  5.53715233  7.18815102] 

Mean Previous Drone Positions [-4.36536473 -4.36536473 -4.36536473 -4.36536473 -4.36536473 -4.36536473
 -4.36536473 -4.36536473 -4.36536473 -4.36536473]_[2.35647714 2.35647714 2.35647714 2.35647714 2.35647714 2.35647714
 2.35647714 2.35647714 2.35647714 2.35647714] 

relative Drone Positions [-18.31886902 -14.24800924 -10.17714946  -6.10628967  -2.03542989
   2.03542989   6.10628967  10.17714946  14.24800924  18.31886902]_[-4.65070293 -3.61721339 -2.58372385 -1.55023431 -0.51674477  0.51674477
  1.55023431  2.58372385  3.61721339  4.65070293] 

current starting Drone Positions [-22.68423375 -18.61337397 -14.54251419 -10.4716544   -6.40079462
  -2.32993484   1.74092495   5.81178473   9.88264451  13.95350429]_[-2.29422579 -1.26073625 -0.22724671  0.80624283  1.83973237  2.87322191
  3.90671145  4.94020099  5.97369053  7.00718007] 

scanning direction vector [0.26320934 0.26320934 0.26320934 0.26320934 0.26320934 0.26320934
 0.26320934 0.26320934 0.26320934 0.26320934]_[-1.03676745 -1.03676745 -1.03676745 -1.03676745 -1.03676745 -1.03676745
 -1.03676745 -1.03676745 -1.03676745 -1.03676745] 

changing back speed 0.3 

velocity vector [-0.99881235 -1.00062669 -0.4384839  -0.40159453  0.85489091  0.9324901
  0.90316973  0.92071796  0.95548312  0.90485904]_[-1.77720344 -2.14246306 -0.63076404 -0.25804695 -1.02363513 -0.99984013
 -0.77214204 -0.76671496 -0.90580599 -1.09105873] 

Moving Straight [-19.47630714 -15.4012139  -12.64202062  -8.65723603  -7.51817561
  -3.62838061   0.51089338   4.54080728   8.53054835  12.71953099]_[-1.60330925  0.28245275 -2.21135542 -2.04753912  0.77232284  1.75029073
  2.25248471  3.27331107  4.63134635  6.09709229] 

drones next lat [48.33582004 48.33583733 48.33581511 48.3358169  48.33584236 48.33585146
 48.33585631 48.33586581 48.33587834 48.33589186] drones next lon [14.32638141 14.32643617 14.32647369 14.32652743 14.32654247 14.32659484
 14.32665063 14.32670488 14.32675855 14.3268149 ] 
WayPoint_Count 89 

Leader Index 4 

Leader Contour 138.5 

Contour Threshold 175 

Previous Drone Positions [-19.47630714 -15.4012139  -12.64202062  -8.65723603  -7.51817561
  -3.62838061   0.51089338   4.54080728   8.53054835  12.71953099]_[-1.60330925  0.28245275 -2.21135542 -2.04753912  0.77232284  1.75029073
  2.25248471  3.27331107  4.63134635  6.09709229] 

Mean Previous Drone Positions [-4.10215539 -4.10215539 -4.10215539 -4.10215539 -4.10215539 -4.10215539
 -4.10215539 -4.10215539 -4.10215539 -4.10215539]_[1.31970969 1.31970969 1.31970969 1.31970969 1.31970969 1.31970969
 1.31970969 1.31970969 1.31970969 1.31970969] 

relative Drone Positions [-18.31886902 -14.24800924 -10.17714946  -6.10628967  -2.03542989
   2.03542989   6.10628967  10.17714946  14.24800924  18.31886902]_[-4.65070293 -3.61721339 -2.58372385 -1.55023431 -0.51674477  0.51674477
  1.55023431  2.58372385  3.61721339  4.65070293] 

current starting Drone Positions [-22.42102441 -18.35016463 -14.27930485 -10.20844506  -6.13758528
  -2.0667255    2.00413428   6.07499407  10.14585385  14.21671363]_[-3.33099323 -2.29750369 -1.26401415 -0.23052461  0.80296492  1.83645446
  2.869944    3.90343354  4.93692308  5.97041262] 

scanning direction vector [0.26320934 0.26320934 0.26320934 0.26320934 0.26320934 0.26320934
 0.26320934 0.26320934 0.26320934 0.26320934]_[-1.03676745 -1.03676745 -1.03676745 -1.03676745 -1.03676745 -1.03676745
 -1.03676745 -1.03676745 -1.03676745 -1.03676745] 

changing back speed 0.3 

velocity vector [-0.62020584 -0.62147588 -0.22797593 -0.20215337  0.67738644  0.73170587
  0.71118161  0.72346538  0.74780099  0.71236413]_[-1.55507264 -1.81075438 -0.75256507 -0.4916631  -1.02757482 -1.01091833
 -0.85152966 -0.8477307  -0.94509443 -1.07477135] 

Moving Straight [-20.09651298 -16.02268978 -12.86999655  -8.8593894   -6.84078917
  -2.89667473   1.22207499   5.26427265   9.27834934  13.43189512]_[-3.15838189 -1.52830163 -2.96392049 -2.53920221 -0.25525198  0.73937241
  1.40095505  2.42558037  3.68625192  5.02232094] 

drones next lat [48.335806   48.33582099 48.33580832 48.33581246 48.33583317 48.33584242
 48.3358487  48.33585824 48.3358699  48.33588224] drones next lon [14.32637322 14.32642799 14.3264707  14.32652477 14.32655173 14.32660483
 14.32666032 14.32671474 14.32676875 14.32682464] 
WayPoint_Count 90 

Leader Index 4 

Leader Contour 111.5 

Contour Threshold 175 

Previous Drone Positions [-20.09651298 -16.02268978 -12.86999655  -8.8593894   -6.84078917
  -2.89667473   1.22207499   5.26427265   9.27834934  13.43189512]_[-3.15838189 -1.52830163 -2.96392049 -2.53920221 -0.25525198  0.73937241
  1.40095505  2.42558037  3.68625192  5.02232094] 

Mean Previous Drone Positions [-3.83894605 -3.83894605 -3.83894605 -3.83894605 -3.83894605 -3.83894605
 -3.83894605 -3.83894605 -3.83894605 -3.83894605]_[0.28294225 0.28294225 0.28294225 0.28294225 0.28294225 0.28294225
 0.28294225 0.28294225 0.28294225 0.28294225] 

relative Drone Positions [-18.31886902 -14.24800924 -10.17714946  -6.10628967  -2.03542989
   2.03542989   6.10628967  10.17714946  14.24800924  18.31886902]_[-4.65070293 -3.61721339 -2.58372385 -1.55023431 -0.51674477  0.51674477
  1.55023431  2.58372385  3.61721339  4.65070293] 

current starting Drone Positions [-22.15781507 -18.08695529 -14.01609551  -9.94523573  -5.87437594
  -1.80351616   2.26734362   6.33820341  10.40906319  14.47992297]_[-4.36776068 -3.33427114 -2.3007816  -1.26729206 -0.23380252  0.79968702
  1.83317656  2.8666661   3.90015564  4.93364518] 

scanning direction vector [0.26320934 0.26320934 0.26320934 0.26320934 0.26320934 0.26320934
 0.26320934 0.26320934 0.26320934 0.26320934]_[-1.03676745 -1.03676745 -1.03676745 -1.03676745 -1.03676745 -1.03676745
 -1.03676745 -1.03676745 -1.03676745 -1.03676745] 

changing back speed 0.3 

velocity vector [-0.35518129 -0.35607031 -0.08062035 -0.06254456  0.55313331  0.59115691
  0.57678993  0.58538856  0.60242349  0.57761769]_[-1.39958108 -1.5785583  -0.83782578 -0.6551944  -1.03033261 -1.01867306
 -0.90710099 -0.90444173 -0.97259633 -1.06337018] 

Moving Straight [-20.45169427 -16.3787601  -12.9506169   -8.92193396  -6.28765587
  -2.30551782   1.79886492   5.84966122   9.88077283  14.00951282]_[-4.55796298 -3.10685993 -3.80174627 -3.19439661 -1.28558459 -0.27930066
  0.49385406  1.52113864  2.71365559  3.95895076] 

drones next lat [48.33579338 48.33580676 48.33580078 48.33580656 48.33582394 48.33583331
 48.33584059 48.33585015 48.33586119 48.33587272] drones next lon [14.3263686  14.32642338 14.32646971 14.326524   14.32655932 14.32661293
 14.32666821 14.32672275 14.32677699 14.32683255] 
WayPoint_Count 91 

Leader Index 2 

Leader Contour 142.5 

Contour Threshold 175 

Previous Drone Positions [-20.45169427 -16.3787601  -12.9506169   -8.92193396  -6.28765587
  -2.30551782   1.79886492   5.84966122   9.88077283  14.00951282]_[-4.55796298 -3.10685993 -3.80174627 -3.19439661 -1.28558459 -0.27930066
  0.49385406  1.52113864  2.71365559  3.95895076] 

Mean Previous Drone Positions [-3.57573671 -3.57573671 -3.57573671 -3.57573671 -3.57573671 -3.57573671
 -3.57573671 -3.57573671 -3.57573671 -3.57573671]_[-0.7538252 -0.7538252 -0.7538252 -0.7538252 -0.7538252 -0.7538252
 -0.7538252 -0.7538252 -0.7538252 -0.7538252] 

relative Drone Positions [-18.31886902 -14.24800924 -10.17714946  -6.10628967  -2.03542989
   2.03542989   6.10628967  10.17714946  14.24800924  18.31886902]_[-4.65070293 -3.61721339 -2.58372385 -1.55023431 -0.51674477  0.51674477
  1.55023431  2.58372385  3.61721339  4.65070293] 

current starting Drone Positions [-21.89460574 -17.82374595 -13.75288617  -9.68202639  -5.6111666
  -1.54030682   2.53055296   6.60141274  10.67227253  14.74313231]_[-5.40452813 -4.37103859 -3.33754905 -2.30405951 -1.27056997 -0.23708043
  0.79640911  1.82989865  2.86338819  3.89687773] 

scanning direction vector [0.26320934 0.26320934 0.26320934 0.26320934 0.26320934 0.26320934
 0.26320934 0.26320934 0.26320934 0.26320934]_[-1.03676745 -1.03676745 -1.03676745 -1.03676745 -1.03676745 -1.03676745
 -1.03676745 -1.03676745 -1.03676745 -1.03676745] 

changing back speed 0.3 

velocity vector [-0.1696641  -0.17028642  0.02252856  0.03518161  0.46615612  0.49277264
  0.48271575  0.4887348   0.50065925  0.48329519]_[-1.29073699 -1.41602104 -0.89750828 -0.76966631 -1.03226306 -1.02410138
 -0.94600093 -0.94413944 -0.99184767 -1.05538936] 

Moving Straight [-20.62135837 -16.54904651 -12.92808834  -8.88675235  -5.82149975
  -1.81274518   2.28158067   6.33839601  10.38143208  14.492808  ]_[-5.84869997 -4.52288097 -4.69925455 -3.96406293 -2.31784765 -1.30340203
 -0.45214687  0.5769992   1.72180792  2.90356141] 

drones next lat [48.33578176 48.33579401 48.33579271 48.33579964 48.33581469 48.33582413
 48.33583211 48.33584169 48.33585231 48.33586327] drones next lon [14.32636646 14.32642125 14.32647012 14.32652457 14.32656573 14.3266197
 14.32667484 14.32672945 14.32678387 14.3268392 ] 
WayPoint_Count 92 

Leader Index 4 

Leader Contour 119.0 

Contour Threshold 175 

Previous Drone Positions [-20.62135837 -16.54904651 -12.92808834  -8.88675235  -5.82149975
  -1.81274518   2.28158067   6.33839601  10.38143208  14.492808  ]_[-5.84869997 -4.52288097 -4.69925455 -3.96406293 -2.31784765 -1.30340203
 -0.45214687  0.5769992   1.72180792  2.90356141] 

Mean Previous Drone Positions [-3.31252737 -3.31252737 -3.31252737 -3.31252737 -3.31252737 -3.31252737
 -3.31252737 -3.31252737 -3.31252737 -3.31252737]_[-1.79059264 -1.79059264 -1.79059264 -1.79059264 -1.79059264 -1.79059264
 -1.79059264 -1.79059264 -1.79059264 -1.79059264] 

relative Drone Positions [-18.31886902 -14.24800924 -10.17714946  -6.10628967  -2.03542989
   2.03542989   6.10628967  10.17714946  14.24800924  18.31886902]_[-4.65070293 -3.61721339 -2.58372385 -1.55023431 -0.51674477  0.51674477
  1.55023431  2.58372385  3.61721339  4.65070293] 

current starting Drone Positions [-21.6313964  -17.56053661 -13.48967683  -9.41881705  -5.34795727
  -1.27709748   2.7937623    6.86462208  10.93548187  15.00634165]_[-6.44129557 -5.40780603 -4.37431649 -3.34082695 -2.30733741 -1.27384787
 -0.24035834  0.7931312   1.82662074  2.86011028] 

scanning direction vector [0.26320934 0.26320934 0.26320934 0.26320934 0.26320934 0.26320934
 0.26320934 0.26320934 0.26320934 0.26320934]_[-1.03676745 -1.03676745 -1.03676745 -1.03676745 -1.03676745 -1.03676745
 -1.03676745 -1.03676745 -1.03676745 -1.03676745] 

changing back speed 0.3 

velocity vector [-0.03980207 -0.04023769  0.09473279  0.10358993  0.40527208  0.42390365
  0.41686383  0.42107716  0.42942427  0.41726943]_[-1.21454613 -1.30224496 -0.93928603 -0.84979665 -1.03361438 -1.0279012
 -0.97323089 -0.97192784 -1.0053236  -1.04980278] 

Moving Straight [-20.66116044 -16.58928421 -12.83335555  -8.78316242  -5.41622767
  -1.38884154   2.6984445    6.75947317  10.81085635  14.91007743]_[-7.0632461  -5.82512594 -5.63854058 -4.81385958 -3.35146202 -2.33130323
 -1.42537776 -0.39492865  0.71648432  1.85375862] 

drones next lat [48.33577083 48.33578229 48.33578426 48.335792   48.33580542 48.33581492
 48.33582339 48.33583298 48.3358433  48.33585386] drones next lon [14.32636607 14.32642086 14.32647151 14.32652606 14.32657132 14.32662554
 14.32668058 14.32673525 14.32678978 14.32684495] 
WayPoint_Count 93 

Leader Index 4 

Leader Contour 102.5 

Contour Threshold 175 

Previous Drone Positions [-20.66116044 -16.58928421 -12.83335555  -8.78316242  -5.41622767
  -1.38884154   2.6984445    6.75947317  10.81085635  14.91007743]_[-7.0632461  -5.82512594 -5.63854058 -4.81385958 -3.35146202 -2.33130323
 -1.42537776 -0.39492865  0.71648432  1.85375862] 

Mean Previous Drone Positions [-3.04931804 -3.04931804 -3.04931804 -3.04931804 -3.04931804 -3.04931804
 -3.04931804 -3.04931804 -3.04931804 -3.04931804]_[-2.82736009 -2.82736009 -2.82736009 -2.82736009 -2.82736009 -2.82736009
 -2.82736009 -2.82736009 -2.82736009 -2.82736009] 

relative Drone Positions [-18.31886902 -14.24800924 -10.17714946  -6.10628967  -2.03542989
   2.03542989   6.10628967  10.17714946  14.24800924  18.31886902]_[-4.65070293 -3.61721339 -2.58372385 -1.55023431 -0.51674477  0.51674477
  1.55023431  2.58372385  3.61721339  4.65070293] 

current starting Drone Positions [-21.36818706 -17.29732728 -13.22646749  -9.15560771  -5.08474793
  -1.01388814   3.05697164   7.12783142  11.1986912   15.26955099]_[-7.47806302 -6.44457348 -5.41108394 -4.3775944  -3.34410486 -2.31061532
 -1.27712578 -0.24363624  0.7898533   1.82334284] 

scanning direction vector [0.26320934 0.26320934 0.26320934 0.26320934 0.26320934 0.26320934
 0.26320934 0.26320934 0.26320934 0.26320934]_[-1.03676745 -1.03676745 -1.03676745 -1.03676745 -1.03676745 -1.03676745
 -1.03676745 -1.03676745 -1.03676745 -1.03676745] 

changing back speed 0.3 

velocity vector [0.05110135 0.05079642 0.14527576 0.15147575 0.36265326 0.37569536
 0.37076748 0.37371681 0.37955979 0.3710514 ]_[-1.16121252 -1.22260171 -0.96853045 -0.90588789 -1.0345603  -1.03056107
 -0.99229185 -0.99137972 -1.01475675 -1.04589218] 

Moving Straight [-20.61005909 -16.53848779 -12.68807979  -8.63168667  -5.05357441
  -1.01314618   3.06921198   7.13318999  11.19041615  15.28112884]_[-8.22445862 -7.04772765 -6.60707103 -5.71974747 -4.38602232 -3.36186431
 -2.41766961 -1.38630837 -0.29827243  0.80786644] 

drones next lat [48.33576039 48.33577129 48.33577556 48.33578387 48.33579615 48.33580568
 48.3358145  48.33582409 48.3358342  48.33584448] drones next lon [14.32636689 14.32642169 14.32647359 14.32652821 14.32657633 14.32663073
 14.3266857  14.32674041 14.32679502 14.32685009] 
WayPoint_Count 94 

Leader Index 3 

Leader Contour 136.5 

Contour Threshold 175 

Previous Drone Positions [-20.61005909 -16.53848779 -12.68807979  -8.63168667  -5.05357441
  -1.01314618   3.06921198   7.13318999  11.19041615  15.28112884]_[-8.22445862 -7.04772765 -6.60707103 -5.71974747 -4.38602232 -3.36186431
 -2.41766961 -1.38630837 -0.29827243  0.80786644] 

Mean Previous Drone Positions [-2.7861087 -2.7861087 -2.7861087 -2.7861087 -2.7861087 -2.7861087
 -2.7861087 -2.7861087 -2.7861087 -2.7861087]_[-3.86412754 -3.86412754 -3.86412754 -3.86412754 -3.86412754 -3.86412754
 -3.86412754 -3.86412754 -3.86412754 -3.86412754] 

relative Drone Positions [-18.31886902 -14.24800924 -10.17714946  -6.10628967  -2.03542989
   2.03542989   6.10628967  10.17714946  14.24800924  18.31886902]_[-4.65070293 -3.61721339 -2.58372385 -1.55023431 -0.51674477  0.51674477
  1.55023431  2.58372385  3.61721339  4.65070293] 

current starting Drone Positions [-21.10497772 -17.03411794 -12.96325815  -8.89239837  -4.82153859
  -0.75067881   3.32018098   7.39104076  11.46190054  15.53276033]_[-8.51483047 -7.48134093 -6.44785139 -5.41436185 -4.38087231 -3.34738277
 -2.31389323 -1.28040369 -0.24691415  0.78657539] 

scanning direction vector [0.26320934 0.26320934 0.26320934 0.26320934 0.26320934 0.26320934
 0.26320934 0.26320934 0.26320934 0.26320934]_[-1.03676745 -1.03676745 -1.03676745 -1.03676745 -1.03676745 -1.03676745
 -1.03676745 -1.03676745 -1.03676745 -1.03676745] 

changing back speed 0.3 

velocity vector [0.11473375 0.11452029 0.18065583 0.18499583 0.33282008 0.34194955
 0.33850004 0.34056457 0.34465466 0.33869878]_[-1.123879   -1.16685143 -0.98900155 -0.94515176 -1.03522244 -1.03242298
 -1.00563453 -1.00499604 -1.02135996 -1.04315476] 

Moving Straight [-20.49532534 -16.42396749 -12.50742396  -8.44669084  -4.72075432
  -0.67119663   3.40771202   7.47375456  11.5350708   15.61982762]_[-9.34833762 -8.21457908 -7.59607259 -6.66489923 -5.42124476 -4.39428729
 -3.42330414 -2.39130441 -1.31963239 -0.23528832] 

drones next lat [48.33575028 48.33576081 48.33576668 48.33577538 48.33578686 48.33579642
 48.33580548 48.33581508 48.33582504 48.33583512] drones next lon [14.32636857 14.32642337 14.32647614 14.32653082 14.32658095 14.32663546
 14.32669038 14.32674512 14.32679979 14.32685478] 
WayPoint_Count 95 

Leader Index 5 

Leader Contour 288.5 

Contour Threshold 175 

Converging Before Rutherford Scattering [-19.35491615 -15.39605836 -10.52015642  -7.35316205  -2.40619354
  -1.22257      0.4655306    4.58057472   8.73815953  13.17184229]_[-9.46355367 -8.14495901 -6.07543442 -6.66751925 -5.85626135 -5.22854589
 -3.8034554  -3.17796629 -1.29365901 -1.59010132] 

Minimum Distance Within Rutherford Scattering 4.2 

Converging After Rutherford Scattering [-20.0248127  -15.56868983 -11.15149207  -7.41181391  -3.51244715
  -0.60953037   1.00150533   5.09047038   9.03101728  13.85884364]_[-9.67823847 -8.20806166 -5.75177673 -6.96175719 -6.7549722  -5.55508965
 -2.62799363 -3.23665957 -0.95496928 -1.57193721] 

drones next lat [48.33574735 48.33576093 48.33578338 48.33577279 48.33577496 48.33578598
 48.33581244 48.33580729 48.33582812 48.33582296] drones next lon [14.32637496 14.32643491 14.32649422 14.32654482 14.32659741 14.32663643
 14.32665782 14.32671307 14.32676596 14.32683118] 
WayPoint_Count 96 

Leader Index 4 

Leader Contour 164.0 

Contour Threshold 175 

Previous Drone Positions [-20.0248127  -15.56868983 -11.15149207  -7.41181391  -3.51244715
  -0.60953037   1.00150533   5.09047038   9.03101728  13.85884364]_[-9.67823847 -8.20806166 -5.75177673 -6.96175719 -6.7549722  -5.55508965
 -2.62799363 -3.23665957 -0.95496928 -1.57193721] 

Mean Previous Drone Positions [-2.92969494 -2.92969494 -2.92969494 -2.92969494 -2.92969494 -2.92969494
 -2.92969494 -2.92969494 -2.92969494 -2.92969494]_[-5.13014556 -5.13014556 -5.13014556 -5.13014556 -5.13014556 -5.13014556
 -5.13014556 -5.13014556 -5.13014556 -5.13014556] 

relative Drone Positions [-18.68425161 -14.5321957  -10.38013979  -6.22808387  -2.07602796
   2.07602796   6.22808387  10.38013979  14.5321957   18.68425161]_[-2.84758523 -2.21478851 -1.58199179 -0.94919508 -0.31639836  0.31639836
  0.94919508  1.58199179  2.21478851  2.84758523] 

current starting Drone Positions [-21.61394655 -17.46189064 -13.30983472  -9.15777881  -5.0057229
  -0.85366698   3.29838893   7.45044485  11.60250076  15.75455667]_[-7.97773079 -7.34493407 -6.71213735 -6.07934064 -5.44654392 -4.8137472
 -4.18095048 -3.54815376 -2.91535705 -2.28256033] 

scanning direction vector [0.1611608 0.1611608 0.1611608 0.1611608 0.1611608 0.1611608 0.1611608
 0.1611608 0.1611608 0.1611608]_[-1.05744649 -1.05744649 -1.05744649 -1.05744649 -1.05744649 -1.05744649
 -1.05744649 -1.05744649 -1.05744649 -1.05744649] 

changing back speed 0.3 

velocity vector [-0.31557935 -0.40679944 -0.48634199 -0.36262867 -0.28682192  0.08791982
  0.85022589  0.86915314  0.93260585  0.72987472]_[-0.54729419 -0.79850822 -1.34555468 -0.79272153 -0.66491801 -0.83504376
 -1.52333355 -1.15089475 -1.64556282 -1.27063343] 

Moving Straight [-20.34039205 -15.97548927 -11.63783406  -7.77444257  -3.79926907
  -0.52161055   1.85173121   5.95962352   9.96362313  14.58871835]_[-10.22553266  -9.00656988  -7.09733141  -7.75447872  -7.41989021
  -6.39013341  -4.15132718  -4.38755433  -2.6005321   -2.84257064] 

drones next lat [48.33574241 48.33575372 48.33577123 48.33576563 48.33576895 48.33577848
 48.3357988  48.335797   48.33581339 48.33581158] drones next lon [14.32637077 14.32642952 14.32648782 14.32654002 14.32659362 14.32663772
 14.32666948 14.32672493 14.32677874 14.32684118] 
WayPoint_Count 97 

Leader Index 5 

Leader Contour 138.0 

Contour Threshold 175 

Previous Drone Positions [-20.34039205 -15.97548927 -11.63783406  -7.77444257  -3.79926907
  -0.52161055   1.85173121   5.95962352   9.96362313  14.58871835]_[-10.22553266  -9.00656988  -7.09733141  -7.75447872  -7.41989021
  -6.39013341  -4.15132718  -4.38755433  -2.6005321   -2.84257064] 

Mean Previous Drone Positions [-2.76853414 -2.76853414 -2.76853414 -2.76853414 -2.76853414 -2.76853414
 -2.76853414 -2.76853414 -2.76853414 -2.76853414]_[-6.18759205 -6.18759205 -6.18759205 -6.18759205 -6.18759205 -6.18759205
 -6.18759205 -6.18759205 -6.18759205 -6.18759205] 

relative Drone Positions [-18.68425161 -14.5321957  -10.38013979  -6.22808387  -2.07602796
   2.07602796   6.22808387  10.38013979  14.5321957   18.68425161]_[-2.84758523 -2.21478851 -1.58199179 -0.94919508 -0.31639836  0.31639836
  0.94919508  1.58199179  2.21478851  2.84758523] 

current starting Drone Positions [-21.45278575 -17.30072983 -13.14867392  -8.99661801  -4.84456209
  -0.69250618   3.45954974   7.61160565  11.76366156  15.91571748]_[-9.03517728 -8.40238057 -7.76958385 -7.13678713 -6.50399041 -5.87119369
 -5.23839698 -4.60560026 -3.97280354 -3.34000682] 

scanning direction vector [0.1611608 0.1611608 0.1611608 0.1611608 0.1611608 0.1611608 0.1611608
 0.1611608 0.1611608 0.1611608]_[-1.05744649 -1.05744649 -1.05744649 -1.05744649 -1.05744649 -1.05744649
 -1.05744649 -1.05744649 -1.05744649 -1.05744649] 

changing back speed 0.3 

velocity vector [-0.17255731 -0.23641137 -0.29209115 -0.20549183 -0.1524271   0.10989212
  0.64350636  0.65675544  0.70117233  0.55926054]_[-0.70033988 -0.8761897  -1.25912222 -0.87213902 -0.78267656 -0.90176458
 -1.38356743 -1.12286027 -1.46912793 -1.20667735] 

Moving Straight [-20.51294935 -16.21190063 -11.92992522  -7.9799344   -3.95169617
  -0.41171843   2.49523758   6.61637897  10.66479547  15.14797889]_[-10.92587254  -9.88275958  -8.35645364  -8.62661774  -8.20256676
  -7.29189799  -5.53489461  -5.5104146   -4.06966003  -4.04924799] 

drones next lat [48.33573609 48.33574582 48.33575988 48.33575777 48.3357619  48.33577037
 48.33578641 48.33578695 48.33580023 48.33580077] drones next lon [14.32636852 14.32642643 14.32648403 14.32653735 14.32659165 14.32663931
 14.32667832 14.32673392 14.32678838 14.32684886] 
WayPoint_Count 98 

Leader Index 4 

Leader Contour 230.5 

Contour Threshold 175 

Converging Before Rutherford Scattering [-18.79977309 -14.67990127 -10.8388087   -6.990918    -3.30134003
  -2.93489159   1.0791036    5.58259403   8.92231001  13.81414411]_[ -9.63583161 -10.50449929  -7.90002436  -8.42093036  -7.44293732
  -8.60031804  -7.20151264  -6.43099482  -5.59712492  -3.69001336] 

Minimum Distance Within Rutherford Scattering 4.2 

Converging After Rutherford Scattering [-19.52451654 -14.89132701 -11.33775072  -7.31685478  -3.52169723
  -2.53875427   1.41252041   5.65603597   9.54514017  14.36972309]_[ -9.57950372 -10.93692734  -7.52099853  -8.66761233  -5.98448345
 -10.12549852  -7.11934189  -6.48908464  -5.50464864  -3.49608766] 

drones next lat [48.33574828 48.33573644 48.33576745 48.33575745 48.33578189 48.33574471
 48.33577207 48.33577807 48.33578724 48.33580569] drones next lon [14.3263817  14.32644437 14.32649192 14.3265463  14.32659719 14.32661095
 14.3266639  14.32672108 14.32677344 14.3268383 ] 
WayPoint_Count 99 

Leader Index 3 

Leader Contour 271.5 

Contour Threshold 175 

Converging Before Rutherford Scattering [-18.19919158 -12.49038351  -8.49103441  -7.98361001  -4.35964057
  -3.65395506   0.29601053   2.68794389   7.79697989  11.42515329]_[ -8.68736645 -11.23740353  -7.68559617  -9.4128891   -7.74547783
  -8.93881944  -7.99092731  -6.72777156  -6.84942446  -4.00194885] 

Minimum Distance Within Rutherford Scattering 4.2 

Converging After Rutherford Scattering [-18.71763702 -13.09722764  -9.35474031  -8.20114349  -4.54500654
  -3.18827598   0.4842391    3.42023892   8.22918078  11.99864465]_[ -8.60161828 -11.72353801  -6.46189276 -10.5762277   -6.34907096
 -10.3340031   -8.32747119  -6.14850101  -7.08105429  -3.6742474 ] 

drones next lat [48.33575714 48.3357295  48.33577713 48.33574021 48.33577853 48.33574279
 48.33576113 48.33578096 48.33577295 48.3358039 ] drones next lon [14.32639247 14.32646867 14.32651855 14.3265346  14.32658343 14.32660221
 14.32665152 14.32669088 14.32675587 14.32680633] 
WayPoint_Count 100 

Leader Index 3 

Leader Contour 93.0 

Contour Threshold 175 

Previous Drone Positions [-18.71763702 -13.09722764  -9.35474031  -8.20114349  -4.54500654
  -3.18827598   0.4842391    3.42023892   8.22918078  11.99864465]_[ -8.60161828 -11.72353801  -6.46189276 -10.5762277   -6.34907096
 -10.3340031   -8.32747119  -6.14850101  -7.08105429  -3.6742474 ] 

Mean Previous Drone Positions [-3.29717275 -3.29717275 -3.29717275 -3.29717275 -3.29717275 -3.29717275
 -3.29717275 -3.29717275 -3.29717275 -3.29717275]_[-7.92776247 -7.92776247 -7.92776247 -7.92776247 -7.92776247 -7.92776247
 -7.92776247 -7.92776247 -7.92776247 -7.92776247] 

relative Drone Positions [-18.48134023 -14.37437573 -10.26741124  -6.16044674  -2.05348225
   2.05348225   6.16044674  10.26741124  14.37437573  18.48134023]_[-3.9560161  -3.07690141 -2.19778672 -1.31867203 -0.43955734  0.43955734
  1.31867203  2.19778672  3.07690141  3.9560161 ] 

current starting Drone Positions [-21.77851298 -17.67154849 -13.56458399  -9.4576195   -5.350655
  -1.24369051   2.86327399   6.97023848  11.07720298  15.18416747]_[-11.88377857 -11.00466388 -10.12554919  -9.2464345   -8.36731982
  -7.48820513  -6.60909044  -5.72997575  -4.85086106  -3.97174637] 

scanning direction vector [0.32227178 0.32227178 0.32227178 0.32227178 0.32227178 0.32227178
 0.32227178 0.32227178 0.32227178 0.32227178]_[-1.50555868 -1.50555868 -1.50555868 -1.50555868 -1.50555868 -1.50555868
 -1.50555868 -1.50555868 -1.50555868 -1.50555868] 

changing back speed 0.3 

velocity vector [-0.59599101 -1.05002447 -0.94068132 -0.05467102  0.08057724  0.90564742
  1.03598225  1.38727165  1.17667844  1.27792862]_[-2.49020677 -1.28989644 -2.60465561 -1.10662072 -2.11103334 -0.65181929
 -0.99004446 -1.3800011  -0.83650071 -1.59480837] 

Moving Straight [-19.31362803 -14.14725212 -10.29542164  -8.25581451  -4.4644293
  -2.28262856   1.52022134   4.80751057   9.40585922  13.27657328]_[-11.09182505 -13.01343446  -9.06654838 -11.68284843  -8.4601043
 -10.98582239  -9.31751565  -7.52850211  -7.917555    -5.26905577] 

drones next lat [48.33573469 48.33571782 48.33575363 48.33573025 48.33575954 48.33573699
 48.3357523  48.33576866 48.33576552 48.33578965] drones next lon [14.32638473 14.32645466 14.32650616 14.32653399 14.32658477 14.3266145
 14.32666562 14.32670976 14.32677185 14.32682376] 
WayPoint_Count 101 

Leader Index 8 

Leader Contour 206.0 

Contour Threshold 175 

Converging Before Rutherford Scattering [-18.31714884 -12.9501311   -9.11616387  -7.04536612  -2.93782955
   0.42638037   3.17735709   7.42450638   9.82329676  10.88165487]_[-11.00285896 -13.24316658  -9.5262468  -11.9322395   -9.26359931
 -11.11053445  -8.01785796  -6.91578216  -7.00884938  -7.06627269] 

Minimum Distance Within Rutherford Scattering 4.2 

Converging After Rutherford Scattering [-18.81731306 -13.31463974  -9.62639484  -6.96700042  -3.14177062
   0.62384973   2.9992827    6.69269576   9.84311044  13.07473605]_[-10.92314909 -13.65129105  -8.84346028 -12.64550497  -8.82254348
 -11.87446721  -7.76194465  -6.52242429  -6.8965154   -7.14610736] 

drones next lat [48.33573625 48.33571214 48.33575569 48.33572169 48.33575639 48.33572923
 48.33576641 48.33577785 48.33577474 48.33577275] drones next lon [14.3263914  14.32646597 14.32651516 14.3265515  14.32660265 14.32665382
 14.32668539 14.32673507 14.32677763 14.32682126] 
WayPoint_Count 102 

Leader Index 4 

Leader Contour 119.5 

Contour Threshold 175 

Previous Drone Positions [-18.81731306 -13.31463974  -9.62639484  -6.96700042  -3.14177062
   0.62384973   2.9992827    6.69269576   9.84311044  13.07473605]_[-10.92314909 -13.65129105  -8.84346028 -12.64550497  -8.82254348
 -11.87446721  -7.76194465  -6.52242429  -6.8965154   -7.14610736] 

Mean Previous Drone Positions [-1.8633444 -1.8633444 -1.8633444 -1.8633444 -1.8633444 -1.8633444
 -1.8633444 -1.8633444 -1.8633444 -1.8633444]_[-9.50874078 -9.50874078 -9.50874078 -9.50874078 -9.50874078 -9.50874078
 -9.50874078 -9.50874078 -9.50874078 -9.50874078] 

relative Drone Positions [-18.70726173 -14.55009246 -10.39292318  -6.23575391  -2.07858464
   2.07858464   6.23575391  10.39292318  14.55009246  18.70726173]_[-2.69227757 -2.09399366 -1.49570976 -0.89742586 -0.29914195  0.29914195
  0.89742586  1.49570976  2.09399366  2.69227757] 

current starting Drone Positions [-20.57060613 -16.41343686 -12.25626759  -8.09909831  -3.94192904
   0.21524024   4.37240951   8.52957878  12.68674806  16.84391733]_[-12.20101835 -11.60273444 -11.00445054 -10.40616663  -9.80788273
  -9.20959883  -8.61131492  -8.01303102  -7.41474711  -6.81646321] 

scanning direction vector [0.21932294 0.21932294 0.21932294 0.21932294 0.21932294 0.21932294
 0.21932294 0.21932294 0.21932294 0.21932294]_[-1.52396309 -1.52396309 -1.52396309 -1.52396309 -1.52396309 -1.52396309
 -1.52396309 -1.52396309 -1.52396309 -1.52396309] 

changing back speed 0.3 

velocity vector [-0.30666498 -0.71031619 -0.56963888 -0.12030643 -0.02072459  0.09674009
  0.63126098  0.77038785  1.07241423  1.35007732]_[-1.90732387 -0.90939611 -2.17226016 -0.85216159 -1.81956486 -0.72450257
 -1.77877417 -1.97114511 -1.6794326  -1.42506984] 

Moving Straight [-19.12397804 -14.02495594 -10.19603372  -7.08730685  -3.16249521
   0.72058982   3.63054368   7.4630836   10.91552466  14.42481338]_[-12.83047295 -14.56068715 -11.01572045 -13.49766656 -10.64210835
 -12.59896978  -9.54071882  -8.4935694   -8.575948    -8.57117721] 

drones next lat [48.33571907 48.33570391 48.3357361  48.33571402 48.33574002 48.33572272
 48.33575046 48.33576018 48.33575971 48.33576003] drones next lon [14.32638749 14.32645649 14.32650774 14.32654997 14.32660259 14.32665522
 14.32669412 14.3267457  14.32679229 14.32683964] 
WayPoint_Count 103 

Leader Index 4 

Leader Contour 160.5 

Contour Threshold 175 

Previous Drone Positions [-19.12397804 -14.02495594 -10.19603372  -7.08730685  -3.16249521
   0.72058982   3.63054368   7.4630836   10.91552466  14.42481338]_[-12.83047295 -14.56068715 -11.01572045 -13.49766656 -10.64210835
 -12.59896978  -9.54071882  -8.4935694   -8.575948    -8.57117721] 

Mean Previous Drone Positions [-1.64402146 -1.64402146 -1.64402146 -1.64402146 -1.64402146 -1.64402146
 -1.64402146 -1.64402146 -1.64402146 -1.64402146]_[-11.03270387 -11.03270387 -11.03270387 -11.03270387 -11.03270387
 -11.03270387 -11.03270387 -11.03270387 -11.03270387 -11.03270387] 

relative Drone Positions [-18.70726173 -14.55009246 -10.39292318  -6.23575391  -2.07858464
   2.07858464   6.23575391  10.39292318  14.55009246  18.70726173]_[-2.69227757 -2.09399366 -1.49570976 -0.89742586 -0.29914195  0.29914195
  0.89742586  1.49570976  2.09399366  2.69227757] 

current starting Drone Positions [-20.35128319 -16.19411392 -12.03694465  -7.87977537  -3.7226061
   0.43456318   4.59173245   8.74890172  12.906071    17.06324027]_[-13.72498143 -13.12669753 -12.52841363 -11.93012972 -11.33184582
 -10.73356191 -10.13527801  -9.53699411  -8.9387102   -8.3404263 ] 

scanning direction vector [0.21932294 0.21932294 0.21932294 0.21932294 0.21932294 0.21932294
 0.21932294 0.21932294 0.21932294 0.21932294]_[-1.52396309 -1.52396309 -1.52396309 -1.52396309 -1.52396309 -1.52396309
 -1.52396309 -1.52396309 -1.52396309 -1.52396309] 

changing back speed 0.3 

velocity vector [-0.14886861 -0.43142445 -0.33295034 -0.01841762  0.05128967  0.13351495
  0.50767957  0.60506838  0.81648684  1.01085101]_[-1.79231563 -1.0937662  -1.97777104 -1.05370204 -1.73088433 -0.96434073
 -1.70233085 -1.8369905  -1.63279175 -1.45473782] 

Moving Straight [-19.27284665 -14.45638039 -10.52898406  -7.10572447  -3.11120553
   0.85410477   4.13822325   8.06815198  11.7320115   15.43566438]_[-14.62278859 -15.65445336 -12.99349149 -14.5513686  -12.37299268
 -13.56331051 -11.24304966 -10.3305599  -10.20873975 -10.02591502] 

drones next lat [48.33570293 48.33569403 48.33571828 48.33570454 48.33572445 48.33571405
 48.33573519 48.33574371 48.33574509 48.33574703] drones next lon [14.32638569 14.3264508  14.32650348 14.32654985 14.32660349 14.32665713
 14.32670117 14.32675408 14.3268035  14.32685345] 
WayPoint_Count 104 

Leader Index 4 

Leader Contour 111.5 

Contour Threshold 175 

Previous Drone Positions [-19.27284665 -14.45638039 -10.52898406  -7.10572447  -3.11120553
   0.85410477   4.13822325   8.06815198  11.7320115   15.43566438]_[-14.62278859 -15.65445336 -12.99349149 -14.5513686  -12.37299268
 -13.56331051 -11.24304966 -10.3305599  -10.20873975 -10.02591502] 

Mean Previous Drone Positions [-1.42469852 -1.42469852 -1.42469852 -1.42469852 -1.42469852 -1.42469852
 -1.42469852 -1.42469852 -1.42469852 -1.42469852]_[-12.55666695 -12.55666695 -12.55666695 -12.55666695 -12.55666695
 -12.55666695 -12.55666695 -12.55666695 -12.55666695 -12.55666695] 

relative Drone Positions [-18.70726173 -14.55009246 -10.39292318  -6.23575391  -2.07858464
   2.07858464   6.23575391  10.39292318  14.55009246  18.70726173]_[-2.69227757 -2.09399366 -1.49570976 -0.89742586 -0.29914195  0.29914195
  0.89742586  1.49570976  2.09399366  2.69227757] 

current starting Drone Positions [-20.13196025 -15.97479098 -11.81762171  -7.66045243  -3.50328316
   0.65388612   4.81105539   8.96822466  13.12539394  17.28256321]_[-15.24894452 -14.65066062 -14.05237671 -13.45409281 -12.85580891
 -12.257525   -11.6592411  -11.06095719 -10.46267329  -9.86438939] 

scanning direction vector [0.21932294 0.21932294 0.21932294 0.21932294 0.21932294 0.21932294
 0.21932294 0.21932294 0.21932294 0.21932294]_[-1.52396309 -1.52396309 -1.52396309 -1.52396309 -1.52396309 -1.52396309
 -1.52396309 -1.52396309 -1.52396309 -1.52396309] 

changing back speed 0.3 

velocity vector [-0.03841114 -0.23620024 -0.16726835  0.05290455  0.10169965  0.15925734
  0.42117258  0.48934474  0.63733767  0.77339259]_[-1.71180987 -1.22282527 -1.84162866 -1.19478035 -1.66880796 -1.13222744
 -1.64882052 -1.74308228 -1.60014315 -1.4755054 ] 

Moving Straight [-19.31125779 -14.69258063 -10.69625241  -7.05281992  -3.00950588
   1.01336211   4.55939583   8.55749672  12.36934917  16.20905697]_[-16.33459846 -16.87727862 -14.83512014 -15.74614895 -14.04180063
 -14.69553794 -12.89187018 -12.07364217 -11.8088829  -11.50142042] 

drones next lat [48.33568753 48.33568301 48.3357017  48.33569379 48.33570944 48.33570388
 48.33572039 48.33572806 48.33573075 48.33573381] drones next lon [14.32638538 14.32644776 14.32650144 14.32655071 14.32660506 14.32665941
 14.32670704 14.32676089 14.32681229 14.32686406] 
WayPoint_Count 105 

Leader Index 5 

Leader Contour 256.5 

Contour Threshold 175 

Converging Before Rutherford Scattering [-16.7194572  -12.38396821  -9.31133497  -5.97309192  -0.17001991
   0.06947477   3.4188655    5.80621039   9.73159782  14.4023175 ]_[-16.9751249  -17.54690207 -15.59985475 -15.91637889 -14.86371543
 -15.02580555 -13.03199736 -12.22350836 -11.58687181 -12.90143928] 

Minimum Distance Within Rutherford Scattering 4.2 

Converging After Rutherford Scattering [-17.46274135 -12.7836281   -9.68321771  -5.79742802  -1.59889638
   1.13997174   3.16965379   6.46096528  10.35966629  15.06624823]_[-16.9525992  -18.06643077 -15.14839651 -16.17034961 -13.80840431
 -16.67477527 -12.76188213 -11.80345621 -11.27840631 -13.00689808] 

drones next lat [48.33568212 48.33567247 48.33569896 48.33569008 48.33571165 48.33568609
 48.33572145 48.33573033 48.33573536 48.33572018] drones next lon [14.32641039 14.32647366 14.32651514 14.32656769 14.32662406 14.32666136
 14.32668828 14.32673257 14.32678511 14.32684882] 
WayPoint_Count 106 

Leader Index 3 

Leader Contour 142.5 

Contour Threshold 175 

Previous Drone Positions [-17.46274135 -12.7836281   -9.68321771  -5.79742802  -1.59889638
   1.13997174   3.16965379   6.46096528  10.35966629  15.06624823]_[-16.9525992  -18.06643077 -15.14839651 -16.17034961 -13.80840431
 -16.67477527 -12.76188213 -11.80345621 -11.27840631 -13.00689808] 

Mean Previous Drone Positions [-1.11294062 -1.11294062 -1.11294062 -1.11294062 -1.11294062 -1.11294062
 -1.11294062 -1.11294062 -1.11294062 -1.11294062]_[-14.56715984 -14.56715984 -14.56715984 -14.56715984 -14.56715984
 -14.56715984 -14.56715984 -14.56715984 -14.56715984 -14.56715984] 

relative Drone Positions [-18.81156628 -14.63121822 -10.45087016  -6.27052209  -2.09017403
   2.09017403   6.27052209  10.45087016  14.63121822  18.81156628]_[-1.82619114 -1.42037088 -1.01455063 -0.60873038 -0.20291013  0.20291013
  0.60873038  1.01455063  1.42037088  1.82619114] 

current starting Drone Positions [-19.9245069  -15.74415884 -11.56381078  -7.38346272  -3.20311466
   0.97723341   5.15758147   9.33792953  13.51827759  17.69862566]_[-16.39335098 -15.98753072 -15.58171047 -15.17589022 -14.77006997
 -14.36424971 -13.95842946 -13.55260921 -13.14678896 -12.7409687 ] 

scanning direction vector [0.14876832 0.14876832 0.14876832 0.14876832 0.14876832 0.14876832
 0.14876832 0.14876832 0.14876832 0.14876832]_[-1.53246012 -1.53246012 -1.53246012 -1.53246012 -1.53246012 -1.53246012
 -1.53246012 -1.53246012 -1.53246012 -1.53246012] 

changing back speed 0.3 

velocity vector [-0.58976135 -0.7393909  -0.4154096  -0.32704209 -0.33249716  0.09994682
  0.74514662  1.01185759  1.09635171  0.93848155]_[-1.36468566 -0.90879011 -1.66245431 -1.23412231 -1.82095982 -0.83930246
 -1.89142432 -2.05720602 -2.09297492 -1.45268131] 

Moving Straight [-18.0525027  -13.52301901 -10.09862732  -6.12447011  -1.93139355
   1.23991856   3.91480041   7.47282288  11.456018    16.00472978]_[-18.31728485 -18.97522088 -16.81085082 -17.40447192 -15.62936413
 -17.51407773 -14.65330646 -13.86066224 -13.37138123 -14.45957939] 

drones next lat [48.33566979 48.33566423 48.33568397 48.33567895 48.33569525 48.33567854
 48.33570449 48.3357119  48.33571662 48.33570719] drones next lon [14.3264026  14.32646379 14.32650974 14.32656343 14.32661979 14.3266628
 14.32669856 14.32674647 14.32680015 14.32686166] 
WayPoint_Count 107 

Leader Index 5 

Leader Contour 307.0 

Contour Threshold 175 

Converging Before Rutherford Scattering [-16.46092126 -10.55163622  -7.11348232  -4.966739    -1.09703273
   2.23543795   2.3957154    5.18514839   9.99743095  15.02349787]_[-19.14765767 -18.97170072 -17.08270039 -17.97363857 -16.18542298
 -17.60863535 -17.10239229 -15.69900503 -15.0417085  -14.65287774] 

Minimum Distance Within Rutherford Scattering 4.2 

Converging After Rutherford Scattering [-16.99569644 -11.18047547  -7.87681272  -4.73722262  -1.52625309
   2.13985981   2.58518517   6.11036233  10.48693188  15.64154019]_[-19.1948675  -19.35697616 -16.34398008 -18.707833   -15.54161115
 -19.74651882 -15.78973234 -15.26258765 -14.93267182 -14.58896072] 

drones next lat [48.33566198 48.33566098 48.33568835 48.33566733 48.33569607 48.33565853
 48.33569416 48.33569918 48.3357025  48.33570599] drones next lon [14.32641696 14.32649544 14.32653966 14.3265823  14.32662525 14.32667521
 14.32668075 14.32672825 14.32678726 14.32685677] 
WayPoint_Count 108 

Leader Index 5 

Leader Contour 362.0 

Contour Threshold 175 

Converging Before Rutherford Scattering [-15.84073484  -9.72896739  -6.88419335  -2.44422824  -0.86687019
   2.28774689   1.66252671   3.7847798    8.5467505   13.60231363]_[-18.71648477 -20.25215544 -16.55365703 -19.95546821 -17.80477819
 -18.75751457 -17.06203963 -16.735243   -14.95363788 -16.28793872] 

Minimum Distance Within Rutherford Scattering 4.2 

Converging After Rutherford Scattering [-16.33363118 -10.1749243   -7.32646504  -3.06330186  -1.73396761
   2.9024011    1.44360387   5.07096193   9.10492444  14.22952216]_[-18.68704261 -20.67077714 -15.99449407 -21.14774661 -17.3466083
 -20.37411283 -15.76737195 -16.21447984 -14.53002341 -16.34626068] 

drones next lat [48.3356666  48.33564924 48.33569154 48.33564551 48.33567981 48.33565295
 48.33569427 48.33569054 48.33570601 48.33569007] drones next lon [14.32642583 14.32650916 14.32654704 14.32660517 14.32662266 14.32668557
 14.32666535 14.32671434 14.32676857 14.32683793] 
WayPoint_Count 109 

Leader Index 5 

Leader Contour 347.5 

Contour Threshold 175 

Converging Before Rutherford Scattering [-13.47837786  -9.02198266  -4.49054793  -0.8415104   -0.52352309
   0.99936659   2.85002661   3.74138678   8.10293159  11.76578868]_[-19.72758785 -20.08226114 -15.7601978  -19.58621356 -16.82209006
 -23.08737917 -19.81849702 -18.52488447 -15.57475634 -16.97848063] 

Minimum Distance Within Rutherford Scattering 4.2 

Converging After Rutherford Scattering [-14.17697152  -9.23021601  -5.19721194  -1.65213378  -0.51932961
   0.91973792   3.18522043   4.70968842   8.43614348  12.62863092]_[-19.73476916 -20.31892038 -15.11362159 -20.12341745 -15.72914721
 -24.46645228 -20.85765979 -17.59425904 -14.93540098 -17.08870016] 

drones next lat [48.33565735 48.33565248 48.33569963 48.33565484 48.33569446 48.33561597
 48.33564862 48.3356781  48.33570231 48.33568327] drones next lon [14.32645506 14.32652187 14.32657567 14.32662409 14.32663886 14.32665931
 14.32668945 14.32670963 14.32675959 14.32681642] 
WayPoint_Count 110 

Leader Index 5 

Leader Contour 276.0 

Contour Threshold 175 

Converging Before Rutherford Scattering [-13.23577068  -6.70773445  -4.65237409  -1.25390738  -0.98186198
   0.30670915   3.04910974   4.72352142   7.60405499  11.92606971]_[-20.07912398 -21.81682773 -15.9521738  -21.06038549 -17.0863228
 -23.67639169 -22.92597397 -19.14499213 -17.41952164 -18.01068293] 

Minimum Distance Within Rutherford Scattering 4.2 

Converging After Rutherford Scattering [-13.74596937  -7.3044017   -5.3433092   -1.74214916  -0.77373158
  -0.0357464    3.93513505   4.84234142   8.17981379  12.76583356]_[-20.06397995 -22.16828255 -15.26021718 -21.04462    -16.2913178
 -24.96555357 -23.61514889 -18.98504455 -16.77385881 -18.00437289] 

drones next lat [48.33565442 48.335636   48.3356983  48.33564655 48.33568938 48.33561141
 48.33562387 48.33566559 48.33568575 48.33567504] drones next lon [14.32646091 14.32654807 14.32657371 14.32662299 14.32663549 14.32664648
 14.32669989 14.32671158 14.32675635 14.32681838] 
WayPoint_Count 111 

Leader Index 5 

Leader Contour 255.5 

Contour Threshold 175 

Converging Before Rutherford Scattering [-12.09870898  -6.19352304  -3.56791894  -1.68875862   0.31929694
  -0.19748101   1.84095298   4.14014461   6.55107268  11.78788044]_[-19.76551745 -22.23165595 -17.59333697 -22.21109009 -17.90048491
 -23.97871928 -23.27942805 -19.70769172 -19.16318097 -19.58673039] 

Minimum Distance Within Rutherford Scattering 4.2 

Converging After Rutherford Scattering [-12.68794308  -7.05765464  -4.27947412  -2.36946281   0.40763742
  -0.56302594   2.95487181   4.19989286   7.72240232  12.56571324]_[-19.66804144 -22.59756318 -16.76642609 -22.04043899 -16.92959308
 -25.65570109 -23.93157498 -19.51595074 -18.72415471 -19.58839147] 

drones next lat [48.33565807 48.33563216 48.33568483 48.33563754 48.33568374 48.33560516
 48.33562095 48.33566077 48.33566817 48.33566078] drones next lon [14.32647514 14.32655145 14.32658825 14.32661464 14.32665151 14.32663944
 14.3266867  14.32670298 14.32675041 14.32681586] 
WayPoint_Count 112 

Leader Index 3 

Leader Contour 330.5 

Contour Threshold 175 

Converging Before Rutherford Scattering [-10.01162996  -5.08551267  -3.06839101  -2.69139421  -0.46062933
  -0.6798068    1.47134558   1.75995421   6.73196566   9.89907811]_[-19.42972379 -23.36145617 -19.49486754 -22.98720198 -19.68316062
 -23.23732403 -24.17819642 -21.05289535 -19.76400031 -20.63329501] 

Minimum Distance Within Rutherford Scattering 4.2 

Converging After Rutherford Scattering [-10.77848093  -6.8346078   -4.16473826  -3.52207743  -0.22282555
  -0.40227292   2.75903127   2.89701178   7.13121903  11.00272037]_[-19.16389797 -24.1264889  -18.33370708 -23.44451118 -18.23652319
 -24.11127589 -25.71761544 -20.67698994 -19.24279415 -20.76831748] 

drones next lat [48.33566275 48.33561842 48.33567074 48.33562482 48.33567193 48.33561906
 48.33560486 48.33565022 48.33566346 48.33565004] drones next lon [14.32650084 14.32655464 14.32658998 14.32659926 14.32664315 14.32664143
 14.32668427 14.32668554 14.3267425  14.32679491] 
WayPoint_Count 113 

Leader Index 4 

Leader Contour 287.0 

Contour Threshold 175 

Converging Before Rutherford Scattering [-7.84046275 -4.40855907 -2.26819429 -2.51604441 -1.0569176   0.56530446
  2.63693669  1.91462845  4.66402555  9.81493199]_[-19.3139236  -22.43541155 -17.28971704 -20.75706654 -17.6848979
 -22.53438226 -23.07391058 -20.25000278 -18.09750693 -20.97444836] 

Minimum Distance Within Rutherford Scattering 4.2 

Converging After Rutherford Scattering [-8.94675403 -5.61152801 -3.75471445 -3.01243391 -0.15833802  0.08614002
  3.97316982  2.59369905  5.72946336 10.60694517]_[-19.07783474 -23.67047946 -15.80399389 -20.76172361 -16.64107411
 -23.8291842  -24.40600785 -19.93414833 -17.20267815 -21.0841432 ] 

drones next lat [48.33566367 48.33562262 48.33569353 48.33564899 48.33568629 48.33562164
 48.33561676 48.33565688 48.3356817  48.33564717] drones next lon [14.32652555 14.32657109 14.32659521 14.32660581 14.32664383 14.32664799
 14.3267005  14.32668136 14.32672334 14.32678961] 
WayPoint_Count 114 

Leader Index 5 

Leader Contour 338.0 

Contour Threshold 175 

Converging Before Rutherford Scattering [-7.05716865 -3.54622469 -3.83622725 -2.37039929 -0.74646839 -0.91057359
  1.11561305  2.34156841  4.83626429  8.15021727]_[-19.0160656  -22.72835212 -17.28072689 -21.54212832 -17.8852565
 -23.74817822 -23.63601512 -21.05875747 -19.64029559 -20.73582813] 

Minimum Distance Within Rutherford Scattering 4.2 

Converging After Rutherford Scattering [-8.36670911 -5.31901445 -4.51962674 -2.54008948 -0.25250682 -1.34668779
  2.36976431  2.76430574  5.78604754  9.40111797]_[-18.84595043 -23.87090152 -16.05674676 -20.91845184 -16.6719335
 -25.37850297 -24.9919055  -20.8953084  -18.70965986 -20.93224318] 

drones next lat [48.3356658  48.33562084 48.3356912  48.33564762 48.335686   48.33560759
 48.33561136 48.33564825 48.33566815 48.33564844] drones next lon [14.32653335 14.32657506 14.32658492 14.32661221 14.32664257 14.32662884
 14.32667893 14.32668377 14.32672428 14.32677332] 
WayPoint_Count 115 

Leader Index 5 

Leader Contour 284.5 

Contour Threshold 175 

Converging Before Rutherford Scattering [-7.70001531 -3.25862784 -4.1211701  -1.38298543 -0.70271612 -2.14148088
  0.68111315  2.15750589  4.81735589  8.259079  ]_[-19.60501777 -23.5988803  -18.91934435 -22.0822247  -17.67669728
 -24.77162246 -26.15258102 -21.70221066 -19.20510347 -20.98863406] 

Minimum Distance Within Rutherford Scattering 4.2 

Converging After Rutherford Scattering [-8.96376414 -5.0493925  -4.74541015 -1.21351194 -0.42339735 -2.34845783
  1.58084323  2.96479686  5.49361113  9.31274094]_[-19.41086451 -23.81949656 -18.03890989 -21.68009005 -16.41616974
 -26.46858738 -27.42586433 -21.94312101 -18.33592633 -21.16328627] 

drones next lat [48.33566067 48.33562132 48.33567335 48.33564087 48.33568829 48.3355977
 48.3355894  48.33563884 48.33567149 48.33564635] drones next lon [14.32652536 14.32657869 14.32658211 14.3266302  14.32664023 14.32661545
 14.32666858 14.3266866  14.32672029 14.32677216] 
WayPoint_Count 116

Leader Index 5 

Leader Contour 305.0 

Contour Threshold 175 

Converging Before Rutherford Scattering [-6.78759599 -3.10375801 -3.89219753 -1.47162013 -0.90941621 -1.59867381
 -0.82161895  0.46378478  3.50205424  6.74265297]_[-20.2814815  -24.36442851 -19.01068482 -24.60532416 -19.37442363
 -25.80690473 -27.84074283 -23.44650192 -20.57314271 -22.65335913] 

Minimum Distance Within Rutherford Scattering 4.2 

Converging After Rutherford Scattering [-8.18085751 -5.2333018  -4.48330408 -1.36591453 -0.47157581 -2.31778214
 -0.06402949  1.98203751  4.37419191  7.88414729]_[-20.07671786 -24.42265085 -17.86232758 -23.95189546 -18.23508957
 -27.45878789 -30.01004515 -23.37379543 -19.68123252 -22.88445164] 

drones next lat [48.33565475 48.33561588 48.33567496 48.33562042 48.33567192 48.3355888
 48.33556603 48.33562589 48.33565929 48.33563076] drones next lon [14.326536   14.32657628 14.32658563 14.32662841 14.3266398  14.32661598
 14.32664669 14.32667351 14.32670535 14.32675309] 
WayPoint_Count 117 

Leader Index 4 

Leader Contour 294.0 

Contour Threshold 175 

Converging Before Rutherford Scattering [-6.99400455 -3.23565393 -3.48991716 -0.92203606 -0.75669797 -1.06422755
 -0.07327284  0.18499385  1.64007341  5.68572545]_[-18.96024955 -22.2092632  -18.11002836 -20.98505019 -17.27659838
 -24.98911964 -27.0130399  -21.21507957 -18.53356337 -22.80464781] 

Minimum Distance Within Rutherford Scattering 4.2 

Converging After Rutherford Scattering [-8.43203083 -4.84123399 -4.44453053 -1.58988678 -0.58100376 -1.45860545
  0.48628433  1.901184    3.15138898  6.78341667]_[-18.75101147 -23.01586494 -17.05687013 -20.65229503 -15.54143187
 -25.75319134 -28.7655081  -21.88762401 -17.5857262  -23.08711687] 

drones next lat [48.33566665 48.33562857 48.33568221 48.33565009 48.33569614 48.33560421
 48.33557726 48.33563925 48.33567805 48.33562885] drones next lon [14.32653245 14.32658141 14.32658605 14.326625   14.326638   14.32662737
 14.32665397 14.32667224 14.3266886  14.32673826] 
WayPoint_Count 118 

Leader Index 5 

Leader Contour 224.5 

Contour Threshold 175 

Converging Before Rutherford Scattering [-6.43688299 -2.53187412 -3.36853414 -1.62219921 -1.17673803 -0.46696244
 -1.2289819   1.1337904   1.18184344  5.44978967]_[-19.35626802 -23.61785517 -18.04398781 -21.65514779 -16.62865178
 -25.62417915 -26.30904593 -22.55845238 -19.16346643 -22.88052634] 

Minimum Distance Within Rutherford Scattering 4.2 

Converging After Rutherford Scattering [-7.90684556 -4.06818302 -4.22559875 -1.93486061 -0.80379771  0.85816761
 -2.30048122  2.24421629  2.31429835  6.75633529]_[-19.26566927 -24.36058193 -17.17456933 -21.12191114 -14.96483608
 -26.4615209  -28.49881902 -22.69225274 -18.23901689 -23.0584035 ] 

drones next lat [48.33566206 48.33561653 48.33568117 48.33564584 48.33570131 48.33559802
 48.33557944 48.33563204 48.33567211 48.3356291 ] drones next lon [14.3265396  14.326592   14.32658902 14.3266204  14.32663493 14.32665871
 14.32661634 14.32667697 14.32667739 14.32673789] 
WayPoint_Count 119 

Leader Index 5 

Leader Contour 255.5 

Contour Threshold 175 

Converging Before Rutherford Scattering [-7.08998895 -2.90436011 -3.82545364 -1.4098059  -0.63222852  1.8322111
 -0.46378541  0.73204802  2.66134583  5.74466987]_[-21.2193063  -24.4081265  -18.10056024 -23.80977303 -15.95084596
 -26.23515996 -28.40252964 -23.99974667 -19.49014173 -24.75120525] 

Minimum Distance Within Rutherford Scattering 4.2 

Converging After Rutherford Scattering [-8.18062458 -4.64888426 -4.41904141 -1.7594051  -0.41415891  2.76337494
 -0.87920352  1.73732921  3.44116443  7.0041015 ]_[-21.12701343 -25.32503416 -17.44189897 -23.14795445 -14.88796242
 -27.41865111 -29.84355814 -23.53820732 -18.78676163 -24.85035365] 

drones next lat [48.3356453  48.33560781 48.33567875 48.33562762 48.33570204 48.33558956
 48.33556746 48.33562439 48.33566727 48.335613  ] drones next lon [14.32653613 14.32658428 14.32658644 14.326623   14.32664018 14.32668453
 14.32663567 14.32667023 14.32669266 14.32674145] 
WayPoint_Count 120

Leader Index 5 

Leader Contour 272.0 

Contour Threshold 175 

Converging Before Rutherford Scattering [-6.6507493  -3.44022836 -3.49638192 -0.20444919 -0.92083416  1.84806689
  0.89701932  1.54137509  4.23511214  4.77830741]_[-21.14484994 -25.17061311 -18.09572735 -25.51596941 -16.885296
 -27.82140559 -27.74148178 -26.17875784 -21.09132157 -25.02926581] 

Minimum Distance Within Rutherford Scattering 4.2 

Converging After Rutherford Scattering [-7.6616791  -4.81580771 -4.16437706 -1.08041727 -0.36336169  3.55136717
 -0.53301397  2.38955712  4.87604191  6.3889285 ]_[-21.02090892 -25.50468712 -17.55760814 -24.77778245 -15.91908815
 -29.65637451 -29.52395494 -25.51817932 -20.2012426  -24.99486225] 

drones next lat [48.33564629 48.33560618 48.33567772 48.33561301 48.33569276 48.33556949
 48.33557036 48.33560663 48.33565466 48.33561165] drones next lon [14.32654312 14.32658204 14.32658989 14.32663236 14.32664098 14.32669543
 14.32664031 14.32667926 14.32671218 14.32673316] 
WayPoint_Count 121 

Leader Index 5 

Leader Contour 177.0 

Contour Threshold 175 

Converging Before Rutherford Scattering [-6.95822728 -2.51449186 -3.67122121 -0.5682236   1.18016783  4.40174626
  2.43461429  2.20433122  5.59663132  6.33121971]_[-21.76831049 -27.25397569 -20.05690782 -26.73022949 -17.93822525
 -29.130204   -29.34044473 -28.13160477 -22.24381135 -26.89098945] 

Minimum Distance Within Rutherford Scattering 4.2 

Converging After Rutherford Scattering [-7.90943647 -4.12653058 -3.82864862 -0.90481666  1.36126701  5.81345201
  1.83558262  2.36380178  6.14737457  7.68450101]_[-21.7233023  -27.91212713 -19.43247955 -26.016375   -17.20137707
 -30.25202352 -31.49741321 -27.36547425 -21.55062376 -26.53350726] 

drones next lat [48.33563995 48.33558458 48.33566088 48.33560189 48.33568137 48.33556431
 48.3355528  48.33559001 48.33564262 48.33559791] drones next lon [14.32653986 14.32659163 14.32659464 14.32663487 14.3266644  14.32672602
 14.3266725  14.32667914 14.3267295  14.32675083] 
WayPoint_Count 122 

Leader Index 4 

Leader Contour 247.5 

Contour Threshold 175 

Converging Before Rutherford Scattering [-5.98708052 -3.80041223 -2.54115006  0.47033144  1.84063213  4.16797722
  2.49891997  3.11583957  5.27772994  5.58537643]_[-21.83869592 -26.94256649 -17.80736908 -24.55948841 -16.3237615
 -28.38263355 -28.81469986 -25.05792154 -19.41356494 -24.66569893] 

Minimum Distance Within Rutherford Scattering 4.2 

Converging After Rutherford Scattering [-6.79200407 -4.57911738 -3.02106084 -0.44988698  1.95810115  5.55668209
  1.60679798  3.23895681  5.95009856  7.15959657]_[-21.69888476 -27.52009291 -17.23989157 -24.24344198 -15.47402257
 -29.34671358 -30.13610035 -24.86242985 -18.86611582 -24.41870685] 

drones next lat [48.33564026 48.33558807 48.33568067 48.33561787 48.33569695 48.33557244
 48.33556502 48.33561259 48.33566675 48.3356169 ] drones next lon [14.32655493 14.32658548 14.32660528 14.3266408  14.32667225 14.32672245
 14.32666925 14.32669065 14.32672652 14.32674349] 
WayPoint_Count 123 

Leader Index 5 

Leader Contour 204.5 

Contour Threshold 175 

Converging Before Rutherford Scattering [-4.34128823 -2.35689012 -0.9009673   0.75276373  1.6169003   5.0246366
  4.56452962  4.06011128  4.95312823  6.9867713 ]_[-22.09094355 -28.84202979 -18.60544405 -26.48530185 -17.94726583
 -28.4999978  -29.8275759  -25.64387531 -20.47739448 -25.42549593] 

Minimum Distance Within Rutherford Scattering 4.2 

Converging After Rutherford Scattering [-5.19316349 -3.2415663  -1.79419456  0.0455013   2.05078785  6.02526453
  4.34877406  3.94037977  5.65076194  8.52715031]_[-22.04534659 -29.56155953 -18.09545245 -26.55364657 -16.90771945
 -28.74956337 -31.89926026 -25.05155783 -19.88868885 -25.09252959] 

drones next lat [48.33563727 48.33556981 48.33567307 48.33559713 48.33568406 48.33557785
 48.33554938 48.33561095 48.33565753 48.33561094] drones next lon [14.32657654 14.32660377 14.32662194 14.32664776 14.32667367 14.3267287
 14.32670645 14.32670013 14.3267226  14.32676202] 
WayPoint_Count 124

Leader Index 3 

Leader Contour 151.5 

Contour Threshold 175 

Previous Drone Positions [-5.19316349 -3.2415663  -1.79419456  0.0455013   2.05078785  6.02526453
  4.34877406  3.94037977  5.65076194  8.52715031]_[-22.04534659 -29.56155953 -18.09545245 -26.55364657 -16.90771945
 -28.74956337 -31.89926026 -25.05155783 -19.88868885 -25.09252959] 

Mean Previous Drone Positions [2.03596954 2.03596954 2.03596954 2.03596954 2.03596954 2.03596954
 2.03596954 2.03596954 2.03596954 2.03596954]_[-24.38453245 -24.38453245 -24.38453245 -24.38453245 -24.38453245
 -24.38453245 -24.38453245 -24.38453245 -24.38453245 -24.38453245] 

relative Drone Positions [-18.65840079 -14.5120895  -10.36577822  -6.21946693  -2.07315564
   2.07315564   6.21946693  10.36577822  14.5120895   18.65840079]_[ 3.01232135  2.3429166   1.67351186  1.00410712  0.33470237 -0.33470237
 -1.00410712 -1.67351186 -2.3429166  -3.01232135] 

current starting Drone Positions [-16.62243125 -12.47611996  -8.32980867  -4.18349739  -0.0371861
   4.10912519   8.25543647  12.40174776  16.54805905  20.69437033]_[-21.3722111  -22.04161584 -22.71102059 -23.38042533 -24.04983008
 -24.71923482 -25.38863957 -26.05804431 -26.72744905 -27.3968538 ] 

scanning direction vector [-0.17504339 -0.17504339 -0.17504339 -0.17504339 -0.17504339 -0.17504339
 -0.17504339 -0.17504339 -0.17504339 -0.17504339]_[-1.08422356 -1.08422356 -1.08422356 -1.08422356 -1.08422356 -1.08422356
 -1.08422356 -1.08422356 -1.08422356 -1.08422356] 

changing back speed 0.3 

velocity vector [-3.60382372 -2.94540949 -2.13572763 -1.443743   -0.80143558 -0.74988519
  0.99695533  2.363367    3.09414574  3.47512261]_[-0.88228291  1.17175955 -2.468894   -0.13225719 -3.22685675  0.12487501
  0.86896265 -1.3861695  -3.13585162 -1.77552082] 

Moving Straight [-8.79698721 -6.18697579 -3.92992219 -1.3982417   1.24935227  5.27537933
  5.34572939  6.30374678  8.74490768 12.00227293]_[-22.9276295  -28.38979998 -20.56434645 -26.68590375 -20.13457619
 -28.62468837 -31.03029761 -26.43772733 -23.02454047 -26.86805041] 

drones next lat [48.33562905 48.33558012 48.33565069 48.33559582 48.33565497 48.33557891
 48.33555727 48.33559867 48.33562956 48.33559524] drones next lon [14.32652802 14.32656389 14.32659341 14.3266283  14.32666324 14.32671857
 14.3267198  14.32673218 14.32676472 14.32680912] 
WayPoint_Count 125 

Leader Index 4 

Leader Contour 294.5 

Contour Threshold 175 

Converging Before Rutherford Scattering [-6.26854929 -4.37331003 -2.77670314 -0.03076603  0.29931005  5.37298961
  3.64266365  4.39914834  7.51019416  9.54784474]_[-21.59305685 -26.02386095 -20.94165064 -25.61770641 -20.4466976
 -26.51951408 -29.19720603 -25.63442272 -23.08051859 -26.4572777 ] 

Minimum Distance Within Rutherford Scattering 4.2 

Converging After Rutherford Scattering [-7.42777679 -5.19795818 -3.2370642  -0.46073079  0.81535146  6.48215376
  3.3830619   3.86487476  8.26194681 10.83896334]_[-21.29736989 -26.67589116 -20.28172737 -25.9867835  -19.50400684
 -27.51203205 -30.62310089 -24.75905148 -22.06895627 -26.80299213] 

drones next lat [48.33564382 48.33559561 48.33565329 48.33560219 48.33566061 48.33558901
 48.33556078 48.33561357 48.33563812 48.33559574] drones next lon [14.3265463  14.32657703 14.32660273 14.32664086 14.32665731 14.32673472
 14.32669327 14.32669908 14.32675809 14.32679342] 
WayPoint_Count 126 

Leader Index 4 

Leader Contour 293.5 

Contour Threshold 175 

Converging Before Rutherford Scattering [-4.81356828 -4.48370063 -1.02063242  0.42549628  1.77437769  5.54582718
  3.07514354  3.26989732  6.28837494  9.79327771]_[-21.62353116 -25.96444839 -18.93712056 -24.89049053 -19.22068956
 -26.85518471 -29.66423942 -22.11661673 -22.41420244 -24.80480237] 

Minimum Distance Within Rutherford Scattering 4.2 

Converging After Rutherford Scattering [-5.75102935 -5.24003372 -1.86390683 -0.01912827  2.21717403  6.08673479
  2.88816781  3.27743763  7.32459787 10.93447938]_[-21.32901193 -26.60098537 -18.05829235 -25.38589174 -17.99576717
 -27.47026543 -30.77480199 -22.05279731 -21.83582149 -24.9876911 ] 

drones next lat [48.33564367 48.33559628 48.3356734  48.33560763 48.33567429 48.33558936
 48.33555938 48.33563787 48.33564014 48.33561208] drones next lon [14.32656893 14.32657645 14.32662099 14.32664675 14.32667605 14.32672938
 14.32668661 14.32669083 14.32674541 14.32679449] 
WayPoint_Count 127 

Leader Index 5 

Leader Contour 268.5 

Contour Threshold 175 

Converging Before Rutherford Scattering [-4.97386069 -4.23170054  0.31686247  1.15208063  3.88317395  5.62954071
  5.27662422  3.82241726  5.89563731  8.19624239]_[-22.31086611 -26.92193374 -19.13045797 -25.33965615 -19.43225184
 -26.58089848 -29.26667993 -24.7550089  -23.80903285 -25.61284807] 

Minimum Distance Within Rutherford Scattering 4.2 

Converging After Rutherford Scattering [-5.75218209 -4.9481641  -0.32505412 -0.03645029  4.33693614  6.07906739
  5.30737465  3.31328056  6.9336416  10.05856798]_[-21.93503756 -27.51612278 -18.31545333 -25.79689027 -18.35765106
 -27.41488699 -31.04203675 -24.424494   -22.57292341 -25.78413789] 

drones next lat [48.33563822 48.33558808 48.33567121 48.33560393 48.3356712  48.33558986
 48.33555717 48.33561654 48.33563348 48.33560484] drones next lon [14.32656899 14.3265805  14.32664178 14.32664656 14.32670469 14.32672927
 14.32671929 14.3266916  14.32674023 14.32678277] 
WayPoint_Count 128 

Leader Index 4 

Leader Contour 260.0 

Contour Threshold 175 

Converging Before Rutherford Scattering [-4.29260252 -2.6948872   0.69000507  0.20577522  4.88791996  4.87486874
  5.38422807  2.93065211  5.15807363  7.98427322]_[-22.17164436 -25.55297785 -18.16019752 -23.43635668 -19.19216699
 -26.01392844 -28.07453706 -21.75363836 -20.18301524 -23.67900545] 

Minimum Distance Within Rutherford Scattering 4.2 

Converging After Rutherford Scattering [-5.40391549 -3.55693152 -0.02790417 -0.41056842  5.19371998  4.87232333
  5.84313083  2.67712618  6.55187054  9.38945504]_[-21.74599725 -26.59188128 -17.0621923  -23.8064421  -16.95746545
 -26.2546487  -29.79715856 -21.69936709 -20.41948421 -23.88283101] 

drones next lat [48.33563995 48.3355965  48.33568251 48.33562181 48.33568386 48.3356002
 48.33556841 48.33564101 48.33565283 48.33562189] drones next lon [14.32657366 14.32659916 14.32664564 14.32664128 14.32671608 14.32671285
 14.32672637 14.32668269 14.32673482 14.32677352] 
WayPoint_Count 129

Leader Index 5 

Leader Contour 235.0 

Contour Threshold 175 

Converging Before Rutherford Scattering [-4.52113012 -2.4260658   1.19306872  0.71088953  5.24070516  4.63773538
  5.51379179  3.0073736   6.8011045   7.17975768]_[-22.23334348 -27.00930553 -19.78704477 -23.92658935 -19.94951107
 -27.2267436  -28.84822401 -22.65812849 -22.93818849 -23.91408858] 

Minimum Distance Within Rutherford Scattering 4.2 

Converging After Rutherford Scattering [-5.48921997 -3.23475414  0.46067207 -0.27160629  5.73575144  4.21977651
  6.26657321  3.06788392  7.73654763  8.84560608]_[-21.91211313 -27.84709683 -18.50678918 -24.31587954 -18.32320113
 -27.55886179 -30.61996741 -22.45929208 -21.77822052 -25.16974578] 

drones next lat [48.33563845 48.33558523 48.33566955 48.33561723 48.33567162 48.33558841
 48.33556104 48.3356342  48.3356407  48.33561027] drones next lon [14.32657253 14.32660365 14.32665241 14.32664322 14.32672356 14.3267042
 14.32673218 14.32668805 14.32675096 14.32676633] 
WayPoint_Count 130 

Leader Index 5 

Leader Contour 277.0 

Contour Threshold 175 

Converging Before Rutherford Scattering [-4.39838199 -0.57638709  2.15790829  2.32075346  6.33037987  5.00921759
  4.43680388  4.22898846  7.14102564  6.75440457]_[-23.68763534 -28.52121127 -19.98678916 -25.72629845 -20.69202428
 -26.94503544 -29.65333611 -25.10365453 -22.59082096 -27.03686794] 

Minimum Distance Within Rutherford Scattering 4.2 

Converging After Rutherford Scattering [-5.22407245 -1.61297028  1.50435474  0.81594366  6.65778151  5.00736629
  4.41507243  4.31343455  8.64984131  8.87796093]_[-23.45854475 -29.37912986 -18.97803325 -25.64666174 -19.02267865
 -27.81653987 -31.5635636  -23.97105769 -22.44725344 -27.66021062] 

drones next lat [48.33562456 48.33557158 48.33566539 48.33560535 48.3356654  48.33558616
 48.3355524  48.3356207  48.33563475 48.33558787] drones next lon [14.32657629 14.32662572 14.32666655 14.32665805 14.32673608 14.32671486
 14.32670731 14.32670504 14.32676337 14.32676706] 
WayPoint_Count 131

Leader Index 4 

Leader Contour 211.0 

Contour Threshold 175 

Converging Before Rutherford Scattering [-2.73679443 -0.91983056  2.63713127  1.48053417  5.66459822  5.59055307
  3.77511322  4.34615032  7.14488811  7.68966681]_[-21.96941806 -28.64823312 -18.49730928 -24.89943044 -18.90611561
 -26.82763308 -29.46885243 -22.73085056 -19.85204953 -24.99974957] 

Minimum Distance Within Rutherford Scattering 4.2 

Converging After Rutherford Scattering [-3.67606137 -1.7955798   1.65898978  0.71935661  5.72703466  6.02724078
  3.70157348  4.30658199  8.8310106   9.17186347]_[-21.66712465 -29.37282941 -17.52352902 -25.05206475 -17.44157796
 -27.5836237  -30.85764755 -22.54613651 -19.64852405 -25.10658407] 

drones next lat [48.33564079 48.33557162 48.33567849 48.33561069 48.33567955 48.33558833
 48.3355587  48.33563352 48.33565994 48.33561087] drones next lon [14.32659697 14.32662325 14.32666846 14.32665667 14.32672334 14.32672859
 14.3266976  14.32670478 14.32676548 14.32677073] 
WayPoint_Count 132 

Leader Index 5 

Leader Contour 180.0 

Contour Threshold 175 

Converging Before Rutherford Scattering [-0.99820705 -0.66463447  3.28678785  1.63858739  4.8675317   5.65634078
  4.7575297   5.81094607  7.20645239  7.96356284]_[-22.95042427 -29.50111831 -19.91399192 -26.37679618 -19.83571111
 -28.51229652 -28.23238446 -24.95260028 -21.8201912  -27.27602293] 

Minimum Distance Within Rutherford Scattering 4.2 

Converging After Rutherford Scattering [-2.11117115 -1.63114102  1.96871043  0.740756    5.66469103  6.90274515
  3.64832021  5.97198243  8.59447583  9.7755283 ]_[-22.50288682 -30.4011591  -19.05923142 -26.23666871 -18.44126682
 -30.39808216 -28.98313464 -24.61137631 -21.26759555 -27.47013566] 

drones next lat [48.3356334  48.33556238 48.3356647  48.33560003 48.33567055 48.33556309
 48.33557556 48.33561507 48.33564536 48.33558965] drones next lon [14.32661818 14.32662559 14.32667282 14.3266571  14.32672262 14.32674074
 14.32669666 14.32672749 14.32676248 14.32677915] 
WayPoint_Count 133 

Leader Index 5 

Leader Contour 142.5 

Contour Threshold 175 

Previous Drone Positions [-2.11117115 -1.63114102  1.96871043  0.740756    5.66469103  6.90274515
  3.64832021  5.97198243  8.59447583  9.7755283 ]_[-22.50288682 -30.4011591  -19.05923142 -26.23666871 -18.44126682
 -30.39808216 -28.98313464 -24.61137631 -21.26759555 -27.47013566] 

Mean Previous Drone Positions [3.95248972 3.95248972 3.95248972 3.95248972 3.95248972 3.95248972
 3.95248972 3.95248972 3.95248972 3.95248972]_[-24.93715372 -24.93715372 -24.93715372 -24.93715372 -24.93715372
 -24.93715372 -24.93715372 -24.93715372 -24.93715372 -24.93715372] 

relative Drone Positions [-17.24049894 -13.40927695  -9.57805497  -5.74683298  -1.91561099
   1.91561099   5.74683298   9.57805497  13.40927695  17.24049894]_[ 7.74436545  6.02339535  4.30242525  2.58145515  0.86048505 -0.86048505
 -2.58145515 -4.30242525 -6.02339535 -7.74436545] 

current starting Drone Positions [-13.28800922  -9.45678723  -5.62556525  -1.79434326   2.03687873
   5.86810071   9.6993227   13.53054469  17.36176667  21.19298866]_[-17.19278826 -18.91375837 -20.63472847 -22.35569857 -24.07666867
 -25.79763877 -27.51860887 -29.23957897 -30.96054907 -32.68151917] 

scanning direction vector [-0.41435902 -0.41435902 -0.41435902 -0.41435902 -0.41435902 -0.41435902
 -0.41435902 -0.41435902 -0.41435902 -0.41435902]_[-0.92244565 -0.92244565 -0.92244565 -0.92244565 -0.92244565 -0.92244565
 -0.92244565 -0.92244565 -0.92244565 -0.92244565] 

changing back speed 0.3 

velocity vector [-3.76741044 -2.76205288 -2.69264172 -1.17488879 -1.50270271 -0.72475235
  1.40094173  1.85320966  2.21582823  3.01087909]_[ 0.67058392  2.52377457 -1.39509476  0.2418454  -2.6130662   0.45768737
 -0.48308792 -2.31090644 -3.8303317  -2.4858607 ] 

Moving Straight [-5.87858159 -4.3931939  -0.72393129 -0.4341328   4.16198832  6.1779928
  5.04926194  7.82519209 10.81030407 12.78640739]_[-21.8323029  -27.87738452 -20.45432618 -25.99482332 -21.05433302
 -29.94039479 -29.46622255 -26.92228276 -25.09792725 -29.95599636] 

drones next lat [48.33563913 48.33558487 48.33565194 48.33560212 48.33564693 48.33556715
 48.33557132 48.33559443 48.33561107 48.33556753] drones next lon [14.32656727 14.32658803 14.32663666 14.32664122 14.32670265 14.3267309
 14.32671562 14.32675277 14.32679283 14.32682007]
