WayPoint_Count 1 

Leader Index 4 

Leader Contour 167.5 

Contour Threshold 175 

Previous Drone Positions [ 18.9  14.7  10.5   6.3   2.1  -2.1  -6.3 -10.5 -14.7 -18.9]_[-12. -12. -12. -12. -12. -12. -12. -12. -12. -12.] 

Mean Previous Drone Positions [0. 0. 0. 0. 0. 0. 0. 0. 0. 0.]_[-12. -12. -12. -12. -12. -12. -12. -12. -12. -12.] 

relative Drone Positions [ 18.9  14.7  10.5   6.3   2.1  -2.1  -6.3 -10.5 -14.7 -18.9]_[-0. -0. -0. -0.  0.  0.  0.  0.  0.  0.] 

current starting Drone Positions [ 18.9  14.7  10.5   6.3   2.1  -2.1  -6.3 -10.5 -14.7 -18.9]_[-12. -12. -12. -12. -12. -12. -12. -12. -12. -12.] 

scanning direction vector [0. 0. 0. 0. 0. 0. 0. 0. 0. 0.]_[2. 2. 2. 2. 2. 2. 2. 2. 2. 2.] 

changing back speed 0.3 

velocity vector [0. 0. 0. 0. 0. 0. 0. 0. 0. 0.]_[2. 2. 2. 2. 2. 2. 2. 2. 2. 2.] 

Moving Straight [ 18.9  14.7  10.5   6.3   2.1  -2.1  -6.3 -10.5 -14.7 -18.9]_[-10. -10. -10. -10. -10. -10. -10. -10. -10. -10.] 

drones next lat [48.33574753 48.3357472  48.33574687 48.33574654 48.33574621 48.33574588
 48.33574554 48.33574521 48.33574488 48.33574455] drones next lon [14.32690019 14.32684352 14.32678686 14.32673019 14.32667352 14.32661685
 14.32656018 14.32650351 14.32644685 14.32639018] 
WayPoint_Count 2 

Leader Index 4 

Leader Contour 136.5 

Contour Threshold 175 

Previous Drone Positions [ 18.9  14.7  10.5   6.3   2.1  -2.1  -6.3 -10.5 -14.7 -18.9]_[-10. -10. -10. -10. -10. -10. -10. -10. -10. -10.] 

Mean Previous Drone Positions [0. 0. 0. 0. 0. 0. 0. 0. 0. 0.]_[-10. -10. -10. -10. -10. -10. -10. -10. -10. -10.] 

relative Drone Positions [ 18.9  14.7  10.5   6.3   2.1  -2.1  -6.3 -10.5 -14.7 -18.9]_[-0. -0. -0. -0.  0.  0.  0.  0.  0.  0.] 

current starting Drone Positions [ 18.9  14.7  10.5   6.3   2.1  -2.1  -6.3 -10.5 -14.7 -18.9]_[-10. -10. -10. -10. -10. -10. -10. -10. -10. -10.] 

scanning direction vector [0. 0. 0. 0. 0. 0. 0. 0. 0. 0.]_[2. 2. 2. 2. 2. 2. 2. 2. 2. 2.] 

changing back speed 0.3 

velocity vector [0. 0. 0. 0. 0. 0. 0. 0. 0. 0.]_[2. 2. 2. 2. 2. 2. 2. 2. 2. 2.] 

Moving Straight [ 18.9  14.7  10.5   6.3   2.1  -2.1  -6.3 -10.5 -14.7 -18.9]_[-8. -8. -8. -8. -8. -8. -8. -8. -8. -8.] 

drones next lat [48.33576553 48.33576519 48.33576486 48.33576453 48.3357642  48.33576387
 48.33576354 48.3357632  48.33576287 48.33576254] drones next lon [14.32689996 14.32684329 14.32678662 14.32672995 14.32667328 14.32661661
 14.32655994 14.32650328 14.32644661 14.32638994] 
WayPoint_Count 3 

Leader Index 5 

Leader Contour 89.0 

Contour Threshold 175 

Previous Drone Positions [ 18.9  14.7  10.5   6.3   2.1  -2.1  -6.3 -10.5 -14.7 -18.9]_[-8. -8. -8. -8. -8. -8. -8. -8. -8. -8.] 

Mean Previous Drone Positions [0. 0. 0. 0. 0. 0. 0. 0. 0. 0.]_[-8. -8. -8. -8. -8. -8. -8. -8. -8. -8.] 

relative Drone Positions [ 18.9  14.7  10.5   6.3   2.1  -2.1  -6.3 -10.5 -14.7 -18.9]_[-0. -0. -0. -0.  0.  0.  0.  0.  0.  0.] 

current starting Drone Positions [ 18.9  14.7  10.5   6.3   2.1  -2.1  -6.3 -10.5 -14.7 -18.9]_[-8. -8. -8. -8. -8. -8. -8. -8. -8. -8.] 

scanning direction vector [0. 0. 0. 0. 0. 0. 0. 0. 0. 0.]_[2. 2. 2. 2. 2. 2. 2. 2. 2. 2.] 

changing back speed 0.3 

velocity vector [0. 0. 0. 0. 0. 0. 0. 0. 0. 0.]_[2. 2. 2. 2. 2. 2. 2. 2. 2. 2.] 

Moving Straight [ 18.9  14.7  10.5   6.3   2.1  -2.1  -6.3 -10.5 -14.7 -18.9]_[-6. -6. -6. -6. -6. -6. -6. -6. -6. -6.] 

drones next lat [48.33578352 48.33578319 48.33578286 48.33578252 48.33578219 48.33578186
 48.33578153 48.3357812  48.33578086 48.33578053] drones next lon [14.32689972 14.32684305 14.32678638 14.32672971 14.32667304 14.32661638
 14.32655971 14.32650304 14.32644637 14.3263897 ] 
WayPoint_Count 4 

Leader Index 6 

Leader Contour 227.0 

Contour Threshold 175 

Converging Before Rutherford Scattering [ 16.076065    12.23595349   8.40989739   4.10943407   0.0688473
  -5.05794599  -5.30243168  -7.51373474 -13.60070323 -17.39478299]_[-6.56668432 -5.11418916 -6.99593249 -6.9816744  -6.99951464 -5.71305143
 -5.93030463 -6.16516914 -6.43443492 -6.86901657] 

Minimum Distance Within Rutherford Scattering 4.2 

Converging After Rutherford Scattering [ 16.79078943  12.48980151   8.63813683   4.28539415   0.10516036
  -3.90242089  -5.56088431  -8.87921756 -13.75516747 -18.18099341]_[-6.73394256 -4.66846313 -7.2535835  -7.02742149 -7.22883538 -3.97871848
 -7.54727983 -5.98752407 -6.3989945  -6.94520874] 

drones next lat [48.33577675 48.33579499 48.33577143 48.33577312 48.33577098 48.3357999
 48.33576767 48.33578144 48.33577735 48.33577209] drones next lon [14.32687135 14.32681307 14.32676141 14.32670265 14.32664628 14.32659182
 14.32656986 14.32652491 14.32645917 14.32639952] 
WayPoint_Count 5 

Leader Index 5 

Leader Contour 255.0 

Contour Threshold 175 

Converging Before Rutherford Scattering [ 13.8159854   10.50734086   7.32880168   2.33200478  -0.44832929
  -3.30736486  -4.74475335  -6.25715749 -12.51771783 -15.35913377]_[-6.59383967 -3.58450679 -7.52825346 -7.32640364 -5.95383276 -3.17503426
 -4.73393719 -4.59781506 -5.21249191 -6.03432925] 

Minimum Distance Within Rutherford Scattering 4.2 

Converging After Rutherford Scattering [ 14.47344118  10.7203652    7.65918288   2.86721651  -0.33994596
  -2.83920119  -4.51435866  -7.78062554 -12.53229919 -16.3640991 ]_[-6.82785314 -3.01108252 -7.89076037 -7.91249083 -6.07279564 -1.6873084
 -5.64561044 -4.35648963 -5.05755826 -6.27849477] 

drones next lat [48.33577572 48.33580976 48.33576562 48.33576505 48.33578134 48.3358206
 48.33578486 48.3357962  48.33578951 48.33577823] drones next lon [14.32684009 14.326789   14.32674828 14.32668362 14.32664013 14.32660589
 14.32658376 14.32653954 14.32647551 14.32642395] 
WayPoint_Count 6 

Leader Index 5 

Leader Contour 270.0 

Contour Threshold 175 

Converging Before Rutherford Scattering [ 12.41747333   7.7302675    5.3671537    2.51523528  -1.46923739
  -2.48348854  -3.54514858  -5.29524058 -11.64319712 -13.96602163]_[-5.26823519 -2.84637938 -7.69484799 -6.40557089 -5.3254492  -2.62190378
 -2.82192287 -4.09398436 -4.39271884 -6.49917734] 

Minimum Distance Within Rutherford Scattering 4.2 

Converging After Rutherford Scattering [ 13.06076516   8.06439217   6.13605328   2.6385119   -1.46483078
  -1.02394432  -4.61530908  -6.52047485 -11.86314245 -14.78422506]_[-5.35502884 -2.31850188 -8.46059297 -6.59293785 -6.2643895  -1.36624483
 -1.69553448 -4.93451654 -3.95390368 -7.02853925] 

drones next lat [48.33578886 48.33581578 48.33576037 48.3357769  48.33577953 48.33582363
 48.33582038 48.3357911  48.3357995  48.33577161] drones next lon [14.32682086 14.32675308 14.32672779 14.32668038 14.32662498 14.32663035
 14.32658193 14.32655661 14.3264844  14.32644536] 
WayPoint_Count 7 

Leader Index 6 

Leader Contour 289.5 

Contour Threshold 175 

Converging Before Rutherford Scattering [ 11.75583094   5.14639595   3.44332426   1.32377737  -3.57013521
  -2.12739826  -3.92179082  -6.43459233 -10.95214427 -12.02288871]_[-5.70646207 -1.82939351 -7.40473992 -4.53443298 -4.86119171 -2.00833032
 -0.97509543 -3.58292393 -3.30335853 -5.95952157] 

Minimum Distance Within Rutherford Scattering 4.2 

Converging After Rutherford Scattering [ 12.23780771   5.81798842   3.99900122   1.69337306  -3.569689
  -1.30063136  -4.59889745  -7.17616831 -11.66390551 -12.79849984]_[-5.79152762 -1.29030147 -8.33469488 -4.66418241 -6.01566229 -1.46016667
  0.49536074 -3.7020366  -2.60204876 -6.80019001] 

drones next lat [48.33578487 48.33582485 48.33576134 48.33579418 48.3357816  48.33582276
 48.3358401  48.33580213 48.33581167 48.33577382] drones next lon [14.3268098  14.32672265 14.32669894 14.3266674  14.32659655 14.32662662
 14.32658189 14.32654761 14.32648693 14.32647212] 
WayPoint_Count 8 

Leader Index 6 

Leader Contour 278.5 

Contour Threshold 175 

Converging Before Rutherford Scattering [ 11.09689339   4.73896609   3.21775432   0.24928193  -4.87746539
  -3.97304619  -4.05950794  -5.35305054 -10.63259844 -10.59913206]_[-5.77242786 -1.40398143 -7.69107253 -4.39077793 -3.94553569 -0.13426608
  1.33741713 -1.36770422 -2.39848172 -4.7617241 ] 

Minimum Distance Within Rutherford Scattering 4.2 

Converging After Rutherford Scattering [ 11.56501758   5.30712569   3.62756488   0.53556453  -4.89932057
  -2.79349883  -4.15644404  -6.53869812 -11.56912372 -11.27009226]_[-5.87007462 -0.99884937 -8.4152499  -4.6218669  -5.24560915 -0.07925545
  3.45364117 -1.26418856 -1.62981419 -5.85728746] 

drones next lat [48.33578411 48.33582744 48.33576058 48.33579447 48.33578843 48.33583507
 48.33586674 48.33582411 48.33582043 48.33578242] drones next lon [14.32680074 14.32671572 14.32669394 14.32665177 14.32657852 14.32660632
 14.32658751 14.32655593 14.3264881  14.32649263] 
WayPoint_Count 9 

Leader Index 5 

Leader Contour 262.5 

Contour Threshold 175 

Converging Before Rutherford Scattering [  8.72130288   3.43791214   3.02378145  -0.62514889  -3.37628144
  -3.46317357  -2.88727805  -5.51583214 -10.22913179 -10.57147423]_[-4.97330608 -1.76626653 -7.61801782 -2.0089183  -2.75326261 -0.82190996
  2.423306   -1.12842975 -0.50482653 -4.4309048 ] 

Minimum Distance Within Rutherford Scattering 4.2 

Converging After Rutherford Scattering [  9.39887317   4.38382495   3.23825314   0.29081394  -3.59845665
  -3.18611185  -2.70966823  -6.84485167 -11.20200528 -11.25599516]_[-5.10346591 -1.4223623  -8.35028913 -2.18866229 -4.45185509  0.04539766
  3.98802481 -0.99976922  0.0554054  -5.15496032] 

drones next lat [48.33579083 48.33582355 48.33576114 48.33581634 48.33579567 48.33583616
 48.33587166 48.33582647 48.33583562 48.33578874] drones next lon [14.32677142 14.32670332 14.32668868 14.32664818 14.32659598 14.32660101
 14.32660697 14.32655176 14.32649285 14.32649274] 
WayPoint_Count 10 

Leader Index 4 

Leader Contour 274.5 

Contour Threshold 175 

Converging Before Rutherford Scattering [ 6.8244412   3.28739191  0.80635398 -0.68310983 -4.19140651 -2.95497114
 -3.24673725 -5.14024396 -8.78873915 -8.27575741]_[-4.18653722 -2.76590992 -8.0790769  -3.85062656 -3.6466157  -1.0358582
  1.05421049 -3.39913013 -0.24333935 -5.12255616] 

Minimum Distance Within Rutherford Scattering 4.2 

Converging After Rutherford Scattering [ 7.87690156  4.00661345  1.14907765  0.14757745 -3.67182578 -2.50062268
 -3.31636985 -6.71368641 -9.82410525 -9.51633826]_[-4.39409726 -2.25092552 -9.16516081 -4.22522913 -5.01226413 -0.49484153
  2.99824723 -3.14015981  0.4806066  -6.0716153 ] 

drones next lat [48.33579709 48.33581607 48.33575364 48.335798   48.33579062 48.33583135
 48.33586271 48.33580722 48.33583955 48.33578063] drones next lon [14.3267508  14.32669833 14.32666059 14.32664649 14.32659505 14.32661032
 14.3265989  14.32655379 14.32651139 14.32651632] 
WayPoint_Count 11 

Leader Index 4 

Leader Contour 180.0 

Contour Threshold 175 

Converging Before Rutherford Scattering [ 6.86970581  1.47068978 -0.08158058 -2.12734622 -2.88635265 -3.2596388
 -3.7276303  -5.42558183 -8.78803088 -8.40107804]_[-4.64244882 -3.68429685 -8.81846798 -3.68014031 -5.63115988 -1.46444423
  0.05367807 -3.27868552 -1.74146028 -5.19247284] 

Minimum Distance Within Rutherford Scattering 4.2 

Converging After Rutherford Scattering [  7.70470044   2.72553503   0.44229053  -1.17097463  -3.26103328
  -2.79731041  -4.0797837   -6.25817443 -10.07541222  -9.58668103]_[-4.69901784 -3.45829085 -9.97818792 -3.83184184 -7.22753396 -0.73373423
  2.39750451 -3.4163034  -0.95309071 -6.17940241] 

drones next lat [48.33579434 48.33580511 48.33574627 48.33580144 48.33577073 48.33582918
 48.33585725 48.33580477 48.33582663 48.33577965] drones next lon [14.32674851 14.32668118 14.32665115 14.32662865 14.32660086 14.32660634
 14.32658867 14.32655997 14.32650817 14.32651538] 
WayPoint_Count 12 

Leader Index 5 

Leader Contour 193.5 

Contour Threshold 175 

Converging Before Rutherford Scattering [ 6.42723176 -0.06332494  0.24314536 -2.95154575 -3.73835098 -3.55255046
 -2.70928002 -3.69277194 -7.19844014 -7.91020722]_[-3.1877918  -2.47602211 -8.97745702 -1.53580749 -6.01739339 -1.38918254
  1.33721585 -2.01656628 -0.4139586  -5.92123871] 

Minimum Distance Within Rutherford Scattering 4.2 

Converging After Rutherford Scattering [ 7.21151205  1.67500915  0.74728582 -1.30711066 -3.77933263 -4.8729254
 -2.1859044  -4.75965268 -8.83875672 -9.03621886]_[-3.18908372 -2.83452202 -9.86611561 -1.17632714 -7.38883503  0.38680105
  3.38886746 -3.55107756  0.2331637  -6.60107322] 

drones next lat [48.33580788 48.33581063 48.33574731 48.33582532 48.33576923 48.3358391
 48.33586632 48.33580368 48.3358374  48.3357759 ] drones next lon [14.32674168 14.32666694 14.32665525 14.3266265  14.32659388 14.32657821
 14.32661411 14.3265802  14.32652472 14.32652286] 
WayPoint_Count 13 

Leader Index 5 

Leader Contour 205.0 

Contour Threshold 175 

Converging Before Rutherford Scattering [ 5.07533398 -0.33614256  0.60093029 -4.01210766 -3.32250885 -5.54794107
 -3.55433534 -4.6516708  -6.60658419 -7.04861001]_[-3.5974552  -2.92792456 -8.69178208  0.1138864  -4.73066045  1.12460444
  0.89921999 -0.56569265 -0.66172941 -5.14901101] 

Minimum Distance Within Rutherford Scattering 4.2 

Converging After Rutherford Scattering [ 5.9791251   0.77803166  1.00363201 -2.64474675 -3.19114413 -6.80368186
 -2.02427208 -5.38046999 -8.99200292 -8.12810724]_[-3.61537422 -3.01530446 -9.58205284  0.16526589 -5.94895189  3.1517512
  3.57294639 -1.97671045 -0.71114151 -6.22697266] 

drones next lat [48.33580395 48.33580894 48.33574988 48.33583728 48.33578223 48.33586382
 48.33586798 48.33581779 48.33582889 48.33577934] drones next lon [14.3267251  14.32665485 14.32665868 14.3266083  14.32660165 14.32655183
 14.32661626 14.32657164 14.32652276 14.32653507] 
WayPoint_Count 14 

Leader Index 5 

Leader Contour 115.5 

Contour Threshold 175 

Previous Drone Positions [ 5.9791251   0.77803166  1.00363201 -2.64474675 -3.19114413 -6.80368186
 -2.02427208 -5.38046999 -8.99200292 -8.12810724]_[-3.61537422 -3.01530446 -9.58205284  0.16526589 -5.94895189  3.1517512
  3.57294639 -1.97671045 -0.71114151 -6.22697266] 

Mean Previous Drone Positions [-2.94036362 -2.94036362 -2.94036362 -2.94036362 -2.94036362 -2.94036362
 -2.94036362 -2.94036362 -2.94036362 -2.94036362]_[-2.41865445 -2.41865445 -2.41865445 -2.41865445 -2.41865445 -2.41865445
 -2.41865445 -2.41865445 -2.41865445 -2.41865445] 

relative Drone Positions [ 18.9  14.7  10.5   6.3   2.1  -2.1  -6.3 -10.5 -14.7 -18.9]_[-0. -0. -0. -0.  0.  0.  0.  0.  0.  0.] 

current starting Drone Positions [ 15.95963638  11.75963638   7.55963638   3.35963638  -0.84036362
  -5.04036362  -9.24036362 -13.44036362 -17.64036362 -21.84036362]_[-2.41865445 -2.41865445 -2.41865445 -2.41865445 -2.41865445 -2.41865445
 -2.41865445 -2.41865445 -2.41865445 -2.41865445] 

scanning direction vector [0. 0. 0. 0. 0. 0. 0. 0. 0. 0.]_[2. 2. 2. 2. 2. 2. 2. 2. 2. 2.] 

changing back speed 0.3 

velocity vector [ 2.99415338  3.29448141  1.96680131  1.80131494  0.70523415  0.52899547
 -2.16482746 -2.41796809 -2.59450821 -4.11367691]_[2.35901593 2.178995   4.14901951 1.2248239  3.05908923 0.3288783
 0.20251975 1.8674168  1.48774612 3.14249546] 

Moving Straight [  8.97327848   4.07251308   2.97043332  -0.84343181  -2.48590998
  -6.27468639  -4.18909955  -7.79843808 -11.58651113 -12.24178415]_[-1.25635829 -0.83630946 -5.43303332  1.39008979 -2.88986266  3.4806295
  3.77546613 -0.10929365  0.77660461 -3.0844772 ] 

drones next lat [48.33582541 48.3358288  48.33578736 48.33584844 48.33580981 48.33586682
 48.33586964 48.3358344  48.33584207 48.33580729] drones next lon [14.32676522 14.32669905 14.32668472 14.32663246 14.3266108  14.32655893
 14.32658703 14.32653879 14.32648758 14.32647919] 
WayPoint_Count 15 

Leader Index 4 

Leader Contour 293.5 

Contour Threshold 175 

Converging Before Rutherford Scattering [ 7.95031633  2.16742411  0.39196565 -1.69232383 -1.64390531 -4.306686
 -4.38197432 -5.06743697 -9.03610341 -9.90528819]_[-1.24858903 -0.4339383  -3.94492135  0.51407099 -3.4293329   2.08680323
  2.5634162  -1.32001099 -0.68949942 -2.10304558] 

Minimum Distance Within Rutherford Scattering 4.2 

Converging After Rutherford Scattering [  8.70401664   3.25513242   1.59984074  -0.80119128  -2.11655291
  -4.63544825  -4.82144795  -5.66431139  -9.81397529 -11.23007468]_[-1.26772484 -0.04689521 -5.10717004  1.05573791 -4.47136295  1.79410202
  5.29312756 -2.21517706  0.29123967 -3.33092422] 

drones next lat [48.33582529 48.33583584 48.33579018 48.33584544 48.33579561 48.33585178
 48.33588324 48.33581563 48.33583785 48.33580515] drones next lon [14.32676159 14.32668793 14.32666619 14.32663306 14.32661597 14.32658124
 14.32657832 14.32656784 14.32651155 14.32649287] 
WayPoint_Count 16 

Leader Index 4 

Leader Contour 241.0 

Contour Threshold 175 

Converging Before Rutherford Scattering [ 6.3874203   0.97314989 -0.59086199 -1.83107377 -1.20075698 -4.4826966
 -4.822216   -2.97724031 -8.29382178 -8.28373475]_[-2.7525037  -0.64387917 -3.79425916 -0.06609967 -4.87300684  0.7434504
  4.21076189 -3.25465641  0.22247757 -3.30557031] 

Minimum Distance Within Rutherford Scattering 4.2 

Converging After Rutherford Scattering [ 7.27874601  2.43705648  0.79       -1.40310414 -1.27569258 -5.15966168
 -5.01491436 -3.96750692 -9.56617145 -9.24058333]_[-2.88460531  0.09392572 -3.98460649  0.81422208 -7.21549008  1.26366275
  5.63964772 -3.80253516  0.69743157 -4.1349382 ] 

drones next lat [48.33581063 48.33583704 48.33580022 48.33584322 48.33577099 48.33584696
 48.33588634 48.33580148 48.33584152 48.33579807] drones next lon [14.32674255 14.32667687 14.32665513 14.32662497 14.32662764 14.32657423
 14.32657567 14.32659092 14.32651485 14.32651981] 
WayPoint_Count 17 

Leader Index 5 

Leader Contour 207.0 

Contour Threshold 175 

Converging Before Rutherford Scattering [ 4.83494741 -0.52648053 -0.17674429 -3.98650282 -1.15929057 -6.15833812
 -5.41531977 -3.81317432 -7.12500048 -8.14568615]_[-1.41441729  0.56003855 -3.50761183  1.85363444 -5.08280783  1.31509603
  4.58321254 -2.64621891  1.8415526  -3.53328948] 

Minimum Distance Within Rutherford Scattering 4.2 

Converging After Rutherford Scattering [ 5.85700036  0.55649187  0.98757276 -3.12410997 -1.19332361 -6.45747081
 -5.57651815 -4.16994157 -9.38701831 -9.16427221]_[-1.38056106  1.17311073 -3.62144448  2.69931299 -6.91897656  0.58987514
  6.31436866 -3.32566765  2.75043591 -4.31126484] 

drones next lat [48.33582405 48.3358466  48.3358035  48.33586004 48.33577366 48.3358408
 48.33589237 48.33580575 48.33586    48.33579649] drones next lon [14.32672319 14.32665137 14.32665775 14.32660153 14.32662872 14.3265568
 14.32656801 14.32658813 14.32651702 14.32652086] 
WayPoint_Count 18 

Leader Index 5 

Leader Contour 137.5 

Contour Threshold 175 

Previous Drone Positions [ 5.85700036  0.55649187  0.98757276 -3.12410997 -1.19332361 -6.45747081
 -5.57651815 -4.16994157 -9.38701831 -9.16427221]_[-1.38056106  1.17311073 -3.62144448  2.69931299 -6.91897656  0.58987514
  6.31436866 -3.32566765  2.75043591 -4.31126484] 

Mean Previous Drone Positions [-3.16715896 -3.16715896 -3.16715896 -3.16715896 -3.16715896 -3.16715896
 -3.16715896 -3.16715896 -3.16715896 -3.16715896]_[-0.60308112 -0.60308112 -0.60308112 -0.60308112 -0.60308112 -0.60308112
 -0.60308112 -0.60308112 -0.60308112 -0.60308112] 

relative Drone Positions [ 18.9  14.7  10.5   6.3   2.1  -2.1  -6.3 -10.5 -14.7 -18.9]_[-0. -0. -0. -0.  0.  0.  0.  0.  0.  0.] 

current starting Drone Positions [ 15.73284104  11.53284104   7.33284104   3.13284104  -1.06715896
  -5.26715896  -9.46715896 -13.66715896 -17.86715896 -22.06715896]_[-0.60308112 -0.60308112 -0.60308112 -0.60308112 -0.60308112 -0.60308112
 -0.60308112 -0.60308112 -0.60308112 -0.60308112] 

scanning direction vector [0. 0. 0. 0. 0. 0. 0. 0. 0. 0.]_[2. 2. 2. 2. 2. 2. 2. 2. 2. 2.] 

changing back speed 0.3 

velocity vector [ 2.9627522   3.29290475  1.90358048  1.8770853   0.03784939  0.35709355
 -1.16719224 -2.84916522 -2.5440422  -3.87086603]_[ 2.23324398  1.46714245  2.90550901  1.00928177  3.89476863  1.64211312
 -0.07523493  2.81677596  0.99394489  3.11245512] 

Moving Straight [  8.81975256   3.84939662   2.89115324  -1.24702467  -1.15547422
  -6.10037725  -6.7437104   -7.01910679 -11.93106051 -13.03513823]_[ 0.85268292  2.64025317 -0.71593547  3.70859475 -3.02420793  2.23198826
  6.23913372 -0.50889169  3.7443808  -1.19880972] 

drones next lat [48.33584437 48.33586006 48.33582979 48.33586927 48.3358087  48.3358556
 48.3358916  48.33583087 48.33586874 48.33582419] drones next lon [14.3267629  14.32669563 14.32668309 14.32662674 14.32662877 14.32656143
 14.32655227 14.32654935 14.32648258 14.32646827] 
WayPoint_Count 19 

Leader Index 5 

Leader Contour 251.5 

Contour Threshold 175 

Converging Before Rutherford Scattering [  7.50495333   1.00599542   1.19640673  -3.7856155   -2.60995196
  -5.31480086  -5.79537203  -6.53335488 -10.8896563  -11.17599771]_[ 0.30053908  3.09289253  0.88575404  3.90692635 -0.57105592  1.61322358
  5.0399556   0.39870893  2.79522099 -1.30974085] 

Minimum Distance Within Rutherford Scattering 4.2 

Converging After Rutherford Scattering [  8.19370161   1.82178351   2.09484105  -2.88548591  -2.22134639
  -5.25123178  -6.65575876  -7.53892137 -11.88009543 -12.07488029]_[ 1.87931875e-01  4.20954551e+00  2.13451072e-03  4.93520268e+00
 -1.80568799e+00  1.76182605e+00  6.54598846e+00 -9.44762683e-01
  3.31999708e+00 -2.05975116e+00] 

drones next lat [48.33583834 48.33587402 48.33583619 48.33588017 48.33581958 48.33585144
 48.33589436 48.33582691 48.33586493 48.33581652] drones next lon [14.32675453 14.32666808 14.32667226 14.32660448 14.32661424 14.32657294
 14.32655342 14.32654239 14.32648331 14.32648132] 
WayPoint_Count 20 

Leader Index 4 

Leader Contour 251.0 

Contour Threshold 175 

Converging Before Rutherford Scattering [  5.5354208    1.55180494   0.16469923  -3.62142898  -1.65517664
  -3.19373014  -5.09617971  -5.2007398   -9.34844864 -10.48439259]_[ 0.53195269  2.01601891 -1.76686728  2.58248829 -2.62997666  0.8840245
  3.9962638  -0.33296212  3.02650898 -1.09559779] 

Minimum Distance Within Rutherford Scattering 4.2 

Converging After Rutherford Scattering [  6.63292802   2.33415199   1.5085915   -2.97400109  -2.0122444
  -2.66120687  -6.0008366   -6.33906705 -10.39553208 -11.44095495]_[ 0.47902747  2.8308333  -2.38555772  3.90517664 -4.31847888  0.34874845
  5.70194432 -1.25781903  3.58136534 -1.67338656] 

drones next lat [48.33584084 48.33586165 48.33581466 48.3358709  48.33579699 48.33583893
 48.33588682 48.33582419 48.3358674  48.33582004] drones next lon [14.32673344 14.32667516 14.32666464 14.32660341 14.32661736 14.32660805
 14.32656236 14.32655862 14.32650331 14.32648983] 
WayPoint_Count 21 

Leader Index 4 

Leader Contour 183.5 

Contour Threshold 175 

Converging Before Rutherford Scattering [  5.70164834   2.26867865  -0.88677242  -2.42459405  -2.74088333
  -3.25102643  -6.08765373  -4.4265972   -8.25171523 -10.51514676]_[ 0.08450622  0.89311976 -2.58149546  0.97031989 -5.00337692 -2.13351176
  4.40672576 -1.45271118  2.93521098 -2.19637863] 

Minimum Distance Within Rutherford Scattering 4.2 

Converging After Rutherford Scattering [  6.86126077   2.84020293   0.65852975  -2.07463947  -2.84645029
  -3.11358015  -5.943241    -6.1352196   -9.43906543 -11.42185967]_[ 0.02327915  1.53394591 -3.21984263  2.09723108 -6.85750467 -2.80633799
  5.68538853 -1.18803776  3.24752352 -2.59323648] 

drones next lat [48.33583675 48.33585003 48.33580709 48.33585471 48.33577409 48.33581051
 48.33588668 48.33582483 48.33586447 48.33581177] drones next lon [14.32673657 14.32668214 14.32665327 14.32661576 14.32660641 14.32660232
 14.32656314 14.32656136 14.32651626 14.3264902 ] 
WayPoint_Count 22 

Leader Index 5 

Leader Contour 138.0 

Contour Threshold 175 

Previous Drone Positions [  6.86126077   2.84020293   0.65852975  -2.07463947  -2.84645029
  -3.11358015  -5.943241    -6.1352196   -9.43906543 -11.42185967]_[ 0.02327915  1.53394591 -3.21984263  2.09723108 -6.85750467 -2.80633799
  5.68538853 -1.18803776  3.24752352 -2.59323648] 

Mean Previous Drone Positions [-3.06140622 -3.06140622 -3.06140622 -3.06140622 -3.06140622 -3.06140622
 -3.06140622 -3.06140622 -3.06140622 -3.06140622]_[-0.40775913 -0.40775913 -0.40775913 -0.40775913 -0.40775913 -0.40775913
 -0.40775913 -0.40775913 -0.40775913 -0.40775913] 

relative Drone Positions [ 18.9  14.7  10.5   6.3   2.1  -2.1  -6.3 -10.5 -14.7 -18.9]_[-0. -0. -0. -0.  0.  0.  0.  0.  0.  0.] 

current starting Drone Positions [ 15.83859378  11.63859378   7.43859378   3.23859378  -0.96140622
  -5.16140622  -9.36140622 -13.56140622 -17.76140622 -21.96140622]_[-0.40775913 -0.40775913 -0.40775913 -0.40775913 -0.40775913 -0.40775913
 -0.40775913 -0.40775913 -0.40775913 -0.40775913] 

scanning direction vector [0. 0. 0. 0. 0. 0. 0. 0. 0. 0.]_[2. 2. 2. 2. 2. 2. 2. 2. 2. 2.] 

changing back speed 0.3 

velocity vector [ 2.6931999   2.63951726  2.03401921  1.59396998  0.56551322 -0.61434782
 -1.02544956 -2.22785598 -2.49670224 -3.16186396]_[1.87068852 1.41748849 2.84362505 1.24850294 3.93492366 2.71957366
 0.1720557  2.23408359 0.9034152  2.6556432 ] 

Moving Straight [  9.55446068   5.47972019   2.69254896  -0.48066949  -2.28093707
  -3.72792797  -6.96869056  -8.36307559 -11.93576767 -14.58372363]_[ 1.89396766  2.9514344  -0.37621758  3.34573402 -2.92258101 -0.08676434
  5.85744423  1.04604583  4.15093872  0.06240672] 

drones next lat [48.33585379 48.33586299 48.33583283 48.33586606 48.33580953 48.33583493
 48.33588815 48.33584475 48.3358724  48.33583541] drones next lon [14.32677269 14.32671759 14.32668037 14.32663712 14.32661357 14.32659371
 14.32654928 14.32653104 14.32648246 14.32644722] 
WayPoint_Count 23 

Leader Index 4 

Leader Contour 258.5 

Contour Threshold 175 

Converging Before Rutherford Scattering [  8.60879145   4.51122808   1.30890825  -0.151882    -3.03344799
  -1.84448605  -6.05317461  -6.04983032  -9.50107893 -12.98741643]_[ 1.56163496  2.52405899 -2.20567003  1.8967979  -3.58116078 -2.09294827
  3.0935118  -0.81668493  3.53936896  0.5285876 ] 

Minimum Distance Within Rutherford Scattering 4.2 

Converging After Rutherford Scattering [ 9.47159079e+00  4.95117642e+00  2.40383958e+00 -6.85585486e-03
 -3.62618251e+00 -1.63424362e+00 -5.89791494e+00 -6.78897660e+00
 -1.02683325e+01 -1.37964893e+01]_[ 1.53828358  3.03882543 -2.89994592  2.7302816  -5.25066829 -1.9290207
  3.8987725  -1.18066482  4.20670554  0.29492727] 

drones next lat [48.33585059 48.33586373 48.3358101  48.33586056 48.33578848 48.33581852
 48.33587061 48.33582484 48.33587303 48.33583757] drones next lon [14.32677161 14.32671044 14.32667678 14.32664358 14.3265957  14.32662218
 14.32656396 14.32655254 14.32650496 14.32645782] 
WayPoint_Count 24 

Leader Index 5 

Leader Contour 253.0 

Contour Threshold 175 

Converging Before Rutherford Scattering [  7.18187823   2.8523745    0.05651809  -0.38860903  -3.33392133
  -2.00952137  -4.02912209  -3.87366918  -7.71548625 -12.82783792]_[ 1.86698834  2.69914029 -3.34770065  1.80279841 -2.85882268 -2.85593311
  3.01046586 -1.11616023  2.66234526 -0.0143963 ] 

Minimum Distance Within Rutherford Scattering 4.2 

Converging After Rutherford Scattering [  8.1147469    3.65437592   1.81998467  -0.10409448  -4.92566434
  -1.42835548  -4.21343128  -4.78792717  -8.67800695 -13.53902415]_[ 1.89299205  3.35867869 -4.40776238  2.30488524 -4.62417101 -3.4090849
  4.21428586 -0.54120117  3.1892367  -0.12913389] 

drones next lat [48.33585367 48.33586651 48.33579649 48.33585673 48.33579401 48.33580522
 48.33587358 48.33583076 48.33586401 48.33583377] drones next lon [14.32675326 14.32669291 14.32666908 14.32664232 14.32657809 14.32662513
 14.32658665 14.32657946 14.32652653 14.32646134] 
WayPoint_Count 25 

Leader Index 4 

Leader Contour 233.0 

Contour Threshold 175 

Converging Before Rutherford Scattering [  6.02352854   1.35367261  -0.18443955  -2.00511596  -4.24336909
  -4.24109746  -5.37398431  -5.26632801  -6.86226077 -12.3171917 ]_[ 0.04565332  2.54438378 -3.47190668  1.31469382 -3.89309427 -3.68191369
  2.20710604 -3.45171295  1.0738887  -0.22010113] 

Minimum Distance Within Rutherford Scattering 4.2 

Converging After Rutherford Scattering [  6.84700655   2.22029231   0.94369975  -1.5875866   -3.96859865
  -3.44005611  -5.36189763  -7.33684656  -8.19168493 -13.2409138 ]_[ 5.57332405e-03  3.34183306e+00 -4.12002184e+00  1.81100125e+00
 -6.75034292e+00 -2.62876999e+00  3.78512134e+00 -3.97924868e+00
  1.20272240e+00 -2.00871005e-01] 

drones next lat [48.33583659 48.33586624 48.33579901 48.33585217 48.33577496 48.33581208
 48.33586963 48.33579963 48.33584617 48.33583315] drones next lon [14.32673638 14.32667356 14.32665722 14.32662236 14.32659125 14.3265979
 14.32657121 14.32654548 14.32653333 14.32646537] 
WayPoint_Count 26 

Leader Index 8 

Leader Contour 150.5 

Contour Threshold 175 

Previous Drone Positions [  6.84700655   2.22029231   0.94369975  -1.5875866   -3.96859865
  -3.44005611  -5.36189763  -7.33684656  -8.19168493 -13.2409138 ]_[ 5.57332405e-03  3.34183306e+00 -4.12002184e+00  1.81100125e+00
 -6.75034292e+00 -2.62876999e+00  3.78512134e+00 -3.97924868e+00
  1.20272240e+00 -2.00871005e-01] 

Mean Previous Drone Positions [-3.31165857 -3.31165857 -3.31165857 -3.31165857 -3.31165857 -3.31165857
 -3.31165857 -3.31165857 -3.31165857 -3.31165857]_[-0.75330031 -0.75330031 -0.75330031 -0.75330031 -0.75330031 -0.75330031
 -0.75330031 -0.75330031 -0.75330031 -0.75330031] 

relative Drone Positions [ 18.9  14.7  10.5   6.3   2.1  -2.1  -6.3 -10.5 -14.7 -18.9]_[-0. -0. -0. -0.  0.  0.  0.  0.  0.  0.] 

current starting Drone Positions [ 15.58834143  11.38834143   7.18834143   2.98834143  -1.21165857
  -5.41165857  -9.61165857 -13.81165857 -18.01165857 -22.21165857]_[-0.75330031 -0.75330031 -0.75330031 -0.75330031 -0.75330031 -0.75330031
 -0.75330031 -0.75330031 -0.75330031 -0.75330031] 

scanning direction vector [0. 0. 0. 0. 0. 0. 0. 0. 0. 0.]_[2. 2. 2. 2. 2. 2. 2. 2. 2. 2.] 

changing back speed 0.3 

velocity vector [ 2.62240046  2.75041474  1.8733925   1.37277841  0.82708202 -0.59148074
 -1.27492828 -1.9424436  -2.94599209 -2.69122343]_[1.77233791 0.77145999 3.01001646 1.23070953 3.79911279 2.5626409
 0.63847351 2.96778451 1.41319319 1.83427121] 

Moving Straight [  9.46940701   4.97070705   2.81709225  -0.21480819  -3.14151663
  -4.03153685  -6.63682591  -9.27929017 -11.13767702 -15.93213723]_[ 1.77791123  4.11329305 -1.11000538  3.04171078 -2.95123014 -0.06612908
  4.42359485 -1.01146417  2.61591559  1.6334002 ] 

drones next lat [48.33585274 48.3358734  48.33582624 48.33586335 48.3358092  48.33583509
 48.33587527 48.33582617 48.33585866 48.33584944] drones next lon [14.32677156 14.32671058 14.32668214 14.32664074 14.32660196 14.32658961
 14.32655393 14.32651892 14.32649341 14.32642884] 
WayPoint_Count 27 

Leader Index 4 

Leader Contour 207.0 

Contour Threshold 175 

Converging Before Rutherford Scattering [  8.59393533   2.59761285   0.27051358  -0.12610391  -3.13913161
  -4.20677586  -5.48554186  -6.80025426  -8.56796359 -13.31535551]_[ 1.00067103  3.30187666 -2.47237867  1.50177373 -1.95123298 -2.62152623
  3.57189072 -2.43440598  1.10143258  1.63764007] 

Minimum Distance Within Rutherford Scattering 4.2 

Converging After Rutherford Scattering [  9.21109849   3.4473533    1.3867074    0.0269537   -2.46695723
  -4.63674486  -5.54492182  -8.13937503  -9.27090146 -14.19227732]_[ 0.97604224  4.11350559 -3.37272996  2.03117653 -1.53341867 -4.34167981
  4.58256554 -3.08607472  1.47448376  1.79187044] 

drones next lat [48.33584551 48.33587328 48.33580577 48.33585428 48.33582201 48.33579658
 48.33587679 48.3358076  48.33584853 48.335851  ] drones next lon [14.32676817 14.32669003 14.32666311 14.32664412 14.3266109  14.32658195
 14.32656864 14.32653455 14.32651874 14.3264523 ] 
WayPoint_Count 28 

Leader Index 4 

Leader Contour 235.5 

Contour Threshold 175 

Converging Before Rutherford Scattering [  6.5607167    1.99305066  -0.8277053   -0.87416959  -1.66535986
  -4.28866098  -3.96974036  -5.81436542  -6.44267382 -12.02942037]_[-0.16313197  3.73233888 -1.59891985  1.36185302 -0.93555443 -2.2744343
  3.53286987 -3.47632096  0.71042873  0.275108  ] 

Minimum Distance Within Rutherford Scattering 4.2 

Converging After Rutherford Scattering [  7.36301301   2.94723406   0.9213959   -0.22286295  -1.94424591
  -4.46780919  -4.38331607  -7.16540709  -7.50675545 -12.89957464]_[-0.2944224   4.72483093 -3.24368432  2.37877729 -0.73053867 -3.00294787
  4.89338191 -5.06593108  1.17128702  0.33348418] 

drones next lat [48.33583394 48.33587874 48.33580689 48.33585738 48.33582928 48.33580863
 48.33587968 48.33578986 48.33584595 48.33583798] drones next lon [14.32674338 14.32668321 14.32665682 14.32664071 14.32661785 14.32658407
 14.32658428 14.32654792 14.32654258 14.32646991] 
WayPoint_Count 29 

Leader Index 5 

Leader Contour 263.0 

Contour Threshold 175 

Converging Before Rutherford Scattering [  6.15279749   2.47779027  -1.11207049  -0.50653775  -4.17590283
  -4.90630364  -3.4054924   -4.77782127  -7.27489072 -10.68140564]_[-1.41407683  2.8788718  -4.15380422  1.10529487 -2.73545354 -2.10421397
  2.85408459 -4.45244882 -0.1193284  -1.3359364 ] 

Minimum Distance Within Rutherford Scattering 4.2 

Converging After Rutherford Scattering [  6.92171463   3.39476775   0.1540592   -0.01799657  -3.01685425
  -5.98004286  -3.69877291  -5.58947404  -8.38577664 -11.99146129]_[-1.6128652   3.70661723 -5.20445409  1.28264061 -3.17597311 -1.58274963
  4.12495838 -6.47329838  0.9903354  -1.53222214] 

drones next lat [48.33582204 48.33586962 48.33578919 48.33584754 48.33580719 48.33582129
 48.33587282 48.33577733 48.33584425 48.33582127] drones next lon [14.32673758 14.32668936 14.3266467  14.32664361 14.32660367 14.3265635
 14.32659361 14.32656935 14.32653074 14.32648239] 
WayPoint_Count 30 

Leader Index 4 

Leader Contour 156.0 

Contour Threshold 175 

Previous Drone Positions [  6.92171463   3.39476775   0.1540592   -0.01799657  -3.01685425
  -5.98004286  -3.69877291  -5.58947404  -8.38577664 -11.99146129]_[-1.6128652   3.70661723 -5.20445409  1.28264061 -3.17597311 -1.58274963
  4.12495838 -6.47329838  0.9903354  -1.53222214] 

Mean Previous Drone Positions [-2.8209837 -2.8209837 -2.8209837 -2.8209837 -2.8209837 -2.8209837
 -2.8209837 -2.8209837 -2.8209837 -2.8209837]_[-0.94770109 -0.94770109 -0.94770109 -0.94770109 -0.94770109 -0.94770109
 -0.94770109 -0.94770109 -0.94770109 -0.94770109] 

relative Drone Positions [ 18.9  14.7  10.5   6.3   2.1  -2.1  -6.3 -10.5 -14.7 -18.9]_[-0. -0. -0. -0.  0.  0.  0.  0.  0.  0.] 

current starting Drone Positions [ 16.0790163  11.8790163   7.6790163   3.4790163  -0.7209837  -4.9209837
  -9.1209837 -13.3209837 -17.5209837 -21.7209837]_[-0.94770109 -0.94770109 -0.94770109 -0.94770109 -0.94770109 -0.94770109
 -0.94770109 -0.94770109 -0.94770109 -0.94770109] 

scanning direction vector [0. 0. 0. 0. 0. 0. 0. 0. 0. 0.]_[2. 2. 2. 2. 2. 2. 2. 2. 2. 2.] 

changing back speed 0.3 

velocity vector [ 2.7471905   2.54527457  2.25748713  1.04910386  0.68876116  0.31771775
 -1.62666324 -2.3194529  -2.74056212 -2.91885672]_[2.19954923 0.6037045  3.2770259  1.33089749 2.6684816  2.19051456
 0.47820216 3.65767919 1.41858905 2.17535632] 

Moving Straight [  9.66890513   5.94004232   2.41154633   1.03110729  -2.32809308
  -5.66232511  -5.32543614  -7.90892694 -11.12633875 -14.91031801]_[ 0.58668404  4.31032173 -1.92742819  2.6135381  -0.5074915   0.60776493
  4.60316054 -2.81561919  2.40892445  0.64313417] 

drones next lat [48.33584204 48.33587525 48.33581885 48.3358596  48.33583125 48.33584102
 48.33587699 48.33581005 48.33585679 48.33584061] drones next lon [14.32677439 14.32672364 14.32667677 14.3266576  14.32661265 14.32656753
 14.3265716  14.32653762 14.32649359 14.32644275] 
WayPoint_Count 31 

Leader Index 4 

Leader Contour 254.5 

Contour Threshold 175 

Converging Before Rutherford Scattering [  8.3796621    4.01026392   1.02848916  -1.41755351  -3.2742478
  -4.6110126   -3.69360621  -6.47242637  -8.29616361 -12.09007658]_[ 1.11672307  2.32396218 -0.50722437  1.43335017 -0.83120628  0.50747969
  3.66255671 -2.9625824   2.14273181 -0.09891471] 

Minimum Distance Within Rutherford Scattering 4.2 

Converging After Rutherford Scattering [  9.22717255   4.64913921   1.97781437  -0.71933303  -2.80008832
  -5.4591037   -3.85136141  -7.15505443  -9.23171958 -13.07413715]_[ 1.03317665  2.91166666 -1.41800828  2.14851789 -2.30193262  0.76065478
  5.25368017 -4.15567312  2.84720251 -0.29240874] 

drones next lat [48.33584603 48.33586256 48.3358234  48.33585527 48.33581507 48.33584241
 48.33588296 48.33579805 48.33586089 48.33583234] drones next lon [14.32676838 14.32670638 14.32667085 14.32663404 14.32660649 14.32657025
 14.32659141 14.32654795 14.3265191  14.32646763] 
WayPoint_Count 32 

Leader Index 4 

Leader Contour 169.0 

Contour Threshold 175 

Previous Drone Positions [  9.22717255   4.64913921   1.97781437  -0.71933303  -2.80008832
  -5.4591037   -3.85136141  -7.15505443  -9.23171958 -13.07413715]_[ 1.03317665  2.91166666 -1.41800828  2.14851789 -2.30193262  0.76065478
  5.25368017 -4.15567312  2.84720251 -0.29240874] 

Mean Previous Drone Positions [-2.64366715 -2.64366715 -2.64366715 -2.64366715 -2.64366715 -2.64366715
 -2.64366715 -2.64366715 -2.64366715 -2.64366715]_[0.67868759 0.67868759 0.67868759 0.67868759 0.67868759 0.67868759
 0.67868759 0.67868759 0.67868759 0.67868759] 

relative Drone Positions [ 18.9  14.7  10.5   6.3   2.1  -2.1  -6.3 -10.5 -14.7 -18.9]_[-0. -0. -0. -0.  0.  0.  0.  0.  0.  0.] 

current starting Drone Positions [ 16.25633285  12.05633285   7.85633285   3.65633285  -0.54366715
  -4.74366715  -8.94366715 -13.14366715 -17.34366715 -21.54366715]_[0.67868759 0.67868759 0.67868759 0.67868759 0.67868759 0.67868759
 0.67868759 0.67868759 0.67868759 0.67868759] 

scanning direction vector [0. 0. 0. 0. 0. 0. 0. 0. 0. 0.]_[2. 2. 2. 2. 2. 2. 2. 2. 2. 2.] 

changing back speed 0.3 

velocity vector [ 2.10874809  2.22215809  1.76355554  1.31269976  0.67692635  0.21463097
 -1.52769172 -1.79658382 -2.43358427 -2.540859  ]_[1.89365328 1.33010628 2.62900876 1.55905091 2.89418606 1.97540984
 0.62750223 3.45030821 1.34944552 2.2913289 ] 

Moving Straight [ 11.33592064   6.8712973    3.74136992   0.59336673  -2.12316197
  -5.24447274  -5.37905313  -8.95163825 -11.66530385 -15.61499615]_[ 2.92682993  4.24177294  1.21100048  3.7075688   0.59225344  2.73606462
  5.88118239 -0.70536491  4.19664803  1.99892016] 

drones next lat [48.33586323 48.3358747  48.33584719 48.3358694  48.33584116 48.3358602
 48.33588848 48.33582895 48.33587283 48.33585275] drones next lon [14.3267966  14.32673621 14.32669434 14.32665157 14.32661528 14.32657291
 14.32657073 14.3265233  14.32648611 14.32643308] 
WayPoint_Count 33 

Leader Index 4 

Leader Contour 183.5 

Contour Threshold 175 

Converging Before Rutherford Scattering [ 10.04947289   4.30299106   1.72065556  -1.40434383  -1.27825717
  -2.74021968  -4.41888704  -7.89533706 -10.73169618 -13.36434071]_[ 1.85565653e+00  2.79073927e+00  1.65623747e-03  1.47000601e+00
  1.12717015e+00  2.12130489e+00  5.17412717e+00 -7.49790842e-01
  3.14156494e+00  2.75674344e+00] 

Minimum Distance Within Rutherford Scattering 4.2 

Converging After Rutherford Scattering [ 10.69996047   5.08414436   2.83051688  -0.45309925  -1.20378538
  -4.21255478  -4.80009619  -8.32290666 -10.75630328 -14.62583835]_[ 1.83332454  3.3608949  -0.93154169  3.15287826 -1.16117065  2.19418524
  6.50467289 -1.53795073  3.56754706  2.70633796] 

drones next lat [48.33585334 48.33586664 48.33582785 48.33586433 48.33582546 48.33585541
 48.33589414 48.33582151 48.33586725 48.33585919] drones next lon [14.32678815 14.3267122  14.3266823  14.32663751 14.3266279  14.3265869
 14.32657846 14.32653189 14.32649845 14.32644634] 
WayPoint_Count 34 

Leader Index 4 

Leader Contour 213.0 

Contour Threshold 175 

Converging Before Rutherford Scattering [  8.02344497   2.64547382   1.09622693  -1.03617137  -1.93903273
  -3.32314428  -2.98057205  -6.87466891  -9.80272469 -13.28649041]_[ 2.02136146  1.61366022 -2.01013393  2.15320907 -1.83896954  1.60028988
  4.45126032 -2.26809249  3.22465723  1.33971796] 

Minimum Distance Within Rutherford Scattering 4.2 

Converging After Rutherford Scattering [  8.81815465   3.67909601   2.02379514  -0.32315354  -2.22683714
  -4.30396134  -3.27066647  -7.55625843 -10.1552356  -14.16259201]_[ 2.12737288  1.95774963 -3.00989524  2.68617085 -2.93879057  1.5031729
  6.02321622 -2.99722447  3.75889845  1.17628953] 

drones next lat [48.33585584 48.3358539  48.33580908 48.33586014 48.33580939 48.33584918
 48.33588993 48.33580844 48.33586902 48.33584547] drones next lon [14.32676273 14.32669341 14.32667166 14.32663932 14.3266143  14.32658575
 14.32659916 14.3265424  14.32650653 14.32645277] 
WayPoint_Count 35 

Leader Index 5 

Leader Contour 241.0 

Contour Threshold 175 

Converging Before Rutherford Scattering [  7.37211672   0.91029476   1.25998889  -2.8079015   -3.41476704
  -3.41437839  -3.38336477  -5.51223337  -7.38154538 -12.95709387]_[ 2.8663838   2.47962742 -1.3459082   1.29314851 -2.06723651  1.95994655
  3.13058907 -1.86470209  3.4594105   0.63387104] 

Minimum Distance Within Rutherford Scattering 4.2 

Converging After Rutherford Scattering [  8.08104064   1.99963217   2.32138493  -1.56636766  -2.974882
  -4.88850672  -3.11759153  -6.93811544  -8.542295   -13.70318332]_[ 3.0193061   3.25725524 -2.23677785  0.53474337 -3.66137134  2.04132882
  5.579849   -2.75669336  4.21465708  0.55283303] 

drones next lat [48.3358638  48.33586546 48.33581606 48.33584069 48.33580283 48.33585398
 48.33588595 48.33581065 48.33587324 48.33583989] drones next lon [14.32675268 14.32667059 14.32667559 14.3266228  14.3266043  14.3265778
 14.32660127 14.32655071 14.32652824 14.32645904] 
WayPoint_Count 36 

Leader Index 5 

Leader Contour 169.5 

Contour Threshold 175 

Previous Drone Positions [  8.08104064   1.99963217   2.32138493  -1.56636766  -2.974882
  -4.88850672  -3.11759153  -6.93811544  -8.542295   -13.70318332]_[ 3.0193061   3.25725524 -2.23677785  0.53474337 -3.66137134  2.04132882
  5.579849   -2.75669336  4.21465708  0.55283303] 

Mean Previous Drone Positions [-2.93288839 -2.93288839 -2.93288839 -2.93288839 -2.93288839 -2.93288839
 -2.93288839 -2.93288839 -2.93288839 -2.93288839]_[1.05451301 1.05451301 1.05451301 1.05451301 1.05451301 1.05451301
 1.05451301 1.05451301 1.05451301 1.05451301] 

relative Drone Positions [ 18.9  14.7  10.5   6.3   2.1  -2.1  -6.3 -10.5 -14.7 -18.9]_[-0. -0. -0. -0.  0.  0.  0.  0.  0.  0.] 

current starting Drone Positions [ 15.96711161  11.76711161   7.56711161   3.36711161  -0.83288839
  -5.03288839  -9.23288839 -13.43288839 -17.63288839 -21.83288839]_[1.05451301 1.05451301 1.05451301 1.05451301 1.05451301 1.05451301
 1.05451301 1.05451301 1.05451301 1.05451301] 

scanning direction vector [0. 0. 0. 0. 0. 0. 0. 0. 0. 0.]_[2. 2. 2. 2. 2. 2. 2. 2. 2. 2.] 

changing back speed 0.3 

velocity vector [ 2.36582129  2.93024383  1.573718    1.48004378  0.64259808 -0.0433145
 -1.83458906 -1.94843189 -2.72717802 -2.43891152]_[1.41056207 1.33917733 2.98738726 2.15593089 3.4147653  1.70395526
 0.6423992  3.14336191 1.05195678 2.15050399] 

Moving Straight [ 10.44686193   4.929876     3.89510293  -0.08632388  -2.33228392
  -4.93182122  -4.95218059  -8.88654732 -11.26947302 -16.14209484]_[ 4.42986817  4.59643257  0.75060941  2.69067426 -0.24660603  3.74528408
  6.2222482   0.38666855  5.26661386  2.70333702] 

drones next lat [48.33587668 48.33587774 48.33584306 48.3358602  48.3358336  48.33586931
 48.33589159 48.33583878 48.33588249 48.33585905] drones next lon [14.32678443 14.32670997 14.32669647 14.32664252 14.32661256 14.32657701
 14.32657645 14.32652405 14.32649132 14.32642588] 
WayPoint_Count 37 

Leader Index 4 

Leader Contour 201.5 

Contour Threshold 175 

Converging Before Rutherford Scattering [  9.43671554   3.96883338   2.62244298  -0.59549888  -1.33355254
  -4.15265997  -3.25725907  -6.47347352  -9.36719867 -14.85341727]_[ 3.24606438  2.77547895 -0.27762874  1.81045969 -0.196251    1.11931485
  4.69801328  1.10075921  5.19634266  1.54065703] 

Minimum Distance Within Rutherford Scattering 4.2 

Converging After Rutherford Scattering [ 10.16103661   4.74020792   3.48564575  -0.04255602  -1.28288106
  -4.38368114  -3.3775839   -7.91415752  -9.9654429  -15.42565576]_[ 3.36304747  3.43432827 -1.25879402  2.59973585 -1.80716994  0.83206204
  5.97985504  0.62056067  5.81889202  1.43069291] 

drones next lat [48.33586706 48.33586727 48.33582495 48.33585939 48.33581964 48.33584314
 48.33588953 48.33584096 48.33588756 48.33584765] drones next lon [14.3267807  14.32670755 14.32669118 14.32664312 14.3266269  14.32658475
 14.32659772 14.32653714 14.32650885 14.3264357 ] 
WayPoint_Count 38 

Leader Index 4 

Leader Contour 220.0 

Contour Threshold 175 

Converging Before Rutherford Scattering [  9.33833601   2.86003784   2.32536453  -1.12703744  -2.2370379
  -2.66294781  -2.26568481  -6.84710323  -8.6218409  -14.40017103]_[ 2.52706463  3.04984557 -0.92453116  1.51450448 -2.106477    0.51601202
  3.2428447   0.5179749   5.48632633  1.36656809] 

Minimum Distance Within Rutherford Scattering 4.2 

Converging After Rutherford Scattering [  9.98448687   3.76568879   3.26109232  -0.10379917  -2.27986542
  -3.61496357  -2.68650891  -7.87045063  -9.11941771 -14.9743473 ]_[ 2.59845931  3.81886011 -1.7878935   1.69512588 -3.7885998   0.08716746
  4.93641966  0.18928584  6.1432556   1.29805199] 

drones next lat [48.33586017 48.33587065 48.33582018 48.33585124 48.33580174 48.3358365
 48.3358802  48.33583708 48.33589055 48.3358465 ] drones next lon [14.32677841 14.32669436 14.32668821 14.3266424  14.32661369 14.32659521
 14.32660717 14.32653779 14.32652023 14.3264418 ] 
WayPoint_Count 39 

Leader Index 5 

Leader Contour 220.0 

Contour Threshold 175 

Converging Before Rutherford Scattering [  8.80475221   2.7530858    2.3007395   -2.76904584  -3.19612336
  -2.91522776  -2.70010913  -5.63404918  -7.40904865 -12.02556684]_[ 1.61834141  2.28109854 -1.01540755  1.39420411 -2.86193008  0.80156918
  2.04011427 -0.83020934  3.73230241  1.36589431] 

Minimum Distance Within Rutherford Scattering 4.2 

Converging After Rutherford Scattering [  9.50718041   3.53539161   3.07001921  -1.6947048   -3.05702101
  -3.27236579  -2.69555944  -7.16536904  -8.12484805 -12.89331636]_[ 1.67175373  3.02530814 -1.85658724  1.83641386 -4.70995808 -0.93450623
  5.06996125 -1.45968402  4.55182956  1.33144628] 

drones next lat [48.33585179 48.3358635  48.33581954 48.33585239 48.33579339 48.33582734
 48.3358814  48.3358223  48.33587631 48.33584696] drones next lon [14.32677208 14.32669134 14.32668564 14.32662092 14.32660331 14.32659996
 14.32660703 14.32654749 14.32653384 14.32646988] 
WayPoint_Count 40 

Leader Index 4 

Leader Contour 176.0 

Contour Threshold 175 

Converging Before Rutherford Scattering [  8.17234502   2.94506235   2.23301245  -1.39499743  -2.63414708
  -2.80045806  -3.65111627  -6.38784095  -6.86200909 -10.42363777]_[-0.1278343   2.21037906 -2.48328302  0.58539372 -3.80376955 -3.86497604
  2.59949323 -3.31244071  3.75036119  0.92820836] 

Minimum Distance Within Rutherford Scattering 4.2 

Converging After Rutherford Scattering [  8.9450871    3.59746738   3.17632773  -1.01941771  -1.02817886
  -4.17870105  -3.73335431  -7.58922102  -7.60311235 -11.37068373]_[-0.13356287  2.96113658 -3.03547848  0.80797841 -4.07277017 -5.5127021
  3.51066991 -3.63779879  4.64774083  0.94631861] 

drones next lat [48.33583551 48.33586292 48.33580895 48.33584319 48.33579928 48.33578608
 48.33586729 48.33580268 48.33587721 48.33584362] drones next lon [14.32676471 14.32669219 14.32668722 14.32663015 14.32663061 14.32658827
 14.32659321 14.32654203 14.32654086 14.32649047] 
WayPoint_Count 41 

Leader Index 4 

Leader Contour 180.5 

Contour Threshold 175 

Converging Before Rutherford Scattering [  8.0098754    3.40336238   0.91929278  -0.07052202  -0.30632838
  -2.03725375  -2.33139733  -6.2718336   -6.06049479 -10.56195009]_[-0.48818419  0.86427487 -2.5655271  -1.49660146 -4.76481921 -3.73473625
  2.31039438 -4.50494852  3.99172341  0.21003593] 

Minimum Distance Within Rutherford Scattering 4.2 

Converging After Rutherford Scattering [  8.91580539   4.15231768   2.53224043  -0.43288477   0.19007464
  -3.08452221  -2.38358653  -7.22397356  -6.66886874 -11.30385173]_[-0.50302526  1.70633778 -3.20966387 -0.522328   -6.67563296 -4.13993005
  3.23177643 -5.09226193  4.75262474  0.27371498] 

drones next lat [48.33583218 48.33585168 48.33580733 48.33583127 48.33577596 48.33579852
 48.33586489 48.33578962 48.33587823 48.33583757] drones next lon [14.32676436 14.32669982 14.32667855 14.32663822 14.32664736 14.32660287
 14.32661146 14.32654713 14.32655346 14.32649145] 
WayPoint_Count 42 

Leader Index 5 

Leader Contour 183.5 

Contour Threshold 175 

Converging Before Rutherford Scattering [ 6.15582391  3.32144437  1.49552567 -0.993784   -2.18154403 -3.231631
 -2.72620804 -4.38375009 -5.88099958 -9.80840097]_[-0.54984593 -0.23934726 -3.18553978 -2.91885437 -6.06385219 -3.15080973
  2.22893539 -5.09758028  1.89845075 -1.63627872] 

Minimum Distance Within Rutherford Scattering 4.2 

Converging After Rutherford Scattering [  7.57607085   3.64230199   2.82514801  -0.60379298  -1.69280354
  -4.20685154  -2.38413864  -5.84361879  -6.77743077 -10.76840834]_[-0.45871054  0.69619148 -4.04589033 -2.61510952 -7.74034888 -2.57865128
  3.29842754 -6.25778844  2.65573596 -1.66857812] 

drones next lat [48.33583247 48.33584255 48.33579983 48.33581243 48.33576624 48.33581247
 48.33586549 48.33577925 48.33585936 48.33582014] drones next lon [14.32674627 14.32669306 14.3266826  14.32663616 14.32662208 14.32658754
 14.32661144 14.3265659  14.32655224 14.3264989 ] 
WayPoint_Count 43 

Leader Index 5 

Leader Contour 233.5 

Contour Threshold 175 

Converging Before Rutherford Scattering [ 6.43643909  1.48044773  0.68848542 -1.96625411 -3.25701761 -3.4292968
 -2.74490887 -5.70419676 -6.51456603 -8.59544148]_[-0.2532582  -1.02265085 -4.62126501 -1.82437027 -5.21700077 -3.20746654
  2.36098257 -5.16963174  1.64612047 -0.9619349 ] 

Minimum Distance Within Rutherford Scattering 4.2 

Converging After Rutherford Scattering [ 7.36555115  2.56228811  1.75573376 -1.39190501 -2.87609766 -4.26867726
 -2.48546406 -7.20327198 -7.18439882 -9.88006767]_[-0.05615478 -0.46702924 -5.62922714 -1.0273357  -7.07381218 -3.09079134
  3.6534482  -6.22536613  2.66165479 -1.01586171] 

drones next lat [48.33583608 48.335832   48.3357855  48.33582665 48.33577214 48.33580786
 48.33586867 48.33577943 48.33585938 48.33582608] drones next lon [14.32674339 14.32667863 14.32666836 14.32662534 14.32660603 14.32658677
 14.32661003 14.32654755 14.32654675 14.32651081] 
WayPoint_Count 44 

Leader Index 5 

Leader Contour 272.5 

Contour Threshold 175 

Converging Before Rutherford Scattering [ 6.23519443 -0.17671676 -0.75660327 -3.45112233 -2.83413221 -3.64658099
 -3.31147496 -6.62047781 -6.54066638 -8.78329378]_[-1.1543591  -1.67366931 -4.10961335 -1.29214795 -4.47374191 -2.30785059
  0.77072572 -4.14468538  1.84320597 -1.08258901] 

Minimum Distance Within Rutherford Scattering 4.2 

Converging After Rutherford Scattering [  7.05282372   1.31969371   0.82607119  -3.23984076  -2.9306788
  -4.49150151  -2.75799668  -7.96988355  -7.45437545 -10.24018593]_[-1.05575177 -0.9625332  -5.31055308 -0.29566669 -6.67878035 -3.25825012
  3.07625628 -5.32721909  3.13567616 -0.94790305] 

drones next lat [48.33582706 48.33582745 48.33578829 48.33583309 48.33577569 48.33580634
 48.33586346 48.33578745 48.33586362 48.33582667] drones next lon [14.32673929 14.32666192 14.32665577 14.32660032 14.32660525 14.32658378
 14.32660642 14.3265371  14.32654305 14.32650595] 
WayPoint_Count 45 

Leader Index 3 

Leader Contour 196.5 

Contour Threshold 175 

Converging Before Rutherford Scattering [ 5.37491049  0.31888863 -1.22035958 -4.15889603 -3.1171775  -3.326307
 -3.46893648 -7.38685732 -4.9090563  -7.47251018]_[ 0.04008227 -0.88104091 -4.37413268  0.09846198 -5.67708704 -0.49377752
  2.00014    -3.25287841  1.97900233 -0.13199978] 

Minimum Distance Within Rutherford Scattering 4.2 

Converging After Rutherford Scattering [ 6.34839286  1.67951252 -0.06087311 -5.25404157 -3.64030269 -2.2275105
 -2.12265511 -8.44957965 -6.30260839 -9.33663563]_[ 0.20780528 -0.63731858 -5.3258522   0.03852898 -7.22959388 -1.35493112
  3.81309036 -4.34899929  3.98515309  0.1588876 ] 

drones next lat [48.33583837 48.3358304  48.33578809 48.33583593 48.33577068 48.33582364
 48.33587014 48.33579621 48.33587135 48.33583669] drones next lon [14.32672963 14.32666674 14.32664381 14.32657311 14.32659574 14.32661411
 14.32661491 14.32653051 14.32655849 14.32651801] 
WayPoint_Count 46 

Leader Index 3 

Leader Contour 212.0 

Contour Threshold 175 

Converging Before Rutherford Scattering [ 3.9114605  -0.32863211 -0.48810328 -4.71693963 -4.06218734 -3.52036067
 -2.41816385 -6.34428264 -6.78148059 -7.73728179]_[-0.72076201  0.55655713 -4.15528051  0.88204633 -4.27720767 -1.37031175
  2.08220137 -2.35936488  2.17502891  1.01656354] 

Minimum Distance Within Rutherford Scattering 4.2 

Converging After Rutherford Scattering [ 5.15028721  0.98748357  0.53234415 -4.95501769 -4.28302831 -3.02268464
 -1.75669021 -7.76905008 -7.54957055 -9.82004485]_[-0.75909282  0.84473995 -5.25215632  1.37450596 -6.09218649 -1.92720742
  3.89974108 -3.33647983  4.28405132  0.79355503] 

drones next lat [48.33582958 48.33584368 48.3357888  48.33584798 48.33578086 48.33581843
 48.33587095 48.33580537 48.33587395 48.33584237] drones next lon [14.32671358 14.32665722 14.3266518  14.32657698 14.32658693 14.32660344
 14.32661984 14.32653957 14.32654163 14.32651141] 
WayPoint_Count 47 

Leader Index 5 

Leader Contour 154.5 

Contour Threshold 175 

Previous Drone Positions [ 5.15028721  0.98748357  0.53234415 -4.95501769 -4.28302831 -3.02268464
 -1.75669021 -7.76905008 -7.54957055 -9.82004485]_[-0.75909282  0.84473995 -5.25215632  1.37450596 -6.09218649 -1.92720742
  3.89974108 -3.33647983  4.28405132  0.79355503] 

Mean Previous Drone Positions [-3.24859714 -3.24859714 -3.24859714 -3.24859714 -3.24859714 -3.24859714
 -3.24859714 -3.24859714 -3.24859714 -3.24859714]_[-0.61705295 -0.61705295 -0.61705295 -0.61705295 -0.61705295 -0.61705295
 -0.61705295 -0.61705295 -0.61705295 -0.61705295] 

relative Drone Positions [ 18.9  14.7  10.5   6.3   2.1  -2.1  -6.3 -10.5 -14.7 -18.9]_[-0. -0. -0. -0.  0.  0.  0.  0.  0.  0.] 

current starting Drone Positions [ 15.65140286  11.45140286   7.25140286   3.05140286  -1.14859714
  -5.34859714  -9.54859714 -13.74859714 -17.94859714 -22.14859714]_[-0.61705295 -0.61705295 -0.61705295 -0.61705295 -0.61705295 -0.61705295
 -0.61705295 -0.61705295 -0.61705295 -0.61705295] 

scanning direction vector [0. 0. 0. 0. 0. 0. 0. 0. 0. 0.]_[2. 2. 2. 2. 2. 2. 2. 2. 2. 2.] 

changing back speed 0.3 

velocity vector [ 3.1503347   3.13917579  2.01571761  2.40192617  0.94032935 -0.69777375
 -2.33757208 -1.79386412 -3.11970798 -3.69856569]_[2.04261196 1.56146213 3.39053101 1.40253233 3.64254006 2.39304634
 0.64496179 2.81582806 0.52966872 1.5768176 ] 

Moving Straight [  8.3006219    4.12665936   2.54806176  -2.55309153  -3.34269896
  -3.72045839  -4.09426229  -9.5629142  -10.66927853 -13.51861054]_[ 1.28351914  2.40620208 -1.86162531  2.77703829 -2.44964643  0.46583892
  4.54470287 -0.52065176  4.81372004  2.37037264] 

drones next lat [48.3358482  48.33585797 48.33581946 48.33586078 48.3358137  48.3358399
 48.33587656 48.33583056 48.33587846 48.33585626] drones next lon [14.32675584 14.32669939 14.3266786  14.32660922 14.32659919 14.32659375
 14.32658822 14.32651503 14.32649947 14.32646132] 
WayPoint_Count 48 

Leader Index 4 

Leader Contour 167.0 

Contour Threshold 175 

Previous Drone Positions [  8.3006219    4.12665936   2.54806176  -2.55309153  -3.34269896
  -3.72045839  -4.09426229  -9.5629142  -10.66927853 -13.51861054]_[ 1.28351914  2.40620208 -1.86162531  2.77703829 -2.44964643  0.46583892
  4.54470287 -0.52065176  4.81372004  2.37037264] 

Mean Previous Drone Positions [-3.24859714 -3.24859714 -3.24859714 -3.24859714 -3.24859714 -3.24859714
 -3.24859714 -3.24859714 -3.24859714 -3.24859714]_[1.38294705 1.38294705 1.38294705 1.38294705 1.38294705 1.38294705
 1.38294705 1.38294705 1.38294705 1.38294705] 

relative Drone Positions [ 18.9  14.7  10.5   6.3   2.1  -2.1  -6.3 -10.5 -14.7 -18.9]_[-0. -0. -0. -0.  0.  0.  0.  0.  0.  0.] 

current starting Drone Positions [ 15.65140286  11.45140286   7.25140286   3.05140286  -1.14859714
  -5.34859714  -9.54859714 -13.74859714 -17.94859714 -22.14859714]_[1.38294705 1.38294705 1.38294705 1.38294705 1.38294705 1.38294705
 1.38294705 1.38294705 1.38294705 1.38294705] 

scanning direction vector [0. 0. 0. 0. 0. 0. 0. 0. 0. 0.]_[2. 2. 2. 2. 2. 2. 2. 2. 2. 2.] 

changing back speed 0.3 

velocity vector [ 2.20523429  2.19742305  1.41100233  1.68134832  0.65823055 -0.48844163
 -1.63630045 -1.25570488 -2.18379558 -2.58899598]_[2.02982837 1.69302349 2.97337171 1.58177263 3.14977804 2.27513244
 1.05147325 2.57107964 0.9707681  1.70377232] 

Moving Straight [ 10.50585619   6.32408241   3.95906409  -0.87174321  -2.68446841
  -4.20890001  -5.73056275 -10.81861908 -12.85307411 -16.10760652]_[3.31334751 4.09922557 1.1117464  4.35881091 0.70013161 2.74097136
 5.59617612 2.05042788 5.78448814 4.07414496] 

drones next lat [48.33586664 48.33587338 48.33584632 48.33587515 48.33584209 48.33586033
 48.33588589 48.33585359 48.33588702 48.33587138] drones next lon [14.32678536 14.32672884 14.32669729 14.32663172 14.3266077  14.32658689
 14.32656602 14.32649779 14.32646989 14.32642619] 
WayPoint_Count 49 

Leader Index 4 

Leader Contour 207.0 

Contour Threshold 175 

Converging Before Rutherford Scattering [  7.94679104   4.77275142   1.3346596   -1.0854134   -2.80897442
  -2.73987712  -3.85594586  -9.46593012 -11.57160232 -13.32834035]_[ 2.12257452  2.44572408  0.2100432   1.82820138 -0.29208724  0.17638075
  4.47309207  0.93854713  4.02833027  3.04339372] 

Minimum Distance Within Rutherford Scattering 4.2 

Converging After Rutherford Scattering [  9.11162658   5.14883037   2.18620809  -0.2997557   -3.22258546
  -3.55863512  -4.22505945  -9.7164835  -11.46297649 -14.76305085]_[ 2.08665335  2.93521927 -0.73549698  2.91819493 -2.81736531  0.84135349
  5.66399297  0.30017232  5.05715153  2.72432429] 

drones next lat [48.33585549 48.33586281 48.33582956 48.33586223 48.3358104  48.33584329
 48.33588662 48.33583793 48.33588059 48.33585934] drones next lon [14.32676669 14.32671312 14.32667358 14.32663961 14.32660085 14.32659589
 14.32658632 14.32651286 14.32648874 14.32644449] 
WayPoint_Count 50 

Leader Index 4 

Leader Contour 229.0 

Contour Threshold 175 

Converging Before Rutherford Scattering [  6.27084195   4.47976849   0.4064828   -0.344624    -2.24831305
  -3.63667206  -4.59833278  -8.8235161   -9.16964132 -12.13725812]_[ 1.16038039  1.60000082 -2.45015207  0.63139815 -2.59199168 -2.11561155
  4.47173    -0.15084868  4.20638014  1.29036611] 

Minimum Distance Within Rutherford Scattering 4.2 

Converging After Rutherford Scattering [  7.87981111   4.39069759   1.68301177  -0.20163987  -1.98183045
  -4.98160376  -4.45420012  -9.21182912  -9.61738526 -13.30629606]_[ 0.9744952   2.2874525  -3.30884484  1.4108165  -3.98472928 -2.24974657
  5.27587547 -0.66564673  5.0482591   1.26372027] 

drones next lat [48.33584539 48.33585693 48.33580637 48.33584868 48.3358     48.33581537
 48.33588311 48.33582929 48.33588066 48.33584632] drones next lon [14.3267502  14.32670297 14.3266671  14.32664111 14.32661773 14.32657705
 14.32658328 14.32651979 14.32651364 14.32646431] 
WayPoint_Count 51 

Leader Index 4 

Leader Contour 234.0 

Contour Threshold 175 

Converging Before Rutherford Scattering [  6.83589072   3.32405473  -0.78752139  -1.82560785  -1.15804802
  -4.2467137   -4.59411246  -7.04046966  -8.94797767 -11.86931041]_[ 0.74538821 -0.04892808 -4.53545328 -0.56162769 -4.55163536 -3.33590919
  2.58861836 -2.43540855  4.30408566  1.34869623] 

Minimum Distance Within Rutherford Scattering 4.2 

Converging After Rutherford Scattering [  7.85031905   3.69873831   1.44207352  -1.43177074  -2.04419696
  -4.83222416  -4.57006516  -8.30872863  -9.33356358 -12.78039736]_[ 1.00037768  0.19433477 -5.1979912   0.05665426 -5.99336776 -3.78186417
  3.46102691 -2.65748627  5.13789587  1.29824625] 

drones next lat [48.33584562 48.33583804 48.33578935 48.3358364  48.33578192 48.3358016
 48.33586678 48.33581144 48.33588149 48.33584667] drones next lon [14.3267498  14.32669388 14.32666407 14.32662468 14.32661713 14.32657925
 14.32658193 14.32653221 14.32651746 14.32647141] 
WayPoint_Count 52 

Leader Index 5 

Leader Contour 254.5 

Contour Threshold 175 

Converging Before Rutherford Scattering [  5.49343608   1.33937939   0.04548445  -1.81899194  -4.52838168
  -4.20235379  -3.92081684  -5.42527036  -7.95982579 -11.71014774]_[ 1.16896623  0.18682064 -3.92536898 -1.09644454 -5.14872805 -4.55856445
  2.15465464 -3.07646938  4.23360901 -0.56742415] 

Minimum Distance Within Rutherford Scattering 4.2 

Converging After Rutherford Scattering [  6.49541621   2.16140336   1.18108945  -1.67201391  -5.58423326
  -3.3324236   -3.99261577  -6.8819672   -8.53412132 -12.52802218]_[ 1.46475473  0.77084705 -4.89158401 -0.66523499 -7.58064445 -4.71896613
  3.16864591 -2.60579081  5.00839973 -0.57937605] 

drones next lat [48.33584969 48.33584311 48.33579209 48.33582989 48.33576737 48.33579329
 48.33586419 48.33581202 48.33588038 48.3358298 ] drones next lon [14.32673147 14.32667307 14.32666052 14.32662152 14.32656955 14.3265996
 14.32658975 14.32655145 14.32652826 14.32647503] 
WayPoint_Count 53 

Leader Index 5 

Leader Contour 195.5 

Contour Threshold 175 

Converging Before Rutherford Scattering [ 4.13723338  1.70691489 -1.7356798  -1.62824324 -3.35287564 -2.85963809
 -2.9523177  -5.41071827 -6.64901364 -9.86697326]_[-0.34684986 -0.92201927 -4.41910367 -3.11353177 -6.11289636 -5.60014368
  1.6624721  -2.65993561  2.90908534 -1.94707372] 

Minimum Distance Within Rutherford Scattering 4.2 

Converging After Rutherford Scattering [  5.76376414   2.23189503   0.39403455  -1.55946075  -5.09260342
  -2.85821622  -2.76163794  -6.36501642  -7.36661863 -10.99745173]_[ 0.06148215 -0.48567961 -5.39098609 -1.85046043 -8.63492747 -6.32857265
  2.7700622  -2.54480238  3.82376423 -1.96987646] 

drones next lat [48.33583701 48.33583181 48.33578754 48.33581923 48.33575792 48.33577884
 48.3358607  48.33581261 48.33586982 48.33581741] drones next lon [14.32672176 14.32667417 14.32664996 14.32662318 14.32657631 14.32660619
 14.32660641 14.32655842 14.32654415 14.32649585] 
WayPoint_Count 54 

Leader Index 6 

Leader Contour 183.5 

Contour Threshold 175 

Converging Before Rutherford Scattering [ 4.47831209  0.73291819 -1.28664682 -1.54926261 -4.42435959 -3.61008793
 -3.16483426 -5.83982319 -5.14509622 -8.33098855]_[ 1.45114675 -0.37767971 -3.80771015 -0.7728137  -7.63892    -4.96296984
  3.68517571 -0.0872604   4.3399807  -1.33200409] 

Minimum Distance Within Rutherford Scattering 4.2 

Converging After Rutherford Scattering [ 5.59515066  2.02641466 -0.16651163 -1.78106625 -4.82918339 -4.23150711
 -2.35683609 -6.32634019 -6.25890968 -9.8110799 ]_[ 1.88751243 -0.21083316 -4.77521399 -0.48490271 -9.17906918 -5.42301454
  4.60535914  0.20917356  5.5448503  -1.67691658] 

drones next lat [48.33585342 48.33583427 48.33579303 48.3358315  48.33575305 48.33578688
 48.33587725 48.33583738 48.33588539 48.33582014] drones next lon [14.32671927 14.32667137 14.32664232 14.32662003 14.32657993 14.32658755
 14.32661165 14.32655862 14.32655889 14.32651182] 
WayPoint_Count 55 

Leader Index 5 

Leader Contour 162.5 

Contour Threshold 175 

Previous Drone Positions [ 5.59515066  2.02641466 -0.16651163 -1.78106625 -4.82918339 -4.23150711
 -2.35683609 -6.32634019 -6.25890968 -9.8110799 ]_[ 1.88751243 -0.21083316 -4.77521399 -0.48490271 -9.17906918 -5.42301454
  4.60535914  0.20917356  5.5448503  -1.67691658] 

Mean Previous Drone Positions [-2.81398689 -2.81398689 -2.81398689 -2.81398689 -2.81398689 -2.81398689
 -2.81398689 -2.81398689 -2.81398689 -2.81398689]_[-0.95030547 -0.95030547 -0.95030547 -0.95030547 -0.95030547 -0.95030547
 -0.95030547 -0.95030547 -0.95030547 -0.95030547] 

relative Drone Positions [ 18.9  14.7  10.5   6.3   2.1  -2.1  -6.3 -10.5 -14.7 -18.9]_[-0. -0. -0. -0.  0.  0.  0.  0.  0.  0.] 

current starting Drone Positions [ 16.08601311  11.88601311   7.68601311   3.48601311  -0.71398689
  -4.91398689  -9.11398689 -13.31398689 -17.51398689 -21.71398689]_[-0.95030547 -0.95030547 -0.95030547 -0.95030547 -0.95030547 -0.95030547
 -0.95030547 -0.95030547 -0.95030547 -0.95030547] 

scanning direction vector [0. 0. 0. 0. 0. 0. 0. 0. 0. 0.]_[2. 2. 2. 2. 2. 2. 2. 2. 2. 2.] 

changing back speed 0.3 

velocity vector [ 3.14725873  2.95787953  2.35575742  1.58012381  1.23455895 -0.20474393
 -2.02714524 -2.09629401 -3.37652316 -3.5708721 ]_[1.14865463 1.77815831 3.14747256 1.86037917 4.46862911 3.34181272
 0.33330062 1.65215629 0.05145327 2.21798333] 

Moving Straight [  8.7424094    4.9842942    2.18924579  -0.20094244  -3.59462444
  -4.43625105  -4.38398133  -8.4226342   -9.63543284 -13.381952  ]_[ 3.03616706  1.56732515 -1.62774144  1.37547646 -4.71044007 -2.08120182
  4.93865976  1.86132985  5.59630357  0.54106675] 

drones next lat [48.33586401 48.3358505  48.33582153 48.33584836 48.33579334 48.33581693
 48.33588008 48.33585208 48.33588559 48.33583981] drones next lon [14.3267616  14.32671106 14.32667373 14.32664113 14.32659606 14.32658439
 14.32658426 14.32653014 14.32651333 14.32646338] 
WayPoint_Count 56 

Leader Index 5 

Leader Contour 186.5 

Contour Threshold 175 

Converging Before Rutherford Scattering [  6.28711319   3.33583685   0.97634919  -2.46652981  -3.49210324
  -4.54194848  -3.57028864  -6.26314847  -7.85225144 -11.80413007]_[ 1.50548703 -0.13125455 -1.14157379  0.80884098 -2.10372309 -3.07560016
  3.49857963 -0.22041796  4.69003039  0.91838659] 

Minimum Distance Within Rutherford Scattering 4.2 

Converging After Rutherford Scattering [  7.45779342   4.30123699   1.3460668   -1.98281074  -2.85138132
  -5.6297562   -3.48366084  -7.31492114  -8.50097753 -12.73269037]_[ 2.01033054 -0.10071167 -2.01030053  1.3632866  -2.69144768 -4.97909178
  4.9230299  -0.19946856  5.57115379  0.86197448] 

drones next lat [48.33585468 48.33583544 48.33581802 48.33584811 48.33581156 48.33579077
 48.33588001 48.33583363 48.33588545 48.33584275] drones next lon [14.32674439 14.32670205 14.3266624  14.32661709 14.32660585 14.32656863
 14.32659641 14.32654533 14.32652864 14.3264721 ] 
WayPoint_Count 57 

Leader Index 4 

Leader Contour 161.0 

Contour Threshold 175 

Previous Drone Positions [  7.45779342   4.30123699   1.3460668   -1.98281074  -2.85138132
  -5.6297562   -3.48366084  -7.31492114  -8.50097753 -12.73269037]_[ 2.01033054 -0.10071167 -2.01030053  1.3632866  -2.69144768 -4.97909178
  4.9230299  -0.19946856  5.57115379  0.86197448] 

Mean Previous Drone Positions [-2.93911009 -2.93911009 -2.93911009 -2.93911009 -2.93911009 -2.93911009
 -2.93911009 -2.93911009 -2.93911009 -2.93911009]_[0.47487551 0.47487551 0.47487551 0.47487551 0.47487551 0.47487551
 0.47487551 0.47487551 0.47487551 0.47487551] 

relative Drone Positions [ 18.9  14.7  10.5   6.3   2.1  -2.1  -6.3 -10.5 -14.7 -18.9]_[-0. -0. -0. -0.  0.  0.  0.  0.  0.  0.] 

current starting Drone Positions [ 15.96088991  11.76088991   7.56088991   3.36088991  -0.83911009
  -5.03911009  -9.23911009 -13.43911009 -17.63911009 -21.83911009]_[0.47487551 0.47487551 0.47487551 0.47487551 0.47487551 0.47487551
 0.47487551 0.47487551 0.47487551 0.47487551] 

scanning direction vector [0. 0. 0. 0. 0. 0. 0. 0. 0. 0.]_[2. 2. 2. 2. 2. 2. 2. 2. 2. 2.] 

changing back speed 0.3 

velocity vector [ 2.55092895  2.23789588  1.86444693  1.60311019  0.60368137  0.17719383
 -1.72663478 -1.83725669 -2.74143977 -2.73192592]_[1.53936349 2.17267615 2.74555281 1.73347667 2.94989696 3.63619019
 0.66555368 2.20230322 0.47111651 1.88387031] 

Moving Straight [ 10.00872237   6.53913286   3.21051374  -0.37970054  -2.24769995
  -5.45256237  -5.21029561  -9.15217783 -11.2424173  -15.46461628]_[ 3.54969403  2.07196448  0.73525228  3.09676327  0.25844928 -1.3429016
  5.58858358  2.00283466  6.04227031  2.74584479] 

drones next lat [48.33586873 48.33585516 48.33584287 48.33586383 48.33583815 48.33582349
 48.33588587 48.3358533  48.33588947 48.33585948] drones next lon [14.32677862 14.32673198 14.32668723 14.32663851 14.32661364 14.32657059
 14.32657304 14.32652028 14.3264916  14.32643502] 
WayPoint_Count 58 

Leader Index 4 

Leader Contour 249.5 

Contour Threshold 175 

Converging Before Rutherford Scattering [  8.72745408   5.01286661   1.54676391  -2.43158075  -1.43482763
  -3.09956666  -4.13247931  -6.51576568  -8.75811791 -12.62658292]_[ 3.79068143  2.56936197 -0.38324257  1.73107618  0.8408912  -1.27479988
  4.83481261  0.79619651  5.55778591  2.86448917] 

Minimum Distance Within Rutherford Scattering 4.2 

Converging After Rutherford Scattering [  9.61893235   5.41817852   2.69342043  -2.92565751  -0.46976493
  -3.53758583  -4.18928284  -7.5039197   -9.33572917 -13.48042759]_[ 4.06637677  2.81444439 -1.30976741  2.65032368  0.38581059 -2.85613714
  6.19880381  0.32525997  6.29609757  2.75604029] 

drones next lat [48.33587334 48.33586175 48.33582443 48.33585961 48.33583944 48.33581003
 48.33589144 48.33583834 48.3358919  48.33585973] drones next lon [14.3267733  14.32671677 14.3266805  14.32660421 14.32663762 14.32659661
 14.32658674 14.32654271 14.32651729 14.32646179] 
WayPoint_Count 59 

Leader Index 4 

Leader Contour 224.0 

Contour Threshold 175 

Converging Before Rutherford Scattering [  7.2997168    4.25143907   1.86193344  -2.07177316   0.5292329
  -1.50326968  -4.11131797  -6.08391837  -8.44835754 -11.46283416]_[ 2.48309666  2.78302983 -0.72929799  2.08194838  0.34105194 -2.15501964
  4.50759939 -0.47219466  4.55694644  3.39633837] 

Minimum Distance Within Rutherford Scattering 4.2 

Converging After Rutherford Scattering [  8.57488632   4.58692387   3.2385568   -2.34172569   0.68039957
  -1.87205014  -4.30004535  -6.86266508  -8.84211486 -12.60131411]_[ 2.55218818  3.55855157 -2.06560956  2.48842582  0.67495176 -3.5209682
  5.73117502 -1.1244888   5.21589213  3.28338082] 

drones next lat [48.33585964 48.33586838 48.33581768 48.3358582  48.33584213 48.33580418
 48.33588722 48.33582534 48.33588223 48.33586454] drones next lon [14.32675939 14.32670547 14.32668794 14.32661211 14.3266531  14.32661916
 14.3265853  14.32655154 14.32652408 14.32647359] 
WayPoint_Count 60 

Leader Index 4 

Leader Contour 229.0 

Contour Threshold 175 

Converging Before Rutherford Scattering [  6.02615394   2.05937997   1.15433838  -0.49513856   1.6569732
   0.12028669  -3.46428356  -5.81386778  -6.17636964 -11.52098656]_[ 2.88725905  2.76635607 -1.29807505  0.4680552   0.89013523 -1.50904624
  5.12953645 -1.1032149   3.84557759  3.36886421] 

Minimum Distance Within Rutherford Scattering 4.2 

Converging After Rutherford Scattering [  7.32709701   2.5480992    2.90511384  -1.58051622   2.73257356
  -1.0349857   -3.35815105  -6.6112246   -7.05475196 -12.326768  ]_[ 3.20748966  4.61616691 -2.92204435  0.95403315  0.86951389 -3.37875801
  6.26717572 -1.78444271  4.14530898  3.47100436] 

drones next lat [48.33586544 48.33587773 48.33580994 48.33584446 48.33584404 48.33580552
 48.33589212 48.33581943 48.33587274 48.33586625] drones next lon [14.32674248 14.32667783 14.32668354 14.32662256 14.32668077 14.32663044
 14.32659795 14.32655501 14.32654832 14.32647727] 
WayPoint_Count 61 

Leader Index 4 

Leader Contour 219.0 

Contour Threshold 175 

Converging Before Rutherford Scattering [  5.20893281   1.80037015   3.68645616   1.41568603   3.71994584
  -0.45583635  -1.52204521  -3.71995862  -4.56210444 -10.18652492]_[ 1.35846973  2.08553739 -1.41315246  0.83228929  1.02793101 -2.54626802
  4.00001041 -1.49137105  4.313466    2.14500685] 

Minimum Distance Within Rutherford Scattering 4.2 

Converging After Rutherford Scattering [  7.6935219    2.03096885   4.62692693   0.48780208   4.42839721
  -0.71485803  -1.77334912  -4.81362262  -5.64423254 -10.9366332 ]_[ 2.03583572  4.11685568 -3.15252184  0.09802429  1.05081003 -4.01992504
  5.06704755 -1.9980358   4.96054528  2.15328331] 

drones next lat [48.33585492 48.3358732  48.33580801 48.33583692 48.33584581 48.33579978
 48.33588145 48.33581765 48.33588018 48.33585451] drones next lon [14.32674756 14.32667092 14.3267068  14.32665057 14.32670363 14.32663483
 14.32661947 14.32657929 14.32656726 14.32649618] 
WayPoint_Count 62 

Leader Index 4 

Leader Contour 244.0 

Contour Threshold 175 

Converging Before Rutherford Scattering [ 5.8395262   3.45818904  3.65719561  1.56350423  3.77358128  0.67362738
 -0.96891811 -2.33107586 -4.74171807 -8.3612344 ]_[ 0.46003601  1.56057582 -1.63819621  1.064127    0.29502163 -3.61514926
  4.46529953 -0.55916088  3.96364196  1.19590635] 

Minimum Distance Within Rutherford Scattering 4.2 

Converging After Rutherford Scattering [ 8.16158321  4.20176248  4.38014932  0.54885764  4.36979248  0.16954192
 -1.07670355 -3.32460616 -5.56443607 -9.30326397]_[ 0.62387846  3.84163802 -3.6810573   1.27495812 -0.10045799 -5.02710399
  5.72041221 -1.11177315  4.63230671  1.01930087] 

drones next lat [48.33584226 48.33587089 48.33580323 48.33584752 48.33583544 48.33579079
 48.33588738 48.33582574 48.33587724 48.33584444] drones next lon [14.32675405 14.32670024 14.32670354 14.32665125 14.32670297 14.32664688
 14.32662879 14.32659927 14.32656837 14.32651835] 
WayPoint_Count 63 

Leader Index 4 

Leader Contour 264.5 

Contour Threshold 175 

Converging Before Rutherford Scattering [ 6.73548245  3.54859038  4.26904555  2.70597373  4.72132884  1.11508923
  0.93320916 -0.47865302 -4.75797536 -8.28380283]_[ 1.09131321  1.16902792 -2.67550417 -0.36378027 -1.03663222 -2.5691511
  3.49452084 -0.3459535   3.81437941  1.08318198] 

Minimum Distance Within Rutherford Scattering 4.2 

Converging After Rutherford Scattering [ 8.57824348  4.1759677   4.94504562  2.16508449  6.37993638  0.20088673
  0.4975969  -1.9951649  -5.31543103 -9.12387725]_[ 1.92118931  2.91603924 -4.90515854 -0.52514106 -1.40230578 -4.34115129
  4.95147379 -0.34208226  4.49136882  0.89716987] 

drones next lat [48.33585396 48.33586256 48.33579227 48.33583145 48.33582389 48.33579696
 48.33588059 48.33583277 48.33587599 48.33584335] drones next lon [14.32675951 14.3267     14.3267113  14.32667327 14.32673025 14.32664722
 14.32665013 14.32661712 14.32657175 14.32652079] 
WayPoint_Count 64 

Leader Index 4 

Leader Contour 234.5 

Contour Threshold 175 

Converging Before Rutherford Scattering [ 6.49493765  4.64615937  6.56751578  4.81142773  6.27249924  1.45649993
  2.44677814 -0.10729548 -3.95083489 -6.81362469]_[ 0.45235371  2.03313038 -3.55732197 -1.65806548 -2.39651766 -4.31695985
  4.29092592  0.40209059  2.68447105  1.54706279] 

Minimum Distance Within Rutherford Scattering 4.2 

Converging After Rutherford Scattering [ 8.22452137  4.80156802  7.46555891  3.79100349  7.76278994  0.74571657
  2.04215641 -0.75657585 -4.29082453 -7.96185156]_[ 1.36793574  3.07375794 -5.92597374 -1.89156793 -2.40847312 -5.43022852
  5.71666584  0.27170787  3.35871893  1.34862649] 

drones next lat [48.33584896 48.33586403 48.33578328 48.33581928 48.33581495 48.33578721
 48.33588759 48.33583839 48.33586588 48.33584751] drones next lon [14.32675481 14.32670842 14.32674543 14.32669537 14.32674902 14.3266547
 14.32667088 14.32663376 14.32658571 14.32653641] 
WayPoint_Count 65 

Leader Index 4 

Leader Contour 266.5 

Contour Threshold 175 

Converging Before Rutherford Scattering [ 8.89132072  5.61184364  8.21832466  5.84127779  8.69351204  2.02413649
  2.5412594   2.06119581 -3.1084766  -6.5603635 ]_[-1.03292657  0.32393719 -4.74456728 -3.14743273 -2.77420032 -3.80969271
  3.32335371  0.08621818  1.71232083  0.04460525] 

Minimum Distance Within Rutherford Scattering 4.2 

Converging After Rutherford Scattering [10.24759187  5.90155594  8.76673327  5.40204864 10.12134461  1.12158528
  2.39934363  1.30120898 -3.57070056 -7.47668119]_[ 0.44980499  1.26555907 -6.75958079 -3.79990986 -3.21390124 -4.83583758
  4.70651721  0.13197438  2.19505513 -0.15806578] 

drones next lat [48.33584086 48.33584785 48.33577589 48.33580224 48.33580789 48.33579259
 48.33587853 48.33583729 48.33585547 48.33583399] drones next lon [14.32678221 14.32672348 14.32676309 14.32671734 14.32678094 14.32665971
 14.32667582 14.32666154 14.32659556 14.32654314] 
WayPoint_Count 66 

Leader Index 4 

Leader Contour 257.5 

Contour Threshold 175 

Converging Before Rutherford Scattering [10.15858149  8.23041084  9.19016144  6.38868933 10.62470449  2.33372451
  3.49189661  2.18471704 -2.50443384 -4.55540404]_[-0.54921135 -0.47876537 -5.84820745 -3.49210913 -2.34982438 -3.82671606
  2.32168362 -0.74136044  2.06834353 -0.81015093] 

Minimum Distance Within Rutherford Scattering 4.2 

Converging After Rutherford Scattering [11.6190848   7.78443585  9.66599651  6.19085163 12.0226452   1.61046432
  3.50971197  1.6000015  -2.99730071 -5.46284322]_[ 0.82439032  0.33984271 -7.19954836 -4.17205662 -3.18157112 -4.95152728
  3.55047104 -0.56138535  2.84748723 -1.20242054] 

drones next lat [48.33584434 48.33583967 48.335772   48.33579896 48.33580833 48.33579159
 48.33586822 48.33583108 48.33586138 48.33582475] drones next lon [14.32680067 14.32674899 14.32677527 14.32672802 14.32680659 14.32666632
 14.32669093 14.32666565 14.32660322 14.32657043] 
WayPoint_Count 67 

Leader Index 4 

Leader Contour 337.0 

Contour Threshold 175 

Converging Before Rutherford Scattering [12.37993774  9.14254982 10.32588884  7.57859184 11.18731403  3.09396105
  4.45968729  2.58099793 -0.60560606 -2.93624049]_[-0.33730729 -1.92192328 -6.41040909 -4.64890499 -2.63182406 -3.74363598
  3.09546657 -1.33358501  1.25801492 -0.58524204] 

Minimum Distance Within Rutherford Scattering 4.2 

Converging After Rutherford Scattering [13.52799454  8.77633988 11.01094349  7.16693223 12.48020761  2.52495464
  4.61661032  2.31349633 -1.0897048  -4.12069225]_[ 0.80739512 -1.0789706  -7.73520058 -5.50661722 -3.19493045 -4.94599867
  4.07386822 -0.93398106  2.18954749 -0.9344625 ] 

drones next lat [48.33584433 48.33582699 48.33576729 48.33578703 48.33580825 48.33579171
 48.33587302 48.33582778 48.33585561 48.33582727] drones next lon [14.32682643 14.32676254 14.32679348 14.32674135 14.32681277 14.32667865
 14.32670581 14.32667533 14.32662904 14.32658851] 
WayPoint_Count 68 

Leader Index 4 

Leader Contour 352.0 

Contour Threshold 175 

Converging Before Rutherford Scattering [12.25421644 10.57909965 12.62069181  8.55168484 11.67858312  5.25036708
  7.0674827   4.85279477  0.91562383 -2.00657354]_[-1.76873906 -3.0688677  -5.72273654 -5.60214655 -3.79275832 -5.25450393
  2.52848061 -0.55855719  0.46266861 -2.1954988 ] 

Minimum Distance Within Rutherford Scattering 4.2 

Converging After Rutherford Scattering [13.63152314  9.60304097 13.88583066  8.33347115 12.94549229  4.25232315
  7.24437286  4.53158922  0.23987077 -2.90354353]_[-0.18144237 -2.25769841 -7.50831571 -6.86560106 -4.14027129 -5.95322312
  3.66076442 -0.34701833  1.13139934 -2.51125234] 

drones next lat [48.33583545 48.33581645 48.33576955 48.3357749  48.33579978 48.33578278
 48.33586951 48.33583324 48.3358462  48.33581318] drones next lon [14.32682794 14.32677384 14.32683224 14.32675725 14.32681916 14.32670208
 14.32674131 14.32670518 14.3266471  14.32660512] 
WayPoint_Count 69 

Leader Index 4 

Leader Contour 396.5 

Contour Threshold 175 

Converging Before Rutherford Scattering [13.92019919 11.67498094 13.71881751 11.01870538 12.41067638  7.16708547
  7.89052563  5.36607157  1.40086764 -1.89560643]_[-1.37561448 -4.18340229 -6.51069507 -5.58002065 -4.98523989 -5.25444564
  2.89154704 -1.01971432 -0.36237422 -2.90678618] 

Minimum Distance Within Rutherford Scattering 4.2 

Converging After Rutherford Scattering [14.9804295  11.01823681 15.27164009 10.13432534 13.92804574  6.17761065
  7.98101631  5.13517707  0.75056953 -2.70472776]_[-0.27677516 -2.61324647 -8.27608618 -7.22514102 -5.03077075 -5.88192333
  3.82619442 -0.74098903  0.14863194 -3.21664011] 

drones next lat [48.3358347  48.33581336 48.33576276 48.3357718  48.33579185 48.33578358
 48.33587105 48.33582974 48.3358374  48.33580685] drones next lon [14.32684616 14.32679297 14.32685103 14.32678159 14.32683252 14.32672805
 14.32675123 14.32671337 14.32665411 14.32660789] 
WayPoint_Count 70 

Leader Index 4 

Leader Contour 352.0 

Contour Threshold 175 

Converging Before Rutherford Scattering [14.28476782 11.93602739 15.47391191 12.67732355 14.31396771  8.89924784
  9.74941435  6.26313806  1.84591903 -1.61715474]_[-3.1941912  -4.67549589 -6.68175986 -6.80775359 -4.10823932 -4.98400326
  1.40884604 -0.87514608  0.05981979 -3.86806785] 

Minimum Distance Within Rutherford Scattering 4.2 

Converging After Rutherford Scattering [15.0991593  11.36110192 17.04496686 12.37029902 15.58555328  7.67246312
  9.90252181  5.81178912  1.19297684 -2.21426835]_[-0.94955496 -4.30138262 -7.96854377 -8.62939051 -4.50898153 -5.59612596
  2.42659071 -0.58338374  0.52523935 -4.1404582 ] 

drones next lat [48.33582865 48.3357982  48.33576566 48.33575935 48.33579667 48.33578627
 48.33585861 48.33583121 48.33584082 48.33579858] drones next lon [14.32684784 14.3267978  14.32687492 14.32681193 14.32685482 14.32674818
 14.32677732 14.32672248 14.32666003 14.32661461] 
WayPoint_Count 71 

Leader Index 6 

Leader Contour 316.0 

Contour Threshold 175 

Converging Before Rutherford Scattering [12.88747641  9.97907453 15.33040394 11.23965316 14.62334278  8.01272796
  8.9441404   8.10378542  2.43113867 -0.62428751]_[-0.70509397 -2.63260491 -5.50692994 -7.39648011 -2.00976832 -4.64991567
  2.14109978  1.33413306  1.65009227 -2.20174359] 

Minimum Distance Within Rutherford Scattering 4.2 

Converging After Rutherford Scattering [13.23880055  9.96415729 16.25950827 11.29424293 16.13073728  6.9671185
  9.66204076  6.90396776  1.80766166 -1.30077923]_[ 0.36908508 -2.76939363 -6.35683687 -8.54372012 -1.97955579 -5.53811618
  3.93944789  1.22660228  2.15150796 -2.47623202] 

drones next lat [48.33584037 48.33581188 48.3357801  48.33576003 48.33581947 48.33578673
 48.3358722  48.33584758 48.3358555  48.33581362] drones next lon [14.32682258 14.32677877 14.32686413 14.3267974  14.32686188 14.32673866
 14.3267739  14.32673701 14.32666813 14.32662674] 
WayPoint_Count 72 

Leader Index 2 

Leader Contour 264.5 

Contour Threshold 175 

Converging Before Rutherford Scattering [14.71546162 11.51463404 15.77510706 13.69946834 15.48795574  8.16837564
 10.57746936  9.08449809  3.8618423  -0.05840734]_[-0.70171196 -4.74193538 -7.23168284 -6.91934305 -3.2661122  -6.32543318
  3.2420165  -0.8119314   2.08056388 -2.20410932] 

Minimum Distance Within Rutherford Scattering 4.2 

Converging After Rutherford Scattering [15.21747151 11.16309124 17.26691172 13.37265188 16.60802062  7.24611947
 10.64647821  8.58346648  3.37277103 -0.65057732]_[ 0.44177841 -4.65658724 -8.15503312 -8.10347356 -3.27716175 -7.06528219
  4.23353485 -0.52216902  2.57153419 -2.34681951] 

drones next lat [48.33584118 48.33579499 48.335764   48.33576416 48.33580783 48.33577301
 48.33587493 48.33583198 48.3358594  48.33581484] drones next lon [14.32684927 14.32679517 14.32687794 14.32682539 14.32686847 14.32674261
 14.32678715 14.32675987 14.3266892  14.3266355 ] 
WayPoint_Count 73 

Leader Index 6 

Leader Contour 230.5 

Contour Threshold 175 

Converging Before Rutherford Scattering [14.58739115 11.01001287 15.44143657 13.63630408 14.9077799   6.94737631
 11.56232843  8.7869697   5.09642595  0.45010133]_[ 1.30241447 -3.65926891 -5.92142682 -5.43176126 -0.82110281 -4.66619659
  3.83201477  0.50700836  3.9911462  -2.11877515] 

Minimum Distance Within Rutherford Scattering 4.2 

Converging After Rutherford Scattering [15.33540166 10.5585579  17.0251525  13.35927569 15.85518248  6.15752503
 11.52652324  8.29029423  4.49058238 -0.17236884]_[ 2.46621045 -3.79641963 -6.81629494 -6.38536125 -1.2312943  -5.31978495
  4.94859485  0.74538072  4.60385804 -2.2008367 ] 

drones next lat [48.3358594  48.33580268 48.33577603 48.33577961 48.33582618 48.33578863
 48.33588143 48.33584336 48.33587777 48.33581619] drones next lon [14.32685062 14.32678691 14.32687452 14.32682501 14.32685807 14.32672771
 14.32679894 14.32675577 14.32670404 14.32664194] 
WayPoint_Count 74 

Leader Index 5 

Leader Contour 265.5 

Contour Threshold 175 

Converging Before Rutherford Scattering [14.8091981   8.64292233 15.67348887 12.3722431  14.89788528  6.97616822
  9.6865293   6.62817621  5.79898442  1.75635899]_[ 1.12593385 -3.45094337 -7.32034997 -6.22328059 -2.47267768 -4.74548247
  3.58355375 -1.08956463  2.41866403 -4.07570693] 

Minimum Distance Within Rutherford Scattering 4.2 

Converging After Rutherford Scattering [15.44434485  9.28596437 16.61312984 12.34240506 15.67156699  6.10024198
  9.97374907  5.99232028  5.00591206  0.81232033]_[ 1.93953728 -3.39341293 -8.09194651 -7.02155576 -2.50026459 -6.01529393
  4.48571671 -0.73253987  3.38663027 -4.30672469] 

drones next lat [48.33585467 48.33580621 48.33576452 48.33577381 48.33581475 48.33578237
 48.33587714 48.33582989 48.33586686 48.33579732] drones next lon [14.32685215 14.32676969 14.32686911 14.32681136 14.32685574 14.32672702
 14.32677804 14.32672494 14.32671114 14.32665547] 
WayPoint_Count 75 

Leader Index 6 

Leader Contour 329.0 

Contour Threshold 175 

Converging Before Rutherford Scattering [14.19841236  8.4796978  16.59008481 11.63225177 13.40835125  7.677332
 10.936183    8.15178799  7.66498458  1.81549986]_[ 1.95994982 -1.20292565 -5.90995795 -6.01435825 -0.90873386 -4.60459043
  4.75723271  0.53420631  3.11074464 -3.81996703] 

Minimum Distance Within Rutherford Scattering 4.2 

Converging After Rutherford Scattering [15.23782537  8.46711491 17.39611772 11.89583408 14.06569816  6.98855384
 11.27556668  7.52723514  6.67843389  1.02220561]_[ 2.73230661 -2.04090967 -6.38403299 -6.97577924 -1.28887168 -5.71717724
  5.94496943  1.11768561  4.52950443 -4.01609495] 

drones next lat [48.33586179 48.33581831 48.33577994 48.33577419 48.33582552 48.33578512
 48.33589037 48.33584665 48.33587728 48.33579995] drones next lon [14.32684927 14.32675848 14.32687947 14.32680533 14.32683393 14.32673897
 14.32679543 14.32674543 14.32673357 14.32665827] 
WayPoint_Count 76 

Leader Index 4 

Leader Contour 432.5 

Contour Threshold 175 

Converging Before Rutherford Scattering [13.69499871  9.71033526 16.89010368 13.56289855 13.30539526  9.31232353
 12.98727018 10.39026277  9.18629452  2.14494121]_[ 0.62937074 -1.10091705 -5.51861968 -5.40669289 -0.63930298 -3.87834869
  3.95251705  0.26085049  3.64219053 -4.15712859] 

Minimum Distance Within Rutherford Scattering 4.2 

Converging After Rutherford Scattering [15.28072055  8.33356062 18.06029755 13.62506643 14.00638932  8.58722019
 13.51615524 10.11084643  8.18723873  1.47732861]_[ 1.71586632 -1.64635803 -6.0537853  -6.53701097 -1.71677502 -5.35710331
  5.50512622  1.3090427   4.91654205 -4.35162573] 

drones next lat [48.33585264 48.33582185 48.33578297 48.33577827 48.33582166 48.33578849
 48.33588659 48.33584858 48.33588088 48.33579697] drones next lon [14.32684997 14.32675664 14.3268884  14.32682861 14.32683318 14.3267605
 14.32682571 14.32678027 14.32675388 14.32666445] 
WayPoint_Count 77 

Leader Index 4 

Leader Contour 405.0 

Contour Threshold 175 

Converging Before Rutherford Scattering [14.49372593  9.47615011 15.95703079 14.08052762 14.95558344 11.19296497
 13.97002015 10.83721894 10.33949146  3.95308847]_[ 0.83675692 -1.1562925  -3.91739038 -3.58859184 -2.03146617 -4.56734454
  4.4576702  -0.43951833  2.86028256 -4.79506528] 

Minimum Distance Within Rutherford Scattering 4.2 

Converging After Rutherford Scattering [15.40284423  7.57966106 17.8990192  13.88077027 16.2023223  10.29593746
 14.4317716  10.94213344  9.44276288  3.17857945]_[ 1.880517   -1.49394084 -5.2368194  -4.9004687  -1.56785957 -5.98829943
  5.91210583  0.03000304  4.15900407 -5.13520137] 

drones next lat [48.33585414 48.33582316 48.33579031 48.33579301 48.33582318 48.33578294
 48.33589033 48.33583714 48.33587416 48.33579006] drones next lon [14.3268516  14.32674645 14.32688612 14.32683187 14.3268628  14.32678363
 14.32683802 14.32679163 14.32677091 14.3266875 ] 
WayPoint_Count 78 

Leader Index 3 

Leader Contour 373.0 

Contour Threshold 175 

Converging Before Rutherford Scattering [14.8894651   9.87548817 14.90599087 13.05315515 15.73858198 12.80384326
 13.37601445 12.95432969  9.53014064  4.48511822]_[-1.06808392 -3.289004   -5.06819343 -5.46176471 -2.47521055 -4.60313808
  4.21459774 -1.84088874  2.97284371 -5.81230212] 

Minimum Distance Within Rutherford Scattering 4.2 

Converging After Rutherford Scattering [15.87360534  8.24601125 16.57910756 12.71483838 17.80080025 12.11128053
 13.70626663 12.20196493  8.68759209  3.69066056]_[ 0.65389293 -3.29445752 -6.40312589 -8.21948216 -2.61170494 -4.65048327
  5.35950236 -0.82861214  3.71049441 -6.14716788] 

drones next lat [48.33584314 48.33580702 48.33577971 48.33576306 48.33581391 48.33579512
 48.3358853  48.33582951 48.33587007 48.33578099] drones next lon [14.3268581  14.32675565 14.32686845 14.32681653 14.32688449 14.32680796
 14.3268283  14.32680873 14.32676078 14.32669452] 
WayPoint_Count 79 

Leader Index 5 

Leader Contour 319.5 

Contour Threshold 175 

Converging Before Rutherford Scattering [13.71764043 11.04969578 14.29766735 11.46855527 16.70270141 11.64565964
 13.8565035  11.60776841 10.06696888  4.66167455]_[-0.93041504 -4.35668514 -4.76502894 -5.83906503 -3.90628825 -3.76549899
  4.26975712 -1.99075632  1.07623166 -5.85840218] 

Minimum Distance Within Rutherford Scattering 4.2 

Converging After Rutherford Scattering [15.04714117  8.65596429 15.44147808 11.37116095 18.61609102 12.3706462
 14.21044107 10.68219334  8.96149558  3.71822351]_[ 0.1994162  -5.06201438 -6.08962352 -8.33939809 -3.89002077 -3.83754129
  5.38701417 -0.73897485  2.46362244 -6.158631  ] 

drones next lat [48.33583898 48.33579115 48.33578244 48.33576188 48.33580248 48.33580246
 48.33588559 48.3358302  48.33585887 48.33578089] drones next lon [14.326847   14.32676139 14.32685307 14.32679841 14.32689564 14.32681137
 14.3268351  14.32678822 14.32676462 14.3266949 ] 
WayPoint_Count 80 

Leader Index 5 

Leader Contour 338.0 

Contour Threshold 175 

Converging Before Rutherford Scattering [13.41499298 11.1409629  12.84001979 12.14011287 15.95443748 12.12136407
 14.55697662 10.64226358 10.7343164   6.17474387]_[-2.317376   -3.62524332 -4.75682948 -7.3289882  -4.62296307 -4.8059722
  4.10074876 -2.41651846  0.13380865 -6.49164892] 

Minimum Distance Within Rutherford Scattering 4.2 

Converging After Rutherford Scattering [14.64983056  9.76933792 14.63167633 12.25956315 18.14171011 11.12253634
 14.99530482  8.78928945 10.3150964   5.0458455 ]_[-0.97985365 -3.80184842 -5.36515277 -9.79809651 -4.92386159 -6.55516721
  5.04564093 -0.93041149  2.16546763 -6.98769915] 

drones next lat [48.33582834 48.33580257 48.33578889 48.33574883 48.33579314 48.33577791
 48.33588258 48.33582833 48.3358563  48.33577354] drones next lon [14.32684178 14.32677626 14.32684205 14.32681057 14.32688936 14.32679485
 14.32684573 14.3267627  14.32678292 14.32671291] 
WayPoint_Count 81 

Leader Index 6 

Leader Contour 298.5 

Contour Threshold 175 

Converging Before Rutherford Scattering [13.94616699 11.77419677 14.23685351 13.35495907 16.70412106 10.76405899
 14.03288186 10.71681788 12.6496793   5.42153921]_[ 0.44185709 -2.23616201 -2.48087001 -8.51156356 -2.46733137 -4.53021911
  5.31719581 -0.41661298  3.98923459 -5.0078616 ] 

Minimum Distance Within Rutherford Scattering 4.2 

Converging After Rutherford Scattering [14.80724628 11.29167296 14.98333965 13.63404755 18.62232667  9.91528507
 14.98442361  9.16992799 11.70603766  4.48696719]_[ 1.26843044 -2.49053982 -3.29972403 -9.60747445 -2.71259383 -5.92701477
  6.82371013  0.59038102  4.74945044 -5.29695828] 

drones next lat [48.33584858 48.33581449 48.3358075  48.33575065 48.33581307 48.33578347
 48.33589857 48.33584204 48.33587965 48.3357887 ] drones next lon [14.32684364 14.32679665 14.32684655 14.3268291  14.32689558 14.32677848
 14.32684537 14.32676766 14.32680138 14.32670517] 
WayPoint_Count 82 

Leader Index 6 

Leader Contour 333.0 

Contour Threshold 175 

Converging Before Rutherford Scattering [14.56683078 13.01573901 14.21726154 12.97951721 18.89387935 10.75122435
 15.92578265 10.5564129  12.63769992  5.59051639]_[ 4.22003176 -0.79230522 -0.65723188 -8.18892114 -0.66801895 -3.07322262
  6.4863036   3.05262738  5.16707284 -2.80654735] 

Minimum Distance Within Rutherford Scattering 4.2 

Converging After Rutherford Scattering [15.3690453  12.1147214  15.69668588 13.10883009 20.05871064 10.03471674
 16.90332003  9.28440328 11.85393167  4.71049906]_[ 4.08827906 -0.92497379 -1.06409524 -9.01470385 -0.91408122 -4.09608693
  7.84466692  3.24327464  6.5858501  -3.00834127] 

drones next lat [48.33587399 48.33582864 48.33582767 48.33575594 48.33582936 48.33579995
 48.33590791 48.33586591 48.33589618 48.33580931] drones next lon [14.32685088 14.32680757 14.32685591 14.32682194 14.32691475 14.32677988
 14.32687114 14.32676889 14.32680316 14.32670791] 
WayPoint_Count 83 

Leader Index 5 

Leader Contour 339.0 

Contour Threshold 175 

Converging Before Rutherford Scattering [14.98830449 10.07875354 14.72568801 12.49241167 17.154318   10.16463159
 16.81299336 10.02899148 11.42967704  5.77185583]_[ 3.11561646 -2.25350672 -1.39787875 -6.42246602 -1.58029111 -3.10456177
  6.53235298  2.09454794  5.61031716 -3.84832957] 

Minimum Distance Within Rutherford Scattering 4.2 

Converging After Rutherford Scattering [15.48289038  9.4338508  14.80907652 12.91721421 18.70760522  9.84429281
 17.51426499  9.22711459 11.05380395  4.65751154]_[ 3.41982999 -1.26319143 -1.65255278 -7.68917117 -1.94824084 -4.81394101
  7.44808094  2.68942211  6.76356155 -4.20799676] 

drones next lat [48.33586799 48.33582538 48.33582231 48.33576785 48.33581995 48.33579347
 48.33590439 48.33586093 48.33589772 48.33579851] drones next lon [14.3268525  14.32677144 14.32684401 14.3268192  14.32689664 14.32677739
 14.32687943 14.32676818 14.32679234 14.32670734] 
WayPoint_Count 84 

Leader Index 5 

Leader Contour 326.5 

Contour Threshold 175 

Converging Before Rutherford Scattering [15.24526127  8.6702291  14.08501599 11.70253854 17.30458273  9.09778678
 17.28719838  9.23502359 11.84478391  5.86786732]_[ 1.31846645 -3.36571018 -2.99643562 -7.29205185 -3.42955896 -4.14856237
  5.20002409 -0.29159642  4.82355284 -5.0706355 ] 

Minimum Distance Within Rutherford Scattering 4.2 

Converging After Rutherford Scattering [15.71798026  7.43878188 14.31034508 12.11387388 18.5523087   9.41405222
 17.94752921  8.86988708 11.52935618  4.44617313]_[ 1.64194587 -2.48684473 -3.20248275 -8.6197065  -3.85473616 -5.5774271
  5.95646853  0.89535737  5.72717716 -5.73225922] 

drones next lat [48.33585201 48.33581422 48.33580832 48.33575942 48.33580279 48.33578657
 48.335891   48.33584476 48.33588843 48.33578479] drones next lon [14.32685588 14.32674466 14.32683746 14.32680847 14.32689477 14.32677168
 14.32688545 14.32676357 14.32679888 14.32670467] 
WayPoint_Count 85 

Leader Index 2 

Leader Contour 283.5 

Contour Threshold 175 

Converging Before Rutherford Scattering [15.99684382  9.12451995 15.30462937 11.90910184 17.23779531 12.11233207
 18.19083774  9.55727365 12.69473117  5.64622188]_[-0.82594814 -3.6468444  -3.09571787 -6.47377902 -4.30006259 -5.14295919
  3.90605463 -0.72222036  4.63880918 -4.55980179] 

Minimum Distance Within Rutherford Scattering 4.2 

Converging After Rutherford Scattering [16.68362676  8.28027562 15.44062164 11.71708261 18.81416424 12.17357487
 18.85935282  8.99859871 12.46492233  4.34206723]_[ 0.23508586 -3.8481083  -3.25697205 -8.67713609 -5.2390801  -5.00075779
  4.61533288  0.37178179  5.48423516 -4.90685091] 

drones next lat [48.33583943 48.33580204 48.33580792 48.33575887 48.33579036 48.33579198
 48.33587901 48.33584006 48.33588632 48.3357922 ] drones next lon [14.32686908 14.32675618 14.32685272 14.32680312 14.32689847 14.32680884
 14.32689791 14.32676537 14.32681153 14.32670317] 
WayPoint_Count 86 

Leader Index 5 

Leader Contour 328.5 

Contour Threshold 175 

Converging Before Rutherford Scattering [14.37941318 10.8872919  12.74203922 12.96325377 17.6805608  11.66767283
 18.24416172  9.58583593 12.90813354  7.02875503]_[-1.32642856 -5.14034733 -3.84192322 -6.71579828 -5.66893134 -4.13816686
  3.8233942  -2.25272019  4.3517447  -4.20401437] 

Minimum Distance Within Rutherford Scattering 4.2 

Converging After Rutherford Scattering [15.25361788  9.46275651 14.5028298  13.609522   18.87899973 10.98472575
 18.90854108  8.42865851 12.67694347  5.38052318]_[-0.15383222 -7.10535529 -3.88072676 -8.54765017 -6.13923074 -3.59694875
  4.3631799  -0.79666519  5.22723697 -4.483199  ] 

drones next lat [48.33583582 48.33577283 48.33580224 48.33576018 48.33578226 48.33580451
 48.33587675 48.3358295  48.33588403 48.3357961 ] drones next lon [14.32684983 14.32677252 14.32684014 14.32682864 14.32689945 14.32679264
 14.32689861 14.32675782 14.32681442 14.32671713] 
WayPoint_Count 87 

Leader Index 5 

Leader Contour 365.0 

Contour Threshold 175 

Converging Before Rutherford Scattering [12.90484589  9.30345217 12.76786525 12.06487188 17.36645311 11.70524401
 18.24125037  8.92355483 13.26287444  8.1154497 ]_[-0.79895457 -4.97476095 -2.75392961 -7.57472705 -6.44647356 -2.90351279
  2.27720788 -2.7950193   3.5339268  -3.52026452] 

Minimum Distance Within Rutherford Scattering 4.2 

Converging After Rutherford Scattering [13.33982259  8.67081785 14.85694335 12.385092   18.31890424 11.23085712
 19.10264807  8.03202474 13.18858213  5.53016957]_[ 0.62920038 -6.67758158 -3.28583231 -9.02467894 -7.01006985 -3.18380375
  2.72395261 -0.99483702  4.8234851  -3.95634233] 

drones next lat [48.33584272 48.33577662 48.33580762 48.33575579 48.33577439 48.33580825
 48.33586202 48.33582769 48.33588044 48.33580085] drones next lon [14.32682391 14.32676178 14.32684485 14.32681217 14.326892   14.32679591
 14.32690142 14.32675249 14.32682138 14.32671908] 
WayPoint_Count 88 

Leader Index 5 

Leader Contour 318.5 

Contour Threshold 175 

Converging Before Rutherford Scattering [13.37154384  8.92142665 12.67184463 12.97940363 17.14810282 12.14537088
 16.76734187  9.92058024 13.59979862  7.92313827]_[-1.09722833 -5.42806218 -2.24700925 -6.87395053 -6.86804737 -2.77924895
  2.20076436 -1.15304504  2.41742779 -4.59936114] 

Minimum Distance Within Rutherford Scattering 4.2 

Converging After Rutherford Scattering [14.50113515  8.50702299 14.11202093 13.31809838 18.19979172 11.04276923
 18.10848894  8.5998457  13.24643     5.81294839]_[ 0.41018882 -7.20175545 -2.71699055 -8.28455327 -7.43665918 -3.96272492
  2.93734853  0.03200558  4.10271076 -4.30733096] 

drones next lat [48.33584084 48.33577189 48.33581267 48.33576253 48.33577054 48.33580123
 48.33586386 48.33583697 48.33587396 48.33579771] drones next lon [14.32683961 14.32675963 14.32683473 14.32682468 14.32689044 14.32679346
 14.32688798 14.32676003 14.32682224 14.32672294] 
WayPoint_Count 89 

Leader Index 5 

Leader Contour 402.5 

Contour Threshold 175 

Converging Before Rutherford Scattering [13.49475705 10.53722809 12.22562506 12.41964325 17.35618164 11.24895021
 16.83481643 10.28531229 13.5869577   6.94814082]_[-0.1863416  -6.23048837 -2.46970102 -7.51427889 -6.85787379 -4.94123879
  2.52757156 -2.44090774  1.67625442 -3.6663466 ] 

Minimum Distance Within Rutherford Scattering 4.2 

Converging After Rutherford Scattering [14.469495    8.92505819 13.05496146 13.2172691  18.36173995 11.50825387
 18.04761495  8.85702139 13.18561841  5.31058021]_[ 0.25801393 -7.93958446 -2.48932332 -9.2284869  -7.29251065 -5.33104016
  3.2978383  -1.33932414  3.67223635 -3.71116976] 

drones next lat [48.33583947 48.33576528 48.33581464 48.33575403 48.33577185 48.33578895
 48.33586709 48.33582465 48.33587008 48.33580304] drones next lon [14.3268392  14.32676536 14.32682044 14.32682343 14.32689261 14.32679991
 14.32688712 14.32676366 14.32682147 14.32671609] 
WayPoint_Count 90 

Leader Index 5 

Leader Contour 360.5 

Contour Threshold 175 

Converging Before Rutherford Scattering [14.26440993 11.32390559 13.05099716 13.39550566 17.07871797 10.68672534
 16.81290308 10.67287659 13.71132212  6.25245573]_[-2.19134972 -6.64816602 -4.55158277 -7.58878959 -7.51076338 -5.90120757
  2.70350425 -2.30044527  1.25405769 -4.33398713] 

Minimum Distance Within Rutherford Scattering 4.2 

Converging After Rutherford Scattering [15.46313913 10.715245   13.63634624 14.34594039 18.45484451  8.95289514
 17.7454666   9.72337392 13.35771069  4.85485755]_[-1.51090543 -8.70679932 -4.62000504 -9.21156803 -8.01919663 -5.62718029
  3.57825219 -1.16993834  2.48403972 -4.26542833] 

drones next lat [48.33582363 48.33575852 48.33579552 48.33575427 48.33576532 48.33578609
 48.33586959 48.33582625 48.3358594  48.33579801] drones next lon [14.32685282 14.32678961 14.32682854 14.32683865 14.32689395 14.32676546
 14.32688301 14.32677533 14.32682393 14.32671001] 
WayPoint_Count 91 

Leader Index 2 

Leader Contour 289.5 

Contour Threshold 175 

Converging Before Rutherford Scattering [13.60855829 12.43918056 13.25009026 13.22570103 17.59023821 11.80354322
 17.83348526 12.17528961 13.09085337  7.18078883]_[-3.77569041 -6.25184681 -3.69761342 -6.65526112 -6.22785817 -4.76133033
  1.61314736 -2.18576833 -0.45293765 -5.29094857] 

Minimum Distance Within Rutherford Scattering 4.2 

Converging After Rutherford Scattering [16.36316848 11.08574536 13.03144461 14.71024805 19.14413802  9.70590617
 18.66556925 10.32194585 13.52684062  5.64272221]_[-3.66190767 -8.32172063 -3.23326358 -8.75435718 -6.86576581 -4.87743856
  2.38396188 -0.49803658  1.67564506 -5.53322437] 

drones next lat [48.33580435 48.33576202 48.33580794 48.33575841 48.33577575 48.33579289
 48.33585892 48.33583234 48.33585214 48.33578667] drones next lon [14.32686521 14.32679456 14.32682021 14.32684351 14.32690312 14.32677553
 14.32689556 14.32678333 14.32682631 14.32672079] 
WayPoint_Count 92 

Leader Index 5 

Leader Contour 381.5 

Contour Threshold 175 

Converging Before Rutherford Scattering [15.14637431 10.91705864 12.09413091 12.84744679 17.98151997 10.31355377
 16.74722708 10.23216266 13.06653917  6.8546464 ]_[-4.68181039 -7.28325809 -3.60191309 -8.48898722 -7.0608417  -4.08323179
  2.05587181 -1.4965243  -0.88917044 -5.861513  ] 

Minimum Distance Within Rutherford Scattering 4.2 

Converging After Rutherford Scattering [16.35421579 10.06918977 12.68352323 13.56008479 19.21149889  8.93975108
 17.48056651  8.99814383 13.59757781  5.30610801]_[ -4.67314839  -8.42638738  -3.55262057 -10.04876393  -7.70675795
  -4.19307665   2.91264731   0.0496816    0.51831301  -6.27126526] 

drones next lat [48.33579525 48.33576099 48.33580504 48.33574667 48.33576819 48.33579899
 48.33586358 48.33583716 48.33584174 48.33578   ] drones next lon [14.32686521 14.32678086 14.32681555 14.32682815 14.32690412 14.32676512
 14.32687951 14.3267654  14.3268274  14.32671634] 
WayPoint_Count 93 

Leader Index 5 

Leader Contour 328.5 

Contour Threshold 175 

Converging Before Rutherford Scattering [15.15675029  9.65071028  9.86734604 11.34002542 17.96481011  9.57019858
 16.37694891  8.86170627 13.12700511  7.57808088]_[-5.14610963 -7.489257   -4.42492324 -8.28565116 -7.82306478 -3.41684476
  0.73253017 -0.95607787 -1.25720166 -6.1226374 ] 

Minimum Distance Within Rutherford Scattering 4.2 

Converging After Rutherford Scattering [15.97307032  8.73237459 10.49964998 12.39821112 18.97386257  8.69867595
 17.29103099  7.87267076 13.50747357  5.54656204]_[-5.14923379 -8.95573201 -5.1554865  -9.8482902  -8.46548448 -2.32374585
  1.59124262  0.96033161 -0.43142186 -6.41141687] 

drones next lat [48.33579094 48.33575613 48.33579045 48.33574839 48.33576134 48.33581578
 48.33585168 48.33584526 48.33583319 48.33577876] drones next lon [14.32686013 14.32676288 14.32678628 14.32681245 14.32690101 14.32676164
 14.32687711 14.32675011 14.3268263  14.3267196 ] 
WayPoint_Count 94 

Leader Index 5 

Leader Contour 353.0 

Contour Threshold 175 

Converging Before Rutherford Scattering [14.77807711  8.93886095  8.77045625 10.58487741 17.90354747  8.47228595
 14.66103663  9.32930354 12.64500486  6.92531218]_[-3.68212825 -7.93200746 -2.71302137 -8.41876915 -8.20237198 -1.34970911
  1.34840781 -0.73137793 -1.1112398  -3.84009333] 

Minimum Distance Within Rutherford Scattering 4.2 

Converging After Rutherford Scattering [15.81645783  7.74600592  9.20166142 11.54830065 18.61108703  6.34551515
 15.63066736  9.7730839  13.2870148   5.04896827]_[-4.1160228  -8.81830642 -3.65824253 -9.57537194 -8.72619466 -0.21310304
  2.56144978  1.27672384 -0.84259512 -4.52064768] 

drones next lat [48.33580022 48.33575728 48.33580382 48.33575077 48.33575897 48.33583459
 48.33586028 48.33584826 48.33582947 48.33579573] drones next lon [14.32685789 14.32674956 14.32676859 14.32680095 14.32689614 14.32672964
 14.32685459 14.32677571 14.32682337 14.32671266] 
WayPoint_Count 95 

Leader Index 5 

Leader Contour 379.0 

Contour Threshold 175 

Converging Before Rutherford Scattering [13.57025178  6.56281853  7.57064757 10.33940798 16.16685996  7.32412302
 14.55722355  7.07082546 10.70842491  6.34304843]_[-2.43621164 -7.35133033 -3.05358692 -6.85576367 -6.98742056 -0.00736864
  2.52701242  0.97596195  0.14779277 -1.90910316] 

Minimum Distance Within Rutherford Scattering 4.2 

Converging After Rutherford Scattering [14.52638758  5.74559312  7.84720245 10.79854364 16.93442962  7.44228303
 15.38396081  6.03225165 11.38720331  4.11577596]_[-2.62315331 -8.44676986 -4.08516695 -7.8537937  -7.54662868  0.12785218
  3.36679448  3.39690525  0.86548392 -2.1515411 ] 

drones next lat [48.33581355 48.33576047 48.33579987 48.3357662  48.33576945 48.33583774
 48.3358675  48.33586704 48.33584469 48.33581697] drones next lon [14.32684031 14.32672252 14.32675036 14.32679063 14.32687338 14.3267444
 14.32685117 14.32672499 14.32679754 14.32669979] 
WayPoint_Count 96 

Leader Index 5 

Leader Contour 366.0 

Contour Threshold 175 

Converging Before Rutherford Scattering [11.66409455  5.55588221  6.86123271 10.85194431 16.28884817  6.80017148
 14.31338062  6.48293052  8.44272841  6.70374832]_[-1.83492676 -7.30089618 -1.48724491 -6.56993155 -5.87387711  0.8944634
  1.98738611  0.62054642  0.70391522 -0.67476894] 

Minimum Distance Within Rutherford Scattering 4.2 

Converging After Rutherford Scattering [12.60228173  4.91843788  6.72903771 11.13712392 17.09278805  6.90042931
 15.23099347  3.35583869  9.98857207  6.00945847]_[-2.14072736 -8.24429467 -3.92830729 -7.54522809 -6.26534212  3.75137016
  2.67517336  1.53211539  1.43543828 -0.80553194] 

drones next lat [48.33581774 48.33576222 48.33580119 48.335769   48.33578099 48.33587029
 48.33586127 48.33585005 48.3358497  48.33582923] drones next lon [14.32681429 14.32671134 14.32673526 14.32679516 14.32687537 14.32673666
 14.32684919 14.3266891  14.3267786  14.32672518] 
WayPoint_Count 97 

Leader Index 5 

Leader Contour 341.5 

Contour Threshold 175 

Converging Before Rutherford Scattering [11.50338981  4.46831131  6.09269355 10.67544155 16.39271182  7.75435652
 13.44018677  4.72546903  9.335547    6.80374714]_[-1.65994157 -5.64050867 -2.66111821 -4.70197916 -5.55077166  3.23097769
  1.95016133  3.53898073  2.31420116  2.0691565 ] 

Minimum Distance Within Rutherford Scattering 4.2 

Converging After Rutherford Scattering [12.16166292  3.68851184  5.58417072 10.79740813 17.11738305  7.78005494
 14.71578721  3.12527371 10.36308903  5.85851296]_[-1.86829854 -6.65369776 -2.98335062 -5.91093187 -5.98870937  5.35176838
  2.55188465  4.48717302  2.53157312  1.37174715] 

drones next lat [48.33582016 48.33577644 48.3358096  48.33578368 48.33578348 48.33588476
 48.33586012 48.33587662 48.33585959 48.33584881] drones next lon [14.32680831 14.32669456 14.3267197  14.32679038 14.32687567 14.32674834
 14.32684225 14.32668564 14.32678352 14.32672288] 
WayPoint_Count 98 

Leader Index 5 

Leader Contour 326.5 

Contour Threshold 175 

Converging Before Rutherford Scattering [10.89784359  5.27125892  7.09133276 11.17140694 15.2504142   7.47307497
 12.14591934  6.04078789  9.18715699  7.68512003]_[ 0.81556558 -4.41282938 -0.98079132 -3.52615783 -3.64152132  6.30348435
  3.99939571  5.1672461   4.99102487  2.88291039] 

Minimum Distance Within Rutherford Scattering 4.2 

Converging After Rutherford Scattering [11.6511777   4.5241701   6.42027074 11.33669393 16.2184204   7.17864891
 13.74384715  4.10265848  9.99077389  7.04765434]_[ 0.3878608  -5.3865887  -1.55685018 -4.54924504 -4.09010847  8.42192223
  4.56435288  5.51240043  5.82734843  2.46723478] 

drones next lat [48.33584041 48.3357879  48.3358225  48.33579597 48.33580049 48.33591233
 48.33587815 48.33588592 48.33588921 48.33585875] drones next lon [14.32680116 14.32670568 14.32673081 14.3267975  14.32686331 14.32673986
 14.3268289  14.3266987  14.32677811 14.3267388 ] 
WayPoint_Count 99 

Leader Index 5 

Leader Contour 357.5 

Contour Threshold 175 

Converging Before Rutherford Scattering [11.63551844  5.89900026  5.57283026 10.23148327 16.04714575  6.34021884
 12.77057661  6.32425634  7.78926058  6.74079722]_[ 2.42492493 -3.49634897  0.39272666 -3.51377596 -2.46402647  8.96693142
  4.91735478  6.24703788  7.86531058  3.53031695] 

Minimum Distance Within Rutherford Scattering 4.2 

Converging After Rutherford Scattering [12.0825015   5.34210079  4.66146133 10.57523311 16.7435451   5.34229089
 13.83167621  5.09167396  9.01995127  6.66065341]_[ 1.88385116 -4.49362544 -0.12180111 -4.27060638 -2.81127686 10.68215439
  5.70300156  6.44715766  8.6967199   3.15487691] 

drones next lat [48.3358539  48.335796   48.33583527 48.33579842 48.33581203 48.33593252
 48.3358884  48.3358944  48.33591495 48.33586491] drones next lon [14.3268068  14.32671661 14.32670691 14.32678719 14.32687025 14.32671482
 14.32682995 14.32671194 14.32676467 14.3267335 ] 
WayPoint_Count 100 

Leader Index 5 

Leader Contour 385.5 

Contour Threshold 175 

Converging Before Rutherford Scattering [11.12433018  6.32702849  5.74414859  8.95859449 16.44240253  4.34483845
 12.26191951  4.24670326  8.21587534  5.41866161]_[ 4.43762961 -2.32051628  2.16464608 -2.08949164 -1.14022204 10.61081986
  7.70268677  8.71273995  9.94073448  4.68276679] 

Minimum Distance Within Rutherford Scattering 4.2 

Converging After Rutherford Scattering [11.62633534  5.48468293  5.32102254  9.74351412 16.99377584  3.7778241
 13.19027748  3.3019202   8.66995706  4.97519285]_[ 4.06478644 -3.27165255  1.38393382 -2.73736408 -1.40888513 12.22415103
  8.30912063  8.47024277 10.73818985  4.92927079] 

drones next lat [48.33587349 48.335807   48.33584887 48.33581215 48.33582467 48.33594627
 48.33591179 48.33591246 48.33593329 48.33588074] drones next lon [14.32680039 14.32671839 14.32671563 14.32677579 14.32687346 14.32669352
 14.32682099 14.32668755 14.32675971 14.32671054] 
WayPoint_Count 101 

Leader Index 5 

Leader Contour 335.5 

Contour Threshold 175 

Converging Before Rutherford Scattering [ 9.51730416  5.8855758   5.60929119  9.92289836 16.51662508  2.91665123
 10.60969294  2.7803497   7.18098616  5.65094483]_[ 6.19751831 -0.49897008  2.54242598 -1.27119065  0.43074627 11.71583883
  8.3980129  11.08863587 10.41412213  6.92760924] 

Minimum Distance Within Rutherford Scattering 4.2 

Converging After Rutherford Scattering [10.05819565  5.37766007  5.04792463 10.42657364 17.07747391  2.68440669
 11.841799    1.51691343  7.48558867  5.07378377]_[ 5.52488075 -1.62969615  2.37139737 -1.95267779  0.24969241 13.81279018
  9.21730161 10.14476558 11.39979456  6.8065003 ] 

drones next lat [48.3358865  48.33582177 48.33585773 48.33581926 48.3358396  48.33596047
 48.33591986 48.33592738 48.33593915 48.33589763] drones next lon [14.32677906 14.32671675 14.32671183 14.32678491 14.32687439 14.32667858
 14.32680268 14.32666327 14.32674365 14.32671165] 
WayPoint_Count 102 

Leader Index 5 

Leader Contour 322.0 

Contour Threshold 175 

Converging Before Rutherford Scattering [ 9.51400207  4.62224239  3.92398394  9.16111658 16.61973424  2.24647128
  9.43396005  1.67505705  6.69490197  3.7081797 ]_[ 6.39987049  1.25184046  5.02470967  0.76592549  1.6873393  14.71179662
  9.32998366 12.94436591 12.21216782  8.00552245] 

Minimum Distance Within Rutherford Scattering 4.2 

Converging After Rutherford Scattering [10.10436273  4.19085945  3.36342134  9.57824383 17.12830332  2.16076496
 10.2694801   0.64634631  6.98033606  3.17753116]_[ 5.87696306  0.25883875  4.48079843  0.05076324  1.50257109 16.24065244
  9.96073959 12.60678092 13.03437854  8.32103581] 

drones next lat [48.33588967 48.33583866 48.33587658 48.33583722 48.33585087 48.33598227
 48.33592642 48.33594946 48.33595381 48.33591111] drones next lon [14.32677964 14.32670051 14.32668885 14.32677323 14.32687493 14.32667123
 14.32678138 14.32665123 14.32673664 14.32668589] 
WayPoint_Count 103 

Leader Index 5 

Leader Contour 265.5 

Contour Threshold 175 

Converging Before Rutherford Scattering [ 8.37604694  3.88838967  4.10527382  9.58993458 15.2086232   1.44222046
  9.66284145  2.37292241  4.62932846  2.2131528 ]_[ 8.32351855  1.24416913  6.79654462  1.33382646  2.03668973 16.93613343
 10.96140671 14.74226368 14.86992219  9.60024702] 

Minimum Distance Within Rutherford Scattering 4.2 

Converging After Rutherford Scattering [ 8.74773217  3.49828403  3.87039665  9.7960989  15.77644292  0.71251914
 10.53519228  1.55215924  5.63670509  1.36320336]_[ 7.87909351  0.57224742  6.19236354  0.80663287  1.85134309 18.31413303
 11.67056642 14.47617617 15.47410797  9.60805748] 

drones next lat [48.33590757 48.33584143 48.33589201 48.33584403 48.3358539  48.33600081
 48.33594182 48.33596635 48.33597565 48.33592254] drones next lon [14.3267611  14.32669113 14.32669549 14.32677608 14.32685664 14.32665144
 14.32678476 14.32666323 14.32671822 14.32666125] 
WayPoint_Count 104 

Leader Index 5 

Leader Contour 267.5 

Contour Threshold 175 

Converging Before Rutherford Scattering [ 7.21233487  2.31909431  2.40951192  9.86760247 15.42255367  1.08058744
  7.87857863  1.98688971  2.93367901  1.18437733]_[10.41276442  2.05315437  7.83664888  2.46037072  3.413421   19.24393178
 12.80061456 15.92334193 16.71432754 12.60205181] 

Minimum Distance Within Rutherford Scattering 4.2 

Converging After Rutherford Scattering [ 7.54053171  2.06015213  2.05841798  9.9711204  15.93345659  0.45555493
  8.72028496  0.84039379  4.26309382  0.45220305]_[ 9.69065201  1.4667161   7.33700242  2.0513965   3.29403265 20.49929637
 13.57746075 15.79087116 17.73704862 12.01615044] 

drones next lat [48.33592378 48.33584936 48.33590217 48.33585524 48.33586689 48.33602045
 48.33595883 48.33597812 48.3359959  48.33594414] drones next lon [14.32674459 14.32667162 14.3266709  14.32677829 14.32685859 14.32664772
 14.32676005 14.32665347 14.32669942 14.32664868] 
WayPoint_Count 105 

Leader Index 5 

Leader Contour 312.5 

Contour Threshold 175 

Converging Before Rutherford Scattering [ 5.72837611  1.20869269  2.39776696  8.36431971 15.57591815 -0.29939291
  6.3911926   1.23756392  2.73371203 -0.54610126]_[12.06170708  4.18965293 10.136156    3.10502903  4.58223564 19.84351152
 15.46715897 16.9557956  17.91549163 14.05869535] 

Minimum Distance Within Rutherford Scattering 4.2 

Converging After Rutherford Scattering [ 6.39490148  0.90326305  2.07362486  8.53484675 15.95235127 -1.09901286
  7.37412685  0.53299363  3.74502726 -1.6200743 ]_[11.58563611  3.62926288  9.52131318  2.70688587  4.47565035 21.01456073
 15.93213224 16.84978089 19.08105153 13.51915998] 

drones next lat [48.33594073 48.33586872 48.33592182 48.33586103 48.33587753 48.33602496
 48.33597991 48.33598763 48.33600795 48.33595749] drones next lon [14.32672891 14.32665576 14.32667085 14.32675884 14.32685871 14.32662668
 14.32674161 14.3266492  14.32669227 14.32662054] 
WayPoint_Count 106 

Leader Index 6 

Leader Contour 252.5 

Contour Threshold 175 

Converging Before Rutherford Scattering [ 6.31621197  1.04525431  2.34972409  7.77568227 13.90876997 -0.28394405
  7.84092501  2.0127766   4.26617142  1.29932877]_[12.6815072   6.01373172 11.12059801  3.88769367  6.61160765 20.42157867
 16.81649613 17.44848682 17.62558391 14.19368285] 

Minimum Distance Within Rutherford Scattering 4.2 

Converging After Rutherford Scattering [ 7.0009672   0.63558054  2.12042322  7.9139507  14.37964133 -1.04102772
  9.00613992  1.19882112  4.97995949  0.33644456]_[12.26292348  5.34397896 10.31974381  3.37858507  6.47409675 21.42511336
 17.22498065 17.93985899 18.46636989 13.98531568] 

drones next lat [48.33594687 48.33588413 48.33592901 48.33586702 48.33589538 48.33602866
 48.33599167 48.33599748 48.33600252 48.33596184] drones next lon [14.32673701 14.32665194 14.32667139 14.32675038 14.32683725 14.32662742
 14.32676348 14.32665805 14.326709   14.32664688] 
WayPoint_Count 107 

Leader Index 4 

Leader Contour 290.5 

Contour Threshold 175 

Converging Before Rutherford Scattering [ 9.21497409  1.947677    4.25324973 10.64147237 15.24750934  1.01784388
 10.75214594  1.74597761  5.41527773  1.11860321]_[10.26044421  6.23999683  8.74664755  4.62557719  5.9773019  20.8151878
 15.95980379 16.90092034 16.29024748 12.85018575] 

Minimum Distance Within Rutherford Scattering 4.2 

Converging After Rutherford Scattering [ 9.64443665  1.28158549  4.33558733 10.69112305 15.91993235  0.68571761
 11.40072798  1.16255981  5.84062701  0.39243363]_[10.24372246  5.40025548  8.58626546  3.99567634  5.83404595 21.7400897
 16.37765672 17.22236589 16.66639317 12.59984166] 

drones next lat [48.33592892 48.33588468 48.33591359 48.33587279 48.33588974 48.33603163
 48.33598424 48.33599103 48.33598639 48.33594938] drones next lon [14.32677291 14.32666065 14.32670148 14.32678778 14.32685811 14.32665068
 14.32679588 14.32665765 14.32672083 14.3266478 ] 
WayPoint_Count 108 

Leader Index 5 

Leader Contour 263.5 

Contour Threshold 175 

Converging Before Rutherford Scattering [ 7.81546086  0.45662524  3.14203493  8.98663483 14.66783555  1.38323918
  8.64329939  1.92725606  3.58970885  0.45358719]_[11.02101395  8.05800527 11.26576519  5.04608989  8.26977883 21.0235259
 17.02530236 18.98748893 17.50496254 15.59880841] 

Minimum Distance Within Rutherford Scattering 4.2 

Converging After Rutherford Scattering [ 8.31149506 -0.14758802  3.03555058  9.10616863 15.22220261  0.89993577
  9.45166386  1.30281522  4.49118869 -0.60775034]_[10.83118572  7.3411917  10.9562316   4.42410331  8.15236485 22.79555218
 17.40368436 19.31008069 17.36708226 15.2192646 ] 

drones next lat [48.3359341  48.33590203 48.3359348  48.33587652 48.33591054 48.33604114
 48.33599331 48.33600982 48.33599259 48.33597287] drones next lon [14.32675486 14.32664114 14.32668366 14.32676634 14.32684842 14.32665344
 14.32676947 14.32665929 14.32670254 14.326634  ] 
WayPoint_Count 109 

Leader Index 5 

Leader Contour 278.0 

Contour Threshold 175 

Converging Before Rutherford Scattering [ 6.40198699 -0.30175524  1.82478922  8.98688158 14.25830497  0.26154052
  7.69781074  2.04222779  3.77069138 -0.75614312]_[13.04790621  8.37941102 12.40703536  6.96785575  8.68151713 23.56526089
 19.46843854 21.54367782 19.95885384 16.33832994] 

Minimum Distance Within Rutherford Scattering 4.2 

Converging After Rutherford Scattering [ 6.88278634 -0.75654298  1.62857202  9.06489738 14.79744318 -0.62286976
  8.67338822  1.75621179  4.30217524 -1.53972661]_[12.89072504  7.69466267 12.12189851  6.44677781  8.58124983 24.76697785
 19.75154827 22.08178537 19.66686576 16.35579539] 

drones next lat [48.33595251 48.33590516 48.33594518 48.33589471 48.33591437 48.33605876
 48.33601437 48.33603479 48.33601327 48.33598302] drones next lon [14.32673534 14.32663288 14.32666454 14.32676554 14.32684264 14.32663266
 14.32675869 14.32666508 14.32669972 14.32662129] 
WayPoint_Count 110 

Leader Index 4 

Leader Contour 345.0 

Contour Threshold 175 

Converging Before Rutherford Scattering [ 7.6690856   0.97238564  4.08850062 11.89690651 15.58512104  1.64170814
 10.60616988  2.14985812  4.88679531  0.84064579]_[11.69202286  8.77194533 10.75368934  6.85694936  9.19733716 22.85338228
 17.75999571 20.55270246 18.82710945 16.3149348 ] 

Minimum Distance Within Rutherford Scattering 4.2 

Converging After Rutherford Scattering [ 8.19887151  0.2223049   3.92437973 11.9584361  16.2637423   1.23811776
 11.22795234  1.67696531  5.54032816  0.08607855]_[11.61591693  8.09817457 10.47224083  6.2415179   9.21758217 24.30784699
 18.0674352  20.60232929 18.93235041 16.02467446] 

drones next lat [48.33594115 48.33590887 48.33593052 48.3358931  48.33592021 48.33605477
 48.33599942 48.33602147 48.33600676 48.33598017] drones next lon [14.32675325 14.32664604 14.32669571 14.32680461 14.32686235 14.32665783
 14.32679335 14.32666419 14.32671651 14.32664326] 
WayPoint_Count 111 

Leader Index 5 

Leader Contour 243.0 

Contour Threshold 175 

Converging Before Rutherford Scattering [ 6.34118685  0.78155375  2.78025343 10.47082405 15.46821852  0.97682949
  8.69900812  0.48962791  3.38926766 -0.28394721]_[12.92534619  9.19342319 13.08205504  7.0772426  11.42284678 23.34258617
 18.57331487 22.28272332 20.06073816 17.24187835] 

Minimum Distance Within Rutherford Scattering 4.2 

Converging After Rutherford Scattering [ 6.95569521  0.31081974  2.42790901 10.65845261 15.95696271  1.31299291
  9.36551168 -0.70938447  3.91955809 -1.08569493]_[12.65693856  8.4334648  12.87816469  6.57594782 11.40236241 25.20294512
 18.87614993 21.97147562 20.20901773 16.99568799] 

drones next lat [48.33595041 48.33591189 48.33595205 48.335896   48.33593984 48.33606283
 48.33600655 48.3360336  48.33601811 48.33598881] drones next lon [14.32673635 14.32664719 14.32667523 14.32678703 14.32685795 14.32665873
 14.32676813 14.32663183 14.32669449 14.32662734] 
WayPoint_Count 112 

Leader Index 5 

Leader Contour 256.5 

Contour Threshold 175 

Converging Before Rutherford Scattering [ 5.80289482 -0.41200641  3.04655565 10.63831254 15.18108287  0.70924273
  8.35244195 -0.21909271  2.6310474  -1.21878526]_[13.53781822  9.89063885 14.2684792   7.88260917 13.5076004  26.0001187
 19.28299746 22.84569394 22.91379073 19.63521215] 

Minimum Distance Within Rutherford Scattering 4.2 

Converging After Rutherford Scattering [ 6.48191325 -0.83548618  2.46552796 10.84328788 15.64493609  0.58951906
  8.87380804 -1.08866254  3.49301383 -1.95616382]_[13.13483721  9.35274812 14.2160209   7.42072596 13.50668324 27.27903809
 19.54154767 23.15673574 23.09436225 19.06225962] 

drones next lat [48.33595468 48.33592007 48.33596408 48.33590362 48.33595874 48.33608145
 48.3360125  48.33604423 48.33604404 48.33600733] drones next lon [14.3267299  14.32663162 14.32667558 14.32678942 14.32685349 14.32664872
 14.32676142 14.32662657 14.32668839 14.32661535] 
WayPoint_Count 113 

Leader Index 3 

Leader Contour 245.0 

Contour Threshold 175 

Converging Before Rutherford Scattering [ 7.43497359  0.92199867  3.73992033 11.68780604 14.82296578  1.76561213
  8.6944309   1.11165176  4.34817105 -0.57197258]_[12.51051875  8.04986388 11.99581268  6.88519906 11.02755124 26.46796495
 18.43337997 21.43612027 22.28357113 16.72111272] 

Minimum Distance Within Rutherford Scattering 4.2 

Converging After Rutherford Scattering [ 7.91217817  0.49073908  3.37692496 11.83974546 15.40060619  1.57307929
  9.20807884  0.41822875  4.91941213 -1.1834352 ]_[12.38798644  7.43928434 11.82278879  6.31679628 11.08883379 27.27795829
 18.66451415 21.58815155 22.68012519 16.54465582] 

drones next lat [48.33594807 48.33590296 48.33594263 48.33589376 48.33593697 48.33608152
 48.33600464 48.33603024 48.33604042 48.33598474] drones next lon [14.32674929 14.32664974 14.32668816 14.326803   14.32685048 14.32666199
 14.32676603 14.32664709 14.32670769 14.32662607] 
WayPoint_Count 114 

Leader Index 3 

Leader Contour 241.5 

Contour Threshold 175 

Converging Before Rutherford Scattering [ 9.74305603  2.17488826  4.06512146 12.8157442  13.7345304   3.06257174
  9.15171221  1.87397864  5.15089725  1.14945171]_[11.37631566  8.19441891 10.57907692  6.09902013  8.60323495 24.68924537
 15.82752597 19.02037017 21.67486116 14.65941047] 

Minimum Distance Within Rutherford Scattering 4.2 

Converging After Rutherford Scattering [ 9.93739649  1.49822235  4.18242539 12.87301363 14.61152622  2.74078645
  9.55644243  1.32048656  5.70895977  0.49269261]_[11.25639565  7.27328229 10.54014802  5.0248421   8.91298515 25.59197576
 16.30471419 19.28217301 21.98260688 14.55435667] 

drones next lat [48.33593805 48.33590155 48.33593115 48.33588222 48.33591734 48.33606644
 48.33598343 48.33600957 48.33603421 48.33596697] drones next lon [14.32677675 14.32666335 14.32669918 14.32681709 14.32684009 14.32667795
 14.32677101 14.32665953 14.32671842 14.32664892] 
WayPoint_Count 115 

Leader Index 4 

Leader Contour 257.5 

Contour Threshold 175 

Converging Before Rutherford Scattering [12.67317087  4.42310673  5.81744031 12.83167362 13.6172724   3.01263827
 10.5396067   2.19694054  7.82902608  1.3518757 ]_[10.04143522  7.86167205  9.29180024  6.33650948  8.80593679 24.42266043
 15.6431571  17.33822319 20.22145781 13.74984927] 

Minimum Distance Within Rutherford Scattering 4.2 

Converging After Rutherford Scattering [12.39895317  3.49713965  6.16184445 12.81206548 15.15699969  2.79827455
 10.89141098  1.8452634   8.04362218  0.68717765]_[10.92716483  6.75192875  9.59739314  5.00052298  8.41709603 24.96793052
 15.98939236 17.8548482  20.75975834 13.44666644] 

drones next lat [48.33593528 48.33589702 48.33592283 48.335882   48.33591292 48.33606084
 48.3359807  48.33599677 48.33602339 48.33595702] drones next lon [14.32681    14.32669039 14.326726   14.32681627 14.32684751 14.3266788
 14.32678906 14.32666678 14.32675007 14.32665168] 
WayPoint_Count 116 

Leader Index 5 

Leader Contour 241.5 

Contour Threshold 175 

Converging Before Rutherford Scattering [12.12174024  4.42026751  6.6791383  11.21568758 13.46547132  2.50881042
 10.30162755  2.90123952  5.72357574  1.51521473]_[13.10220929  8.73057723 11.87868885  6.07395606 10.88856952 25.92511938
 16.81270686 20.44974075 22.66118532 16.29787059] 

Minimum Distance Within Rutherford Scattering 4.2 

Converging After Rutherford Scattering [12.43113622  3.83922971  6.54008169 11.34962793 14.45689504  2.15103308
 10.53101989  2.37727034  6.30556417  0.87091487]_[13.49079134  8.0158195  11.86768542  5.3372111  10.19338757 26.67785194
 17.475688   20.573068   23.18997223 15.99914874] 

drones next lat [48.33595835 48.33590842 48.33594328 48.33588491 48.33592884 48.33607617
 48.33599405 48.33602127 48.33604512 48.33598   ] drones next lon [14.32681013 14.32669485 14.32673084 14.3267965  14.32683785 14.32666986
 14.32678402 14.32667364 14.32672633 14.32665386] 
WayPoint_Count 117 

Leader Index 4 

Leader Contour 235.5 

Contour Threshold 175 

Converging Before Rutherford Scattering [12.7476605   5.90112827  8.00563487 11.60901301 13.66014321  3.50197153
 12.33747725  3.05114701  6.68633374  3.70006203]_[11.1036587   9.41234901 10.58280037  7.59629219  9.58908092 24.0871833
 15.20054484 19.80747594 22.22709513 15.07240782] 

Minimum Distance Within Rutherford Scattering 4.2 

Converging After Rutherford Scattering [12.95635931  4.7556628   8.03147311 11.47888907 15.24275827  3.02774743
 12.75169134  2.43843213  7.33026167  3.18729631]_[11.80637659  8.55724537 10.78401657  6.27788765  8.76453982 24.98662259
 16.08249749 19.85911368 22.61320102 14.94738745] 

drones next lat [48.33594324 48.33591336 48.33593365 48.33589338 48.33591605 48.33606102
 48.33598169 48.33601485 48.33604001 48.33597072] drones next lon [14.32681742 14.32670715 14.32675109 14.32679814 14.32684863 14.32668189
 14.32681415 14.32667455 14.32674023 14.32668523] 
WayPoint_Count 118 

Leader Index 5 

Leader Contour 306.5 

Contour Threshold 175 

Converging Before Rutherford Scattering [10.82816797  4.22716613  7.74437397 10.92439429 14.74911045  3.97637029
 10.88587471  2.40370833  6.38443743  2.63364434]_[13.78423852 11.4939268  13.59638693  9.06373836 11.06704869 24.67021356
 18.35364353 20.88126099 24.17197383 16.09411045] 

Minimum Distance Within Rutherford Scattering 4.2 

Converging After Rutherford Scattering [11.558775    3.54932234  7.38984526 10.96113584 15.71664146  3.22007228
 11.38321989  1.7594969   7.25970956  1.95902937]_[13.86500708 10.69878458 13.53269401  8.09561761 10.80258226 25.60571588
 18.9703866  20.97715252 24.61744583 16.0111553 ] 

drones next lat [48.33596165 48.33593253 48.33595833 48.3359097  48.33593442 48.33606661
 48.33600756 48.33602485 48.33605803 48.33598019] drones next lon [14.32679831 14.32669062 14.3267421  14.32679093 14.32685478 14.32668441
 14.32679534 14.32666526 14.32673904 14.32666854] 
WayPoint_Count 119 

Leader Index 6 

Leader Contour 210.5 

Contour Threshold 175 

Converging Before Rutherford Scattering [11.80393096  4.94037222  7.80971424 11.22717446 15.42144155  3.85141932
 12.38222671  3.02911515  9.30459625  3.18213845]_[14.91436567 11.15102101 15.78995275  9.11203404 11.80274301 23.95376059
 19.01494405 19.84343239 22.50123034 17.33883164] 

Minimum Distance Within Rutherford Scattering 4.2 

Converging After Rutherford Scattering [12.27677217  4.46543921  7.64199315 11.26638774 16.280669    3.55358017
 13.13510536  2.35206252  9.52717015  2.45294984]_[14.69817543 10.47394453 15.6942668   8.31092745 11.46582736 24.89395996
 19.52232763 20.49107191 23.25405912 16.61775531] 

drones next lat [48.3359692  48.33593058 48.33597779 48.33591166 48.33594043 48.33606023
 48.33601266 48.33602053 48.33604595 48.33598569] drones next lon [14.3268079  14.32670301 14.32674525 14.32679503 14.32686231 14.326689
 14.32681891 14.32667331 14.32676979 14.32667513] 
WayPoint_Count 120 

Leader Index 5 

Leader Contour 181.0 

Contour Threshold 175 

Converging Before Rutherford Scattering [11.63065413  5.08717555  6.99058163  9.44978591 14.65900367  2.89388874
 10.55665601  3.67791211  7.41128142  2.01737701]_[15.4614491  11.80620889 16.5349294  10.35450429 11.9481175  25.64549653
 21.05227612 23.02142787 24.76583408 17.88540043] 

Minimum Distance Within Rutherford Scattering 4.2 

Converging After Rutherford Scattering [12.17872776  4.48210068  6.86291735  9.58475799 15.4415424   2.21825305
 11.20359517  3.3019897   7.88266359  1.21776849]_[15.53423192 11.20981774 16.50565693  9.55485454 11.5310678  26.77339375
 21.37574505 22.77401605 25.5306129  17.68624753] 

drones next lat [48.33597671 48.3359372  48.33598503 48.33592271 48.33594096 48.33607703
 48.33602918 48.33604114 48.3360663  48.3359952 ] drones next lon [14.32680648 14.32670315 14.32673464 14.32677219 14.32685098 14.32667076
 14.32679263 14.32668585 14.32674733 14.32665834] 
WayPoint_Count 121 

Leader Index 6 

Leader Contour 199.0 

Contour Threshold 175 

Converging Before Rutherford Scattering [12.41743401  6.06100115  9.00421344 10.04409055 15.30980093  3.04743707
 10.25714443  4.76651987  8.77599122  3.24054833]_[16.68391508 11.99860369 17.41304157 10.5541852  14.12017585 25.27840039
 21.6985933  23.28870441 24.90305275 19.36857214] 

Minimum Distance Within Rutherford Scattering 4.2 

Converging After Rutherford Scattering [13.08219108  5.4248504   8.61895742 10.29396822 16.23685101  2.08776255
 10.94654175  4.66684032  9.13320394  2.43301431]_[16.72988855 11.50951718 17.16989914  9.7613334  13.64073168 26.32023347
 21.95090324 23.28316268 26.00057416 18.9410009 ] 

drones next lat [48.33598754 48.33593997 48.33599114 48.33592463 48.33596    48.33607294
 48.33603434 48.33604583 48.33607063 48.33600659] drones next lon [14.32681853 14.32671583 14.32675826 14.32678174 14.32686146 14.32666905
 14.3267891  14.32670421 14.32676415 14.32667458] 
WayPoint_Count 122 

Leader Index 7 

Leader Contour 141.5 

Contour Threshold 175 

Previous Drone Positions [13.08219108  5.4248504   8.61895742 10.29396822 16.23685101  2.08776255
 10.94654175  4.66684032  9.13320394  2.43301431]_[16.72988855 11.50951718 17.16989914  9.7613334  13.64073168 26.32023347
 21.95090324 23.28316268 26.00057416 18.9410009 ] 

Mean Previous Drone Positions [8.2924181 8.2924181 8.2924181 8.2924181 8.2924181 8.2924181 8.2924181
 8.2924181 8.2924181 8.2924181]_[18.53072444 18.53072444 18.53072444 18.53072444 18.53072444 18.53072444
 18.53072444 18.53072444 18.53072444 18.53072444] 

relative Drone Positions [ 18.9  14.7  10.5   6.3   2.1  -2.1  -6.3 -10.5 -14.7 -18.9]_[-0. -0. -0. -0.  0.  0.  0.  0.  0.  0.] 

current starting Drone Positions [ 27.1924181  22.9924181  18.7924181  14.5924181  10.3924181   6.1924181
   1.9924181  -2.2075819  -6.4075819 -10.6075819]_[18.53072444 18.53072444 18.53072444 18.53072444 18.53072444 18.53072444
 18.53072444 18.53072444 18.53072444 18.53072444] 

scanning direction vector [0. 0. 0. 0. 0. 0. 0. 0. 0. 0.]_[2. 2. 2. 2. 2. 2. 2. 2. 2. 2.] 

changing back speed 0.3 

velocity vector [ 4.23306811  5.27027031  3.0520382   1.28953497 -1.75332987  1.23139667
 -2.6862371  -2.06232667 -4.66223575 -3.91217886]_[ 2.54025077  4.10636218  2.40824759  4.63081731  3.46699783 -0.33685271
  0.97394636  0.57426853 -0.24095492  1.87691706] 

Moving Straight [17.31525918 10.69512071 11.67099563 11.58350318 14.48352114  3.31915921
  8.26030466  2.60451366  4.47096819 -1.47916455]_[19.27013932 15.61587936 19.57814673 14.39215071 17.10772951 25.98338076
 22.9248496  23.85743121 25.75961925 20.81791796] 

drones next lat [48.33601072 48.33597733 48.33601305 48.33596639 48.33599105 48.33607001
 48.33604289 48.33605083 48.33606809 48.33602316] drones next lon [14.32687534 14.32678645 14.32679915 14.32679859 14.32683739 14.32668571
 14.32675274 14.32667632 14.32670127 14.32662158] 
WayPoint_Count 123 

Leader Index 4 

Leader Contour 172.0 

Contour Threshold 175 

Previous Drone Positions [17.31525918 10.69512071 11.67099563 11.58350318 14.48352114  3.31915921
  8.26030466  2.60451366  4.47096819 -1.47916455]_[19.27013932 15.61587936 19.57814673 14.39215071 17.10772951 25.98338076
 22.9248496  23.85743121 25.75961925 20.81791796] 

Mean Previous Drone Positions [8.2924181 8.2924181 8.2924181 8.2924181 8.2924181 8.2924181 8.2924181
 8.2924181 8.2924181 8.2924181]_[20.53072444 20.53072444 20.53072444 20.53072444 20.53072444 20.53072444
 20.53072444 20.53072444 20.53072444 20.53072444] 

relative Drone Positions [ 18.9  14.7  10.5   6.3   2.1  -2.1  -6.3 -10.5 -14.7 -18.9]_[-0. -0. -0. -0.  0.  0.  0.  0.  0.  0.] 

current starting Drone Positions [ 27.1924181  22.9924181  18.7924181  14.5924181  10.3924181   6.1924181
   1.9924181  -2.2075819  -6.4075819 -10.6075819]_[20.53072444 20.53072444 20.53072444 20.53072444 20.53072444 20.53072444
 20.53072444 20.53072444 20.53072444 20.53072444] 

scanning direction vector [0. 0. 0. 0. 0. 0. 0. 0. 0. 0.]_[2. 2. 2. 2. 2. 2. 2. 2. 2. 2.] 

changing back speed 0.3 

velocity vector [ 2.96314767  3.68918922  2.13642674  0.90267448 -1.22733091  0.86197767
 -1.88036597 -1.44362867 -3.26356503 -2.7385252 ]_[2.37817554 3.47445353 2.28577331 3.84157212 3.02689848 0.3642031
 1.28176245 1.00198797 0.43133156 1.91384194] 

Moving Straight [20.27840686 14.38430993 13.80742237 12.48617766 13.25619022  4.18113688
  6.37993869  1.16088499  1.20740316 -4.21768975]_[21.64831486 19.09033288 21.86392004 18.23372283 20.13462799 26.34758386
 24.20661205 24.85941918 26.1909508  22.7317599 ] 

drones next lat [48.33603235 48.33600888 48.33603378 48.33600102 48.33601818 48.33607336
 48.33605427 48.33605973 48.33607171 48.33604016] drones next lon [14.32691504 14.32683582 14.32682771 14.32681031 14.32682047 14.32669729
 14.32672721 14.32665672 14.32665719 14.3265844 ] 
WayPoint_Count 124 

Leader Index 4 

Leader Contour 190.0 

Contour Threshold 175 

Converging Before Rutherford Scattering [17.32423204 12.16413897 12.39319385 13.43359396 13.21628212  6.3741198
  8.77770719  3.66141263  2.22036281 -1.26110848]_[21.18400932 21.10758079 19.36758772 21.06791134 19.13542463 24.37781895
 23.92363006 23.36135558 25.92592709 22.23059706] 

Minimum Distance Within Rutherford Scattering 4.2 

Converging After Rutherford Scattering [18.82482732 11.34450822 10.86208355 14.93354644 14.80886562  5.98163342
  9.30724474  2.97558665  1.41464998 -2.14901104]_[21.32484266 21.80757063 17.77631583 22.105873   17.31497639 25.16462996
 24.73357353 22.52004539 27.00873232 21.92528282] 

drones next lat [48.33602933 48.33603308 48.33599678 48.33603605 48.33599294 48.33606286
 48.33605924 48.33603883 48.33607909 48.33603307] drones next lon [14.32689547 14.32679448 14.32678845 14.32684287 14.32684176 14.32672173
 14.32676665 14.32668148 14.32665989 14.32661241] 
WayPoint_Count 125 

Leader Index 4 

Leader Contour 228.0 

Contour Threshold 175 

Converging Before Rutherford Scattering [18.38007817 11.98199763 12.43213846 14.11460869 14.41688262  8.05755892
 11.49764258  4.81059932  4.03455275 -1.18960142]_[19.6707557  19.41188952 18.45328896 20.74830902 16.39500393 24.64923087
 23.1706256  22.71476294 25.86054692 21.64153837] 

Minimum Distance Within Rutherford Scattering 4.2 

Converging After Rutherford Scattering [19.55991605 10.73042139 12.16417063 15.26465851 15.34384461  7.95904285
 11.84798964  4.2177511   3.30816667 -1.85950372]_[19.65920179 19.86287202 16.74919649 21.38401889 14.926544   25.48290346
 24.25385255 22.07876742 26.83375866 21.48483654] 

drones next lat [48.3360144  48.33601554 48.33598764 48.33602958 48.33597149 48.33606588
 48.33605513 48.33603496 48.33607766 48.33602913] drones next lon [14.32690558 14.32678643 14.32680614 14.32684743 14.32684926 14.32674837
 14.32680099 14.32669829 14.32668546 14.32661637] 
WayPoint_Count 126 

Leader Index 3 

Leader Contour 196.5 

Contour Threshold 175 

Converging Before Rutherford Scattering [17.62266495 12.38453392 13.99971085 14.94169157 14.63811744  8.89347734
 12.56741569  6.7448016   6.12639728 -0.84540032]_[21.40117312 19.52872115 17.72122287 20.43760864 16.19429963 23.91756937
 22.3838841  21.10585834 26.06156419 21.64062147] 

Minimum Distance Within Rutherford Scattering 4.2 

Converging After Rutherford Scattering [19.27983329 11.12942564 14.06203837 15.82240277 15.46919096  8.74491655
 12.76828269  5.84123212  5.35468041 -1.39859248]_[21.9467143  19.15446119 17.03751614 20.75857396 14.04623354 24.62547201
 23.67137062 20.53579845 27.0252522  21.59113046] 

drones next lat [48.33603496 48.3360092  48.33599038 48.336024   48.33596358 48.33605822
 48.33604996 48.3360212  48.33607955 48.33603013] drones next lon [14.32690153 14.3267919  14.32683171 14.32685503 14.32685105 14.32675907
 14.32681347 14.32672038 14.32671305 14.32662257] 
WayPoint_Count 127 

Leader Index 5 

Leader Contour 177.5 

Contour Threshold 175 

Converging Before Rutherford Scattering [16.42178937 11.24649022 13.77929116 13.07386913 13.51603755  9.27980105
 10.9956335   7.60084584  6.07456403 -0.46206426]_[22.83214483 21.38871612 18.17361338 21.83207865 16.20853569 25.4703972
 23.14799767 22.96523413 26.27873651 22.36538746] 

Minimum Distance Within Rutherford Scattering 4.2 

Converging After Rutherford Scattering [17.94311261 10.35538003 14.6417922  14.33279798 13.50467654  9.29126612
 11.22305873  6.3405218   4.95837547 -1.06472389]_[23.36970272 19.96816459 17.7793437  22.01151499 14.35052742 27.14691993
 24.15847335 22.37994051 27.22588193 22.27237249] 

drones next lat [48.33604765 48.33601645 48.3359971  48.33603515 48.33596617 48.33608095
 48.33605422 48.33603783 48.33608132 48.33603628] drones next lon [14.32688333 14.32678136 14.32683945 14.32683478 14.32682451 14.32676615
 14.32679257 14.3267269  14.32670768 14.326627  ] 
WayPoint_Count 128 

Leader Index 4 

Leader Contour 274.0 

Contour Threshold 175 

Converging Before Rutherford Scattering [17.12424913 11.51945067 14.80022225 13.1521439  12.94333194  9.57705504
 12.62811613  8.66975864  5.08692996 -0.30344667]_[20.57728585 17.24106626 15.26531558 20.28270526 13.52294525 24.30671669
 21.90407441 20.95511477 25.77047323 21.40872116] 

Minimum Distance Within Rutherford Scattering 4.2 

Converging After Rutherford Scattering [18.39882947 10.76998875 15.97295158 13.79724841 12.58894104  9.38372676
 13.01504509  7.68573472  4.43658404 -0.85123887]_[20.85940773 16.55355183 14.78269183 19.76192604 12.08231742 25.46384928
 23.35787727 20.66053419 26.38627284 21.32599002] 

drones next lat [48.33602511 48.33598577 48.33597025 48.33601487 48.33594569 48.33606582
 48.33604716 48.33602247 48.33607372 48.33602778] drones next lon [14.32688978 14.32678735 14.32685776 14.32682782 14.32681243 14.32676759
 14.32681684 14.32674525 14.32670074 14.32662999] 
WayPoint_Count 129 

Leader Index 4 

Leader Contour 206.0 

Contour Threshold 175 

Converging Before Rutherford Scattering [16.32436242 12.36258559 15.20236762 13.17725794 11.59263082 10.38704089
 13.49448418  9.57483974  4.62517599 -0.14872625]_[19.43264679 14.15677196 14.1448494  18.73724955 12.16814253 22.67556423
 22.19117733 19.36697132 25.24635531 19.86663197] 

Minimum Distance Within Rutherford Scattering 4.2 

Converging After Rutherford Scattering [17.73646562 12.00432286 16.43560675 13.29602007 10.9852688   9.84212324
 14.22055787  8.53917212  4.17382769 -0.64134608]_[19.62723341 14.13039185 13.45827935 18.57437509 10.5493924  23.71244358
 23.33035904 19.0704995  25.75436035 19.77902582] 

drones next lat [48.33601397 48.33596407 48.33595837 48.33600415 48.33593177 48.3360501
 48.33604701 48.33600824 48.33606802 48.33601388] drones next lon [14.32688099 14.32680429 14.32686416 14.3268212  14.32679097 14.32677399
 14.32683311 14.32675696 14.32669726 14.326633  ] 
WayPoint_Count 130 

Leader Index 5 

Leader Contour 273.0 

Contour Threshold 175 

Converging Before Rutherford Scattering [16.71201329 10.86543325 16.07238767 13.09115945 11.79721669  9.0611287
 13.1876518   8.08100824  5.67902715  1.73676959]_[21.20580641 16.79679632 15.83607803 19.82160546 12.3692621  23.08790572
 23.78586232 21.04788792 26.00297367 19.61882541] 

Minimum Distance Within Rutherford Scattering 4.2 

Converging After Rutherford Scattering [17.90332348 10.41370726 16.88556362 13.37934489 11.73726739  9.01631012
 13.70145909  7.18737116  5.02565065  1.03379817]_[21.49720708 16.11954364 15.22352345 19.72272248 11.37254391 24.08491839
 24.86194839 20.42975659 26.81255229 19.44828715] 

drones next lat [48.33603081 48.33598184 48.33597429 48.33601449 48.33593924 48.33605338
 48.33606074 48.33602036 48.33607761 48.33601104] drones next lon [14.32688301 14.3267826  14.32687003 14.32682219 14.32680102 14.3267628
 14.32682592 14.32673856 14.32670863 14.32665564] 
WayPoint_Count 131 

Leader Index 4 

Leader Contour 271.0 

Contour Threshold 175 

Converging Before Rutherford Scattering [17.77475694 11.80090131 14.74814258 12.62319688 10.760531    8.44004653
 13.91415425  8.8753622   4.99339504  2.87944882]_[19.37824654 14.71974174 13.18127768 16.83136987 11.1581004  22.23045151
 23.74833836 18.02974273 25.53676033 19.2121731 ] 

Minimum Distance Within Rutherford Scattering 4.2 

Converging After Rutherford Scattering [18.62909296 11.34700112 15.82690627 13.27613472 10.31609509  8.33074066
 14.29233106  8.18134579  4.50337555  2.10691233]_[19.56206115 14.03604962 12.41146349 17.54125947  9.93517754 22.81871406
 24.46260127 17.93712638 26.23013705 19.09161224] 

drones next lat [48.33601345 48.33596317 48.33594891 48.33599485 48.33592619 48.33604194
 48.3360572  48.33599801 48.33607233 48.33600792] drones next lon [14.32689304 14.32679544 14.32685607 14.32682105 14.32678201 14.3267537
 14.32683394 14.32675226 14.32670165 14.32667017] 
WayPoint_Count 132 

Leader Index 3 

Leader Contour 227.0 

Contour Threshold 175 

Converging Before Rutherford Scattering [16.31257973 12.4229424  15.4840951  13.90415435 11.54808886  8.89123945
 13.20749211 10.35037111  5.07269009  4.79880162]_[17.96036693 14.79446239 13.3655908  18.31945697 10.93685975 20.76885955
 23.09132504 18.76675479 24.29866486 18.11332602] 

Minimum Distance Within Rutherford Scattering 4.2 

Converging After Rutherford Scattering [17.97295557 12.05111957 16.49153175 14.17812619 11.17961615  8.22055475
 13.6449986   9.94040509  4.45099195  3.86215519]_[18.12241799 14.21499925 12.50420494 18.74352921  9.7780404  21.73485066
 24.1684406  18.36228639 25.00282887 17.7840688 ] 

drones next lat [48.33600045 48.33596483 48.33594979 48.33600574 48.33592485 48.33603218
 48.3360545  48.33600198 48.33606128 48.33599629] drones next lon [14.32688435 14.32680492 14.32686503 14.32683308 14.32679368 14.32675234
 14.32682524 14.32677595 14.32670109 14.326694  ] 
WayPoint_Count 133 

Leader Index 4 

Leader Contour 310.5 

Contour Threshold 175 

Converging Before Rutherford Scattering [15.82599531 10.73340531 14.87035801 14.09318865 10.31039875  7.80911265
 12.32748     9.3795648   5.76554899  4.81447911]_[17.03841578 12.61433462 12.57842446 17.68234261  9.28361032 20.24564076
 21.99716309 16.91504227 24.03599852 17.225624  ] 

Minimum Distance Within Rutherford Scattering 4.2 

Converging After Rutherford Scattering [17.55304438 10.45563552 15.67752604 13.98416033 10.0508888   7.42184429
 12.73335826  9.11152111  5.21580469  3.72574816]_[16.96995453 12.23967279 11.8342257  18.15702327  8.06629321 20.81958962
 23.01207526 16.66618165 24.91405427 16.9375261 ] 

drones next lat [48.33599005 48.33594694 48.3359437  48.33600045 48.33590936 48.33602388
 48.33604403 48.33598665 48.33606054 48.33598867] drones next lon [14.32687882 14.32678362 14.32685413 14.32683053 14.32677866 14.32674167
 14.32681308 14.32676496 14.32671142 14.32669226] 
WayPoint_Count 134 

Leader Index 5 

Leader Contour 224.0 

Contour Threshold 175 

Converging Before Rutherford Scattering [16.68218005  9.21378745 15.32289154 12.45698307  9.12526278  7.40884209
 10.6396535   9.23370353  5.31460999  6.04870414]_[17.62970239 13.30719635 13.25249345 19.8542987   9.17205211 21.81950508
 21.27945084 19.00135361 22.62630484 18.05566904] 

Minimum Distance Within Rutherford Scattering 4.2 

Converging After Rutherford Scattering [17.7301068   9.02762746 15.85633479 13.69413821  8.97785088  7.23500292
 11.1887009   9.19852476  3.7460087   4.79232271]_[17.70681784 12.84638586 12.58559751 19.83533146  8.22160571 22.66362464
 22.80294003 18.29567471 23.58421708 17.45583156] 

drones next lat [48.33599669 48.33595228 48.33595047 48.33601552 48.33591067 48.33604046
 48.33604202 48.33600132 48.33604846 48.33599341] drones next lon [14.32688113 14.32676428 14.32685645 14.32682642 14.32676416 14.32673893
 14.32679226 14.32676594 14.32669175 14.32670659] 
WayPoint_Count 135 

Leader Index 4 

Leader Contour 314.0 

Contour Threshold 175 

Converging Before Rutherford Scattering [15.90223224  8.75719824 14.13595067 12.43281919  8.14592729  8.4625959
 10.24269488  9.29812526  4.27459984  6.00839217]_[17.11877079  9.87797365 10.51465781 17.1214199   8.77649591 20.8326537
 20.06236277 17.28581914 20.69776251 14.71357429] 

Minimum Distance Within Rutherford Scattering 4.2 

Converging After Rutherford Scattering [17.20278655  9.17333502 14.81884393 13.13068203  7.30255543  7.65877159
 11.30421996  8.84535601  3.20825823  5.01572693]_[17.26707627 10.22281934  9.96327936 16.86816109  7.06348547 22.14649931
 21.09287913 16.8949596  21.12826065 14.35407024] 

drones next lat [48.3359927  48.33592869 48.3359268  48.33598879 48.33590012 48.33603584
 48.33602665 48.33598869 48.33602633 48.33596553] drones next lon [14.32687406 14.32676656 14.32684276 14.32681917 14.32674169 14.32674471
 14.32679402 14.32676134 14.32668478 14.32670997] 
WayPoint_Count 136 

Leader Index 4 

Leader Contour 206.5 

Contour Threshold 175 

Converging Before Rutherford Scattering [16.67375078  7.38537973 13.70762157 12.49676974  7.47049477  8.29289373
 10.81405829  7.58621844  4.29160962  4.78880344]_[16.33572794  9.14123977  8.58735425 14.22730926  8.0492828  20.87902108
 20.16787926 15.23416639 18.35646656 11.88135158] 

Minimum Distance Within Rutherford Scattering 4.2 

Converging After Rutherford Scattering [17.52795272  7.41218788 14.30170111 12.93240946  7.38220088  7.74569987
 11.69535455  7.51594667  3.36549893  3.62864805]_[16.5600865   9.61318025  8.022223   14.11708614  6.00384871 21.88526191
 20.69357946 15.37895329 18.77772435 11.80785526] 

drones next lat [48.33598636 48.33592307 48.3359093  48.33596402 48.3358906  48.33603349
 48.33602309 48.33597495 48.33600519 48.33594251] drones next lon [14.32687853 14.32674287 14.32683602 14.32681682 14.32674289 14.32674592
 14.32679935 14.32674359 14.32668718 14.32669156] 
WayPoint_Count 137 

Leader Index 4 

Leader Contour 240.0 

Contour Threshold 175 

Converging Before Rutherford Scattering [17.09483331  6.82046599 12.88825474 11.69908201  8.18419048  6.81434899
 10.7197807   8.4729781   4.0053316   3.90905074]_[14.81445418  6.79517043  6.59995861 13.46094887  5.4065107  19.42131053
 17.86346153 13.20983393 17.86902842  9.53612408] 

Minimum Distance Within Rutherford Scattering 4.2 

Converging After Rutherford Scattering [17.8621727   6.11877545 13.5900999  12.43674134  8.66600127  6.75714504
 11.24231807  8.00495876  3.01218427  2.91791986]_[14.96163681  6.72016253  6.19454005 13.32037115  4.0359621  20.39213008
 18.57776261 13.16416605 18.0102119   9.59985801] 

drones next lat [48.33597201 48.33589694 48.3358928  48.33595681 48.33587299 48.33601998
 48.33600402 48.33595506 48.33599826 48.33592259] drones next lon [14.32688323 14.32672576 14.32682663 14.32681023 14.32676045 14.32673276
 14.32679349 14.32675045 14.32668251 14.32668223] 
WayPoint_Count 138 

Leader Index 4 

Leader Contour 298.5 

Contour Threshold 175 

Converging Before Rutherford Scattering [16.62081767  6.50883534 11.51889261 10.85449371  9.58284567  6.04165815
 11.71200902  7.59320547  4.73726018  3.84901611]_[12.43259539  5.10658359  6.36246644 10.90911607  4.43520683 18.72588785
 16.03405246 10.33834816 15.93385702  9.07141626] 

Minimum Distance Within Rutherford Scattering 4.2 

Converging After Rutherford Scattering [17.42616129  5.65864938 12.56643619 11.49786503  9.77676221  6.02346923
 12.10066188  7.21949809  4.00110405  2.74842658]_[12.54039517  4.38819576  6.12987534 11.15402996  3.13850668 19.79512815
 16.73890209 10.51611615 15.97363169  8.97474905] 

drones next lat [48.33595019 48.33587593 48.33589214 48.33593725 48.33586501 48.33601456
 48.33598754 48.33593118 48.33598002 48.33591696] drones next lon [14.32687764 14.32671983 14.32681283 14.32679781 14.32677554 14.32672293
 14.32680529 14.32674016 14.32669609 14.32668002] 
WayPoint_Count 139 

Leader Index 4 

Leader Contour 304.5 

Contour Threshold 175 

Converging Before Rutherford Scattering [15.72982407  7.24653603 10.51705077 10.10354975  9.24931305  7.30870608
 11.2955634   7.00388402  5.75203923  5.19263073]_[11.88985859  2.86203213  5.39543236  8.97396469  2.28892009 17.31022047
 13.8838735   9.11835736 13.78278684  7.27278511] 

Minimum Distance Within Rutherford Scattering 4.2 

Converging After Rutherford Scattering [16.63793864  6.11934248 11.41104187 10.87738648 10.03488831  7.21000655
 11.74082269  6.59464998  4.95099862  3.82202152]_[12.01549797  2.11612302  5.0102527   9.21834762  0.90386254 18.36839273
 14.58383941  9.58327335 14.20144293  6.77719886] 

drones next lat [48.33594541 48.33585552 48.33588198 48.33591979 48.33584493 48.33600181
 48.33596813 48.33592273 48.33596415 48.33589727] drones next lon [14.32686706 14.32672631 14.32679737 14.32678967 14.32677929 14.32673911
 14.32680069 14.32673184 14.32670912 14.32669477] 
WayPoint_Count 140 

Leader Index 4 

Leader Contour 284.0 

Contour Threshold 175 

Converging Before Rutherford Scattering [16.06547933  8.93944103 11.49947552 10.24819473  9.4609014   6.71119212
 12.32397977  8.28757579  5.00268014  4.62178947]_[11.1895698   1.94017249  3.8037644   6.32455278  1.72272702 16.96903936
 12.04241062  7.43053593 13.08234804  6.16009539] 

Minimum Distance Within Rutherford Scattering 4.2 

Converging After Rutherford Scattering [17.02089389  7.1372235  12.92036103 11.00154733 10.60237412  6.67399047
 12.44651333  7.54474186  4.3740452   3.43901857]_[11.36614769  1.52912249  3.3398176   6.66339126 -0.17813565 17.79893667
 12.70908163  8.12894163 13.33667029  5.97124223] 

drones next lat [48.3359396  48.33585032 48.33586707 48.33589682 48.33583524 48.33599665
 48.33595132 48.33590973 48.33595632 48.33588999] drones next lon [14.32687231 14.32674012 14.32681793 14.32679165 14.32678707 14.32673194
 14.32681043 14.32674483 14.32670144 14.32668969] 
WayPoint_Count 141 

Leader Index 4 

Leader Contour 298.0 

Contour Threshold 175 

Converging Before Rutherford Scattering [16.03208369  8.55715157 12.81855346 10.02484215 10.65083077  6.16670851
 11.18485384  7.63511114  5.66024313  4.0016679 ]_[ 8.61830004 -0.2821758   1.72266502  4.15685028 -1.17696094 15.48842576
 10.52228687  5.45239822 10.62680071  4.96549665] 

Minimum Distance Within Rutherford Scattering 4.2 

Converging After Rutherford Scattering [16.80029593  7.49795671 13.99368297 10.57377356 11.28779767  6.00750897
 11.50808822  7.11901017  5.11590058  2.82803137]_[ 8.83038119 -0.88378959  1.45703557  4.19700605 -2.50373231 16.2633053
 11.14005582  5.80880363 11.03640939  4.74861175] 

drones next lat [48.33591677 48.33582864 48.33585021 48.33587459 48.33581437 48.33598278
 48.33593713 48.33588882 48.33593569 48.33587894] drones next lon [14.32686963 14.32674527 14.32683264 14.32678617 14.3267966  14.32672313
 14.32679795 14.32673937 14.32671172 14.32668159] 
WayPoint_Count 142 

Leader Index 4 

Leader Contour 440.5 

Contour Threshold 175 

Converging Before Rutherford Scattering [16.83693234 10.19980757 13.05974093 11.68614843 11.78002497  7.22449322
 10.78358286  8.97054047  5.23043315  3.9327932 ]_[ 6.62027769 -2.17540271  0.78657274  1.77331917 -1.63326561 15.07560411
  9.86200505  4.31779528  8.51742673  4.35734845] 

Minimum Distance Within Rutherford Scattering 4.2 

Converging After Rutherford Scattering [17.52898687  8.84431453 14.8415705  11.38625019 12.68656636  7.09121756
 11.1084633   8.51661343  4.66066223  3.03985217]_[ 6.92137875 -3.29452312  0.60350046  2.22701201 -2.88119292 15.71022628
 10.43790471  4.67788226  9.07223757  4.0272549 ] 

drones next lat [48.33589965 48.33580706 48.3358426  48.33585694 48.33581108 48.33597789
 48.33593078 48.33587876 48.33591798 48.33587247] drones next lon [14.32687969 14.32676372 14.32684418 14.32679737 14.32681551 14.32673782
 14.32679264 14.32675836 14.32670581 14.32668454] 
WayPoint_Count 143 

Leader Index 5 

Leader Contour 309.0 

Contour Threshold 175 

Converging Before Rutherford Scattering [15.47665957  8.05046895 14.51172211  9.99556106 13.10983114  6.61171223
  9.1680137   9.14536     4.44619004  2.71871143]_[ 9.06225111 -2.09527575  1.57057214  3.51146067 -0.99234642 16.58776525
 12.71397317  6.19584143 10.5188551   5.70094059] 

Minimum Distance Within Rutherford Scattering 4.2 

Converging After Rutherford Scattering [16.07239817  7.58487555 15.47466038  9.96019978 13.34579656  6.39628721
  9.52068282  8.98899315  3.86487689  2.02545972]_[ 9.36244172 -2.76125069  1.75498218  2.97001927 -2.03147219 17.34771301
 13.10591253  6.76560931 10.8387263   5.42135585] 

drones next lat [48.3359215  48.33581176 48.33585301 48.33586351 48.33581878 48.33599257
 48.33595466 48.33589758 48.33593381 48.33588493] drones next lon [14.32685975 14.32674667 14.32685258 14.32677804 14.32682431 14.32672825
 14.32677091 14.32676448 14.32669486 14.32667069] 
WayPoint_Count 144 

Leader Index 4 

Leader Contour 358.5 

Contour Threshold 175 

Converging Before Rutherford Scattering [15.26168974  9.41373821 13.56660919 10.38175327 14.31169169  6.07145229
 10.15888386 10.50314238  4.62954495  2.72032065]_[ 8.35587303 -1.52203418  0.38449924  0.59923478 -2.29040576 15.45526103
 12.15581747  5.75276302 10.13528353  4.10210899] 

Minimum Distance Within Rutherford Scattering 4.2 

Converging After Rutherford Scattering [15.94176291  8.63206007 14.48110925  9.99001165 15.03009045  5.81587829
 10.44584882 10.4400788   4.1078193   2.13416669]_[ 8.65410502 -2.779304    0.72930011  0.9624859  -3.43888466 16.15042951
 12.62901533  6.03047398 10.27667856  3.9141014 ] 

drones next lat [48.33591511 48.33581168 48.33584371 48.33584545 48.33580625 48.33598175
 48.33595044 48.33589108 48.33592878 48.33587138] drones next lon [14.32685807 14.3267608  14.3268393  14.32677868 14.3268472  14.32672056
 14.32678344 14.32678415 14.32669821 14.32667233] 
WayPoint_Count 145 

Leader Index 5 

Leader Contour 295.0 

Contour Threshold 175 

Converging Before Rutherford Scattering [15.32610664  7.39520475 13.50601189  9.7089836  14.89174016  5.4714973
  9.25307436 10.40228361  5.47939497  2.64606141]_[ 9.71621472 -0.46702136  3.47288252  1.92247182 -2.33034062 15.21159953
 14.75665809  8.45824131 12.77922649  4.83136038] 

Minimum Distance Within Rutherford Scattering 4.2 

Converging After Rutherford Scattering [16.02283522  6.78593263 14.21929565  9.66657635 15.29162358  4.88359888
  9.86470005 10.36481041  4.90905058  2.07193534]_[10.0230509  -1.3130131   3.41172266  1.84926244 -2.89644653 16.39128155
 15.35257566  8.54895664 12.24695698  4.73694569] 

drones next lat [48.33592744 48.33582473 48.33586782 48.3358534  48.33581115 48.33598384
 48.33597489 48.33591373 48.33594656 48.33587878] drones next lon [14.326859   14.32673571 14.32683545 14.32677421 14.32685067 14.32670795
 14.32677528 14.32678283 14.32670878 14.32667139] 
WayPoint_Count 146 

Leader Index 5 

Leader Contour 368.5 

Contour Threshold 175 

Converging Before Rutherford Scattering [14.90192318  7.52171907 12.17254349 10.0240851  13.4773409   4.96663945
  7.03008291  9.89089056  5.7606375   3.53259804]_[10.22744196  0.36164421  5.51230584  3.56230195 -0.63372964 15.39473539
 15.27987458 10.92895745 14.75063517  6.55190383] 

Minimum Distance Within Rutherford Scattering 4.2 

Converging After Rutherford Scattering [15.71966337  6.96729419 12.96440925  9.71583549 13.97616164  3.28107353
  8.33532017 10.06843867  5.33826666  2.91199724]_[10.54530965 -0.44122161  5.63400373  3.20918896 -1.27806218 16.81120938
 16.50365846 10.99643705 13.55800722  6.39754007] 

drones next lat [48.33593211 48.33583258 48.33588771 48.33586564 48.33582561 48.3359875
 48.33598513 48.33593572 48.33595839 48.33589378] drones next lon [14.32685485 14.32673806 14.32681826 14.32677471 14.32683272 14.32668628
 14.32675451 14.32677855 14.32671442 14.32668253] 
WayPoint_Count 147 

Leader Index 5 

Leader Contour 333.5 

Contour Threshold 175 

Converging Before Rutherford Scattering [13.66178389  6.01193781 10.68996042  9.59448434 12.14165214  2.57240481
  5.89902102  9.38686287  3.71772705  3.58602783]_[12.40746591  0.67134357  6.88287123  4.33785571 -0.13362032 16.105668
 17.52313566 11.75084041 14.41428737  9.19388116] 

Minimum Distance Within Rutherford Scattering 4.2 

Converging After Rutherford Scattering [14.50930975  5.50635321 11.3306506   9.45038435 12.61394432  1.35494625
  6.37044175  9.46740239  3.65240627  3.00602328]_[12.76337659  0.07265788  7.12684997  3.68869909 -0.78200605 17.08476652
 18.47534754 12.04232525 13.90302933  8.77868256] 

drones next lat [48.33595197 48.33583709 48.33590101 48.33586993 48.33582996 48.3359898
 48.33600271 48.33594508 48.33596136 48.33591521] drones next lon [14.32683826 14.32671829 14.32679603 14.32677107 14.32681429 14.32666026
 14.32672776 14.32677031 14.32669163 14.32668352] 
WayPoint_Count 148 

Leader Index 4 

Leader Contour 284.5 

Contour Threshold 175 

Converging Before Rutherford Scattering [15.18631177  6.62040721 12.64653512  9.97203369 12.68708255  1.67573901
  6.36759073 10.90433787  5.41012685  4.90884522]_[11.08198303  0.32402828  5.0584701   2.82975386  0.21531576 14.72618214
 15.78797814  9.82116219 11.49760012  8.24240114] 

Minimum Distance Within Rutherford Scattering 4.2 

Converging After Rutherford Scattering [15.97618999  5.96323713 13.45737946  9.66128926 13.32007381  0.87706107
  6.58409042 11.0353504   5.21840136  4.28593711]_[11.4997235  -0.37659885  5.13295535  2.59520905 -0.68365699 15.14290713
 16.67637554 10.14372841 11.81781242  7.63641919] 

drones next lat [48.33594072 48.33583309 48.33588324 48.33586011 48.3358309  48.3359723
 48.33598654 48.33592813 48.33594273 48.33590504] drones next lon [14.3268582  14.3267245  14.32682497 14.32677405 14.3268238  14.32665404
 14.32673086 14.32679169 14.32671301 14.32670092] 
WayPoint_Count 149 

Leader Index 5 

Leader Contour 336.0 

Contour Threshold 175 

Converging Before Rutherford Scattering [13.52975508  6.23868319 12.60201898  9.21900106 11.66750696  0.21881681
  3.67388884  8.98445129  2.90241919  2.71302825]_[12.83356513  1.08456833  7.08275914  3.52412598  1.79776311 15.89571155
 15.9521497  10.06027412 12.34855071  8.79142706] 

Minimum Distance Within Rutherford Scattering 4.2 

Converging After Rutherford Scattering [14.11006762  5.60903741 13.387594    8.98243123 12.50525695 -0.74495697
  4.10369073  8.99361025  2.63841509  2.16442334]_[13.37149628  0.31721186  7.07523788  3.53493312  0.9162513  16.42560201
 16.86844582 10.34293333 12.3930295   8.12575377] 

drones next lat [48.33595741 48.3358393  48.33590071 48.33586851 48.33584523 48.33598371
 48.33598808 48.33592976 48.3359477  48.33590927] drones next lon [14.3268328  14.32671964 14.32682379 14.32676478 14.32681262 14.326632
 14.32669737 14.32676412 14.32667813 14.32667224] 
WayPoint_Count 150 

Leader Index 4 

Leader Contour 288.5 

Contour Threshold 175 

Converging Before Rutherford Scattering [14.48398783  7.65699425 13.0790244  11.34703011 11.874888   -0.07409231
  5.34776089  8.69207906  2.94700778  4.74486807]_[12.16489437  1.48875082  6.09513955  2.99230028  0.13995562 14.1269767
 16.04892325  8.49304834 10.77903452  7.32360802] 

Minimum Distance Within Rutherford Scattering 4.2 

Converging After Rutherford Scattering [14.97995824  6.93130789 13.99209864 11.55865745 12.41909963 -0.81270419
  5.48440219  8.87096367  2.47806532  4.19769925]_[12.65507538  0.82803867  6.40168316  2.90823703 -1.10778132 14.57722405
 16.72325638  8.89236044 10.95986082  6.81467687] 

drones next lat [48.33595103 48.335844   48.3358947  48.33586308 48.33582702 48.33596708
 48.33598688 48.3359167  48.33593479 48.33589764] drones next lon [14.32684462 14.32673742 14.32683203 14.32679961 14.3268117  14.32663131
 14.32671602 14.32676264 14.32667614 14.32669983] 
WayPoint_Count 151 

Leader Index 4 

Leader Contour 326.5 

Contour Threshold 175 

Converging Before Rutherford Scattering [13.67724163  7.82845947 12.58414197 12.8661844  13.21035493  0.76512383
  6.10515825  8.5509803   4.26261717  5.58639719]_[11.03854011  0.31102101  4.3796726   0.49380192 -1.71926725 12.09096182
 13.86470217  7.15704745 10.27462926  4.42821352] 

Minimum Distance Within Rutherford Scattering 4.2 

Converging After Rutherford Scattering [14.21250421  7.3804464  13.2250291  13.30341297 13.6873801  -0.14180477
  6.28399595  8.71819405  3.95267883  4.81482232]_[11.52068891 -0.42479583  4.74521703  0.57787852 -3.14996356 12.47219672
 14.75332882  7.47362851 10.24365431  4.10748919] 

drones next lat [48.33594077 48.33583276 48.33587973 48.33584225 48.33580875 48.33594819
 48.33596922 48.33590392 48.33592847 48.33587333] drones next lon [14.3268344  14.32674363 14.32682188 14.32682343 14.32682905 14.32664061
 14.32672704 14.32676075 14.32669612 14.32670848] 
WayPoint_Count 152 

Leader Index 4 

Leader Contour 386.0 

Contour Threshold 175 

Converging Before Rutherford Scattering [13.52167763  9.18689688 12.35801399 14.11313263 14.17263185  0.30355927
  6.43837843  8.60453489  5.61991939  6.8111796 ]_[ 8.73680185 -0.21852461  2.57012235 -0.61522189 -4.02433804 10.50024004
 12.11263243  5.93841927  9.4967763   1.9473199 ] 

Minimum Distance Within Rutherford Scattering 4.2 

Converging After Rutherford Scattering [14.14605861  8.96189824 12.87023016 14.97086385 14.48318798 -0.41794505
  6.61079582  8.62590694  5.09736067  5.78156732]_[ 9.2661609  -1.17432107  2.9346772  -0.80928235 -5.10489101 10.69868424
 13.31464623  6.18095114  9.39255564  1.74504665] 

drones next lat [48.33592048 48.33582615 48.33586342 48.3358299  48.33579122 48.33593221
 48.3359563  48.33589229 48.3359209  48.33585216] drones next lon [14.32683377 14.32676506 14.3268173  14.32684609 14.32684002 14.32663709
 14.32673162 14.32675965 14.32671166 14.3267218 ] 
WayPoint_Count 153 

Leader Index 5 

Leader Contour 330.0 

Contour Threshold 175 

Converging Before Rutherford Scattering [13.00987864  7.58836645 11.63538534 14.32682523 12.3719797   0.19749082
  3.79291261  5.98286785  4.12090347  3.67081053]_[ 9.98185737 -0.59598727  3.07304359  0.67644234 -2.97620239 11.4868712
 12.28564264  6.55420051  9.6092004   3.62337572] 

Minimum Distance Within Rutherford Scattering 4.2 

Converging After Rutherford Scattering [13.47349259  7.24080874 11.80066306 15.30637902 12.56766362 -0.85587534
  3.95757077  6.39165321  3.92224884  2.89281611]_[10.41563751 -1.20624526  3.3785648   0.49691178 -3.86091132 11.78544882
 13.61729297  6.44031238  9.59462673  3.05680572] 

drones next lat [48.33593077 48.33582572 48.33586733 48.33584168 48.33580226 48.33594196
 48.33595882 48.33589444 48.33592263 48.33586373] drones next lon [14.32682456 14.32674184 14.32680282 14.32685046 14.32681403 14.32663106
 14.32669578 14.32672948 14.32669578 14.32668267] 
WayPoint_Count 154 

Leader Index 4 

Leader Contour 413.0 

Contour Threshold 175 

Converging Before Rutherford Scattering [12.56984251  8.44151366 11.59452652 14.74091776 13.52234485  1.22078084
  3.88082789  8.359451    5.30843957  4.98564071]_[ 9.04914276 -2.90621199  2.29867069 -2.06319489 -4.15854155  9.63481004
 12.10124484  4.38211465  8.86433628  2.77836262] 

Minimum Distance Within Rutherford Scattering 4.2 

Converging After Rutherford Scattering [13.10273909  8.00550671 12.19418617 15.73123266 13.55797957  0.19296228
  3.80277757  8.41792777  5.4571573   4.1618162 ]_[ 9.55475536 -3.50020773  2.27392662 -1.80305116 -5.32097386  9.64623543
 13.23157551  4.60436188  8.96644671  2.3276647 ] 

drones next lat [48.33592299 48.33580515 48.33585742 48.33582102 48.33578921 48.3359228
 48.33595533 48.33587809 48.3359171  48.33585727] drones next lon [14.32681966 14.32675243 14.32680826 14.32685647 14.32682756 14.32664546
 14.32669374 14.32675703 14.32671657 14.32669988] 
WayPoint_Count 155 

Leader Index 5 

Leader Contour 305.0 

Contour Threshold 175 

Converging Before Rutherford Scattering [11.05035556  7.88376882  9.54428369 14.55437452 11.97064391  0.95584427
  1.43040712  7.50220318  4.43104621  4.20232677]_[10.56755162 -1.34500406  3.6456462  -1.51792366 -2.86228788  8.99969767
 12.12403374  6.26347132  8.9338864   3.97582583] 

Minimum Distance Within Rutherford Scattering 4.2 

Converging After Rutherford Scattering [11.6322699   7.39657195 10.27925559 15.60815133 11.96669509 -0.15928266
  1.01755591  7.78501197  4.52827206  3.47075291]_[11.16546287 -1.94911604  3.34352773 -1.48681201 -3.75762516  8.73978959
 13.26273524  6.60096701  9.49836863  3.36759932] 

drones next lat [48.33593737 48.33581905 48.33586689 48.33582386 48.33580314 48.33591461
 48.33595539 48.335896   48.33592181 48.33586657] drones next lon [14.32679963 14.32674403 14.3267823  14.32685477 14.32680591 14.32664082
 14.32665616 14.32674826 14.32670397 14.32669043] 
WayPoint_Count 156 

Leader Index 5 

Leader Contour 312.0 

Contour Threshold 175 

Converging Before Rutherford Scattering [ 9.0585751   7.24169824  7.51272106 14.44621545 11.40694552  0.29958409
 -0.13464131  6.56198261  1.84266277  2.71575607]_[ 9.97372648 -0.28725697  4.12015106 -1.25506852 -1.76892752  9.62829468
 10.56603447  7.82691618  8.47597426  4.09364856] 

Minimum Distance Within Rutherford Scattering 4.2 

Converging After Rutherford Scattering [ 9.96169354  6.8857052   8.05224581 15.48923926 11.42993814 -0.9924562
 -1.14714082  6.78047597  2.42514698  2.06665173]_[10.84869049 -1.02492093  3.86129127 -1.3503766  -2.43126253  9.02549135
 12.63763037  8.18797114  8.30300672  3.3159714 ] 

drones next lat [48.33593438 48.33582733 48.33587137 48.33582508 48.33581503 48.33591712
 48.3359496  48.3359102  48.33591089 48.335866  ] drones next lon [14.32677712 14.32673703 14.32675219 14.32685315 14.32679851 14.32662954
 14.32662703 14.32673452 14.32667574 14.32667149] 
WayPoint_Count 157 

Leader Index 4 

Leader Contour 367.0 

Contour Threshold 175 

Converging Before Rutherford Scattering [10.18648748  8.10086813  9.64566544 14.4311059  11.83070462  1.16257724
  0.98995718  7.5838347   3.50314422  2.86240189]_[ 7.86081584 -2.33479964  1.33706512 -2.34997294 -3.34744277  6.94087445
 11.61989932  7.35588056  7.74901394  2.6870338 ] 

Minimum Distance Within Rutherford Scattering 4.2 

Converging After Rutherford Scattering [11.38920657  7.45519728  9.94186002 15.60376555 11.89782578 -0.17013859
  0.53266514  7.61451433  3.63399259  2.39785812]_[ 8.44577679 -3.00103503  1.53253685 -2.3539342  -4.27043598  6.76483797
 12.52131138  7.56614465  8.27579948  2.03736577] 

drones next lat [48.33591288 48.33580959 48.33585057 48.33581606 48.33579852 48.33589685
 48.33594869 48.33590467 48.33591074 48.33585452] drones next lon [14.32679667 14.32674494 14.32677796 14.32685481 14.32680504 14.3266409
 14.3266497  14.32674584 14.32669205 14.32667611] 
WayPoint_Count 158 

Leader Index 4 

Leader Contour 298.5 

Contour Threshold 175 

Converging Before Rutherford Scattering [11.59759302  8.40150772  9.74526335 13.02659791 12.59211327  0.62791496
  2.49806533  7.52176744  3.93803807  4.89336576]_[ 7.43909003 -3.76498825 -0.9123261  -3.87175987 -4.99013375  6.1503399
 10.3292651   5.05145252  6.00038408  1.48980168] 

Minimum Distance Within Rutherford Scattering 4.2 

Converging After Rutherford Scattering [12.28966376  7.70343296 10.01925027 14.31255038 12.70397783 -0.57714814
  2.26074906  8.03612606  3.78602755  4.30759709]_[ 7.98444826 -4.64370164 -0.53931917 -3.14220103 -6.73357413  6.12762533
 11.29885103  5.30769336  6.31585768  0.94544566] 

drones next lat [48.3359088  48.33579484 48.33583194 48.33580887 48.33577643 48.33589108
 48.33593783 48.33588439 48.33589312 48.33584485] drones next lon [14.32680887 14.32674849 14.32677925 14.32683748 14.32681621 14.32663549
 14.32667316 14.3267518  14.32669433 14.32670201] 
WayPoint_Count 159 

Leader Index 5 

Leader Contour 264.0 

Contour Threshold 175 

Converging Before Rutherford Scattering [10.61832265  5.7654609   7.41867995 12.10977769 10.61136483  0.22333861
  2.29425991  6.15356495  1.06536511  2.72901705]_[ 8.65012225 -2.36310277  0.10624935 -1.22201082 -4.58738122  5.52827488
  9.63800744  4.50312132  5.53830663  1.42241407] 

Minimum Distance Within Rutherford Scattering 4.2 

Converging After Rutherford Scattering [11.14132242  5.260907    7.899263   13.08047254 10.94924028 -1.96987596
  2.19647221  6.63811007  1.75100011  2.04223997]_[ 9.15749182 -3.473869    0.19145569 -1.09752087 -5.56778569  5.62610678
 10.71735099  4.98170175  5.84470683  0.83436284] 

drones next lat [48.33591926 48.33580517 48.33583835 48.33582716 48.33578678 48.33588646
 48.33593259 48.33588134 48.33588872 48.33584367] drones next lon [14.32679324 14.32671539 14.32675056 14.32682062 14.32679239 14.32661675
 14.32667237 14.32673297 14.32666693 14.32667146] 
WayPoint_Count 160 

Leader Index 5 

Leader Contour 328.0 

Contour Threshold 175 

Converging Before Rutherford Scattering [ 8.87788581  3.04800222  6.81252178 12.22185663 10.23360303 -2.87339213
  1.85214939  3.96084919  0.53469102  1.30662843]_[ 9.58053447 -1.6597114   0.40952517 -0.53481701 -4.86353697  6.05466076
  8.78306825  5.86157299  6.35287975  1.53155694] 

Minimum Distance Within Rutherford Scattering 4.2 

Converging After Rutherford Scattering [ 9.41984827e+00  2.81048251e+00  7.23964538e+00  1.29727566e+01
  1.04744298e+01 -4.15986966e+00  1.85347930e+00  4.69713230e+00
 -2.16392986e-03  6.69054843e-01]_[10.07263983 -2.70002811  0.31915076 -0.46101261 -5.58499921  6.16023854
 10.21226543  5.93884957  6.36170279  1.19692596] 

drones next lat [48.33592736 48.33581193 48.33583945 48.33583288 48.33578659 48.33589109
 48.33592802 48.3358898  48.33589323 48.33584682] drones next lon [14.3267699  14.32668224 14.32674164 14.32681909 14.32678599 14.32658714
 14.3266678  14.32670667 14.32664322 14.32665289] 
WayPoint_Count 161 

Leader Index 5 

Leader Contour 322.5 

Contour Threshold 175 

Converging Before Rutherford Scattering [ 8.04357743  2.05839533  6.11203803 10.11162239  8.17922501 -4.90670528
 -0.78376596  3.59674218 -2.93055217 -1.49394104]_[ 8.68087594 -2.00292761  1.98912101  0.16630533 -3.65555809  5.49522984
  9.30015241  6.42680448  5.89920327  3.27047635] 

Minimum Distance Within Rutherford Scattering 4.2 

Converging After Rutherford Scattering [ 8.64569952  1.78103465  6.28215785 11.01327566  8.41102262 -6.60887568
 -0.81802609  3.78152174 -2.93063924 -1.57053511]_[ 9.23755175 -2.68112892  1.94781085  0.14841131 -4.46897706  5.37643803
 10.38967174  6.77396401  6.4492478   2.3966934 ] 

drones next lat [48.33591979 48.33581202 48.33585402 48.33583821 48.33579646 48.33588385
 48.3359294  48.33589724 48.33589379 48.33585744] drones next lon [14.32675956 14.32666835 14.32672853 14.32679258 14.32675802 14.32655419
 14.32663173 14.32669422 14.32660369 14.32662253] 
WayPoint_Count 162 

Leader Index 5 

Leader Contour 288.0 

Contour Threshold 175 

Converging Before Rutherford Scattering [ 7.5864546  -0.36762394  4.51642556  9.07904898  7.24204265 -7.57569145
 -2.78163841  1.14979778 -4.25932047 -3.75098287]_[ 9.22249565 -2.00382314  1.47593416 -0.28260545 -2.50867114  5.6319126
  9.97289073  5.74706198  6.69568919  2.5263471 ] 

Minimum Distance Within Rutherford Scattering 4.2 

Converging After Rutherford Scattering [ 7.98960426 -0.56337422  4.63914846 10.08601624  7.3017263  -8.73656564
 -2.7479263   1.44133856 -4.47507079 -4.09638444]_[ 9.63108113 -2.69804318  1.51453596 -0.04991248 -3.51123368  5.61629126
 11.04406502  6.049206    6.96565496  1.91558668] 

drones next lat [48.33592327 48.33581169 48.33584999 48.33583635 48.33580499 48.33588584
 48.33593514 48.33589053 48.33589831 48.33585291] drones next lon [14.32675066 14.32663672 14.32670641 14.32678009 14.32674293 14.32652546
 14.32660562 14.32666273 14.32658279 14.3265885 ] 
WayPoint_Count 163 

Leader Index 5 

Leader Contour 259.0 

Contour Threshold 175 

Converging Before Rutherford Scattering [ 5.07154838 -2.96130278  2.66077627  8.13146614  6.26989145 -9.67336369
 -4.26994436 -1.38698605 -7.38158789 -5.07418025]_[ 9.39383842 -1.18101628  1.10309636 -0.47262521 -3.2298244   5.96616183
 10.70014391  6.52178118  6.38096655  3.97306547] 

Minimum Distance Within Rutherford Scattering 4.2 

Converging After Rutherford Scattering [  5.49351556  -3.16047925   2.80496585   8.93313053   6.33979474
 -11.16510497  -4.3177949   -0.92910198  -7.48006717  -5.13254119]_[ 9.77308037 -1.88357535  1.05067942 -0.22819942 -4.08301444  5.84363465
 11.58782093  6.79237229  6.9680739   3.3347155 ] 

drones next lat [48.33592436 48.33581881 48.33584568 48.33583465 48.33579977 48.33588769
 48.33593991 48.33589703 48.3358981  48.3358656 ] drones next lon [14.32671696 14.32660158 14.32668172 14.32676456 14.32673002 14.32649266
 14.32658437 14.32663066 14.32654225 14.32657435] 
WayPoint_Count 164 

Leader Index 6 

Leader Contour 200.0 

Contour Threshold 175 

Converging Before Rutherford Scattering [ 4.23013825 -3.93346295  2.41217926  7.38703156  6.19683831 -9.40244333
 -4.45734127 -1.58941864 -5.4979981  -4.99082114]_[ 9.42591026 -0.68956494  3.39399572  0.10430688 -2.23913879  8.10211879
 10.5976054   7.556191    9.14140813  4.32654124] 

Minimum Distance Within Rutherford Scattering 4.2 

Converging After Rutherford Scattering [  4.79080677  -4.12796841   2.66117837   8.20545017   6.16186578
 -10.53567719  -4.08747202  -1.09027129  -6.23064131  -5.39256892]_[ 9.89294791 -1.41686952  3.21388106  0.46269951 -3.24445345  8.14250292
 12.20919657  7.66106542  9.00656997  3.79183331] 

drones next lat [48.33592538 48.33582293 48.33586512 48.33584081 48.3358073  48.33590842
 48.33594551 48.33590484 48.33591653 48.33586969] drones next lon [14.32670747 14.32658847 14.32667953 14.32675466 14.32672752 14.32650088
 14.3265874  14.32662838 14.32655887 14.32657079] 
WayPoint_Count 165 

Leader Index 5 

Leader Contour 154.0 

Contour Threshold 175 

Previous Drone Positions [  4.79080677  -4.12796841   2.66117837   8.20545017   6.16186578
 -10.53567719  -4.08747202  -1.09027129  -6.23064131  -5.39256892]_[ 9.89294791 -1.41686952  3.21388106  0.46269951 -3.24445345  8.14250292
 12.20919657  7.66106542  9.00656997  3.79183331] 

Mean Previous Drone Positions [-0.96452981 -0.96452981 -0.96452981 -0.96452981 -0.96452981 -0.96452981
 -0.96452981 -0.96452981 -0.96452981 -0.96452981]_[4.97193737 4.97193737 4.97193737 4.97193737 4.97193737 4.97193737
 4.97193737 4.97193737 4.97193737 4.97193737] 

relative Drone Positions [ 18.9  14.7  10.5   6.3   2.1  -2.1  -6.3 -10.5 -14.7 -18.9]_[-0. -0. -0. -0.  0.  0.  0.  0.  0.  0.] 

current starting Drone Positions [ 17.93547019  13.73547019   9.53547019   5.33547019   1.13547019
  -3.06452981  -7.26452981 -11.46452981 -15.66452981 -19.86452981]_[4.97193737 4.97193737 4.97193737 4.97193737 4.97193737 4.97193737
 4.97193737 4.97193737 4.97193737 4.97193737] 

scanning direction vector [0. 0. 0. 0. 0. 0. 0. 0. 0. 0.]_[2. 2. 2. 2. 2. 2. 2. 2. 2. 2.] 

changing back speed 0.3 

velocity vector [ 3.94339903  5.35903158  2.06228755 -0.86099399 -1.50791868  2.24134422
 -0.95311734 -3.11227755 -2.83016655 -4.34158827]_[ 0.52369684  3.91664207  2.52741689  3.35277136  4.46491725  1.04883034
 -0.17117776  1.19326158  0.78961022  2.35403122] 

Moving Straight [ 8.7342058   1.23106317  4.72346592  7.34445618  4.6539471  -8.29433298
 -5.04058936 -4.20254885 -9.06080786 -9.73415719]_[10.41664475  2.49977255  5.74129795  3.81547087  1.2204638   9.19133325
 12.03801881  8.85432701  9.79618019  6.14586453] 

drones next lat [48.3359304  48.33585859 48.33588802 48.33587091 48.33584735 48.33591803
 48.3359439  48.33591532 48.33592341 48.33589052] drones next lon [14.32676061 14.32666031 14.32670705 14.32674264 14.32670665 14.326531
 14.32657456 14.32658625 14.32652059 14.32651193] 
WayPoint_Count 166 

Leader Index 4 

Leader Contour 216.5 

Contour Threshold 175 

Converging Before Rutherford Scattering [ 7.5506742   3.95621756  5.26264086  5.8630756   4.45804813 -7.09943743
 -3.15505135 -3.68376252 -6.42519745 -7.43693003]_[ 9.51658056  1.27559267  2.91983847  1.42791288  2.20108788  7.28167902
 11.3832789   7.46056965  8.3942007   6.41242284] 

Minimum Distance Within Rutherford Scattering 4.2 

Converging After Rutherford Scattering [ 7.97458449  2.82412315  6.70124719  7.5430188   3.25148397 -8.43003705
 -2.698843   -2.8827869  -6.4515561  -8.54095695]_[10.059332   -0.83206885  4.48524602  0.11339956  2.92677355  7.57425619
 12.48758256  7.02172351 10.27021248  4.16670655] 

drones next lat [48.33592713 48.33582874 48.33587688 48.33583762 48.33586259 48.33590347
 48.33594813 48.33589894 48.33592788 48.33587281] drones next lon [14.32675041 14.3266822  14.32673389 14.32674576 14.32668752 14.32652936
 14.32660611 14.32660427 14.32655574 14.32652827] 
WayPoint_Count 167 

Leader Index 4 

Leader Contour 266.0 

Contour Threshold 175 

Converging Before Rutherford Scattering [ 5.91761965  4.0279481   5.78127065  5.05301791  4.06394458 -6.29736518
 -0.78542241 -0.54402788 -3.86128613 -6.28714157]_[ 8.08800385  1.36424416  4.09219558  1.78601067  3.50978964  7.79655366
 11.30549345  5.17379545  8.96855017  4.92187538] 

Minimum Distance Within Rutherford Scattering 4.2 

Converging After Rutherford Scattering [ 6.49243039  2.87717265  7.45778114  6.82371437  3.32619605 -7.62152334
 -0.46084936 -0.93191212 -3.91675367 -6.9776984 ]_[ 9.12767264 -0.45615984  4.70099624  0.52803994  4.00574578  8.24694045
 12.30519425  4.98652871  9.62834136  3.93321247] 

drones next lat [48.33591863 48.33583213 48.33587888 48.33584129 48.3358723  48.33590959
 48.33594666 48.33588079 48.33592231 48.33587083] drones next lon [14.32673052 14.32668287 14.32674407 14.32673601 14.3266884  14.32654019
 14.32663632 14.32663084 14.32659001 14.32654939] 
WayPoint_Count 168 

Leader Index 4 

Leader Contour 312.0 

Contour Threshold 175 

Converging Before Rutherford Scattering [ 5.65480469  3.76038319  5.66976216  5.17502848  2.92410036 -6.6611509
  1.34748304  0.25377612 -2.12212903 -4.15510214]_[ 8.40330854  2.26425208  5.35198777  0.96514933  4.92134343  7.95077728
 10.69389446  3.89154937  9.37859263  4.51584513] 

Minimum Distance Within Rutherford Scattering 4.2 

Converging After Rutherford Scattering [ 6.50717063  3.40878094  7.18715994  6.4627061   2.79287188 -7.67795469
  1.53161213 -0.66681952 -2.67766439 -5.02090706]_[ 9.53971313  1.31244053  5.27188528 -0.58999857  5.53701635  8.28769593
 11.77215364  3.24759193 10.01749461  3.94070718] 

drones next lat [48.33592234 48.33584808 48.335884   48.3358312  48.33588603 48.33590995
 48.33594203 48.33586516 48.33592591 48.33587106] drones next lon [14.32673067 14.32668984 14.32674035 14.32673127 14.32668103 14.32653942
 14.32666327 14.32663462 14.32660668 14.32657579] 
WayPoint_Count 169 

Leader Index 4 

Leader Contour 240.0 

Contour Threshold 175 

Converging Before Rutherford Scattering [ 4.17680699  2.17602983  5.74190788  5.20457268  2.16077034 -5.76124177
  1.77734033  1.80391613 -0.30814948 -2.80415622]_[7.83037278 3.62084052 6.22676467 2.09885737 6.31190192 8.77938304
 8.82329406 3.75512428 8.18109579 3.37467523] 

Minimum Distance Within Rutherford Scattering 4.2 

Converging After Rutherford Scattering [ 5.47022166  3.27199019  7.64605198  6.59486636  2.10942399 -6.73658247
  1.76323914 -0.08882456 -1.77814583 -4.08444374]_[ 9.27402969  2.03436277  6.01439138  0.72563631  6.41676097  9.15760553
 10.90126602  2.93687749  8.87930965  2.66206984] 

drones next lat [48.33591986 48.33585456 48.33589071 48.33584305 48.33589389 48.33591785
 48.33593421 48.33586242 48.33591574 48.33585963] drones next lon [14.32671671 14.32668791 14.32674645 14.3267329  14.3266717  14.32655202
 14.3266665  14.32664245 14.32661896 14.32658858] 
WayPoint_Count 170 

Leader Index 4 

Leader Contour 241.0 

Contour Threshold 175 

Converging Before Rutherford Scattering [ 3.04756699  3.19149192  5.93191023  4.36461464  2.74268034 -3.86360747
  1.68896511  0.19852071  0.50109299 -1.65082999]_[7.54044036 3.06578036 7.11918282 2.17213678 7.19070308 8.83670701
 9.8808112  5.25255611 7.00144037 3.0083282 ] 

Minimum Distance Within Rutherford Scattering 4.2 

Converging After Rutherford Scattering [ 4.71303921  2.95502394  7.94353249  6.02003663  2.9884393  -5.14632061
  1.39213323 -0.74973543 -0.89163465 -3.07210864]_[ 9.54744889  2.11290697  7.17023232  0.51009269  6.30669867  9.41714701
 11.98774231  4.30991929  8.11655971  1.58933842] 

drones next lat [48.33592226 48.33585524 48.33590113 48.33584107 48.33589297 48.33592031
 48.33594395 48.33587472 48.33590895 48.33585006] drones next lon [14.32670646 14.32668362 14.32675033 14.32672516 14.32668357 14.32657345
 14.32666136 14.32663337 14.32663101 14.32660236] 
WayPoint_Count 171 

Leader Index 5 

Leader Contour 181.5 

Contour Threshold 175 

Converging Before Rutherford Scattering [ 3.46818835  0.91646638  5.06174114  5.41278552  0.44584213 -5.76632366
 -0.50475104 -3.05224336 -3.31303515 -3.84038936]_[10.17677322  2.61907933  7.09534661  1.46475054  6.28271957  8.6325476
 10.25659754  5.7576309   9.56212558  4.48929441] 

Minimum Distance Within Rutherford Scattering 4.2 

Converging After Rutherford Scattering [ 4.31103257  1.01042422  6.24253506  6.17644117  1.01067552 -7.47772295
 -0.14479495 -3.23933153 -3.901187   -5.15979115]_[11.2058849   1.43643552  6.96994394  0.76014703  6.164853    8.89413298
 11.49601055  5.91649762 10.70623921  2.78672056] 

drones next lat [48.33593715 48.335849   48.3358992  48.33584333 48.33589154 48.33591542
 48.33593941 48.33588897 48.33593201 48.33586066] drones next lon [14.32670084 14.32665746 14.3267274  14.32672725 14.32665691 14.32654205
 14.32664068 14.32659959 14.32659009 14.32657405] 
WayPoint_Count 172 

Leader Index 4 

Leader Contour 293.0 

Contour Threshold 175 

Converging Before Rutherford Scattering [ 2.28159867  2.0103162   5.25467618  5.61697228  0.36781886 -4.84291623
 -0.53751477 -0.83196545 -1.62925777 -3.05104729]_[ 9.17515918  3.45713763  6.51700248  1.63708395  6.9308395   8.96452353
 10.11893441  5.12143349  8.75307797  4.68222471] 

Minimum Distance Within Rutherford Scattering 4.2 

Converging After Rutherford Scattering [ 3.59920917  2.4553996   6.63697612  6.55309535  1.0437625  -6.52387872
 -0.43561512 -1.17435277 -2.69108205 -4.8248334 ]_[10.36603091  2.19775559  6.62238093  0.72679732  7.01661328  9.51153037
 12.29623876  3.85385773  9.10329907  3.66291291] 

drones next lat [48.33592954 48.33585597 48.3358961  48.33584306 48.33589921 48.33592105
 48.33594659 48.33587058 48.33591768 48.33586857] drones next lon [14.32669133 14.32667687 14.32673277 14.32673233 14.32665725 14.32655485
 14.32663667 14.3266277  14.32660661 14.32657847] 
WayPoint_Count 173 

Leader Index 5 

Leader Contour 240.0 

Contour Threshold 175 

Converging Before Rutherford Scattering [ 2.25245611  1.15787966  4.0984379   4.94258893 -1.84509138 -7.0153
 -2.49845539 -1.79144993 -5.41735792 -4.65360668]_[10.96100939  4.42824411  6.24022769  0.84329205  7.78792344 10.38245237
 10.49458821  5.96052265  9.99044125  6.26784689] 

Minimum Distance Within Rutherford Scattering 4.2 

Converging After Rutherford Scattering [ 3.10945489  1.67832536  5.30287877  5.52967596 -1.35008755 -9.09284718
 -2.15216738 -1.99917241 -5.72835968 -6.0675995 ]_[11.83570196  3.40404885  6.40419493  0.05112369  8.23945771 11.08770486
 12.18797902  4.45272898 10.40268188  5.2909262 ] 

drones next lat [48.33594272 48.33586676 48.33589403 48.3358369  48.33591002 48.33593503
 48.33594548 48.3358759  48.33592913 48.33588312] drones next lon [14.32668455 14.32666624 14.32671479 14.3267186  14.32662481 14.32652
 14.32661352 14.3266165  14.32656548 14.32656151] 
WayPoint_Count 174 

Leader Index 4 

Leader Contour 152.0 

Contour Threshold 175 

Previous Drone Positions [ 3.10945489  1.67832536  5.30287877  5.52967596 -1.35008755 -9.09284718
 -2.15216738 -1.99917241 -5.72835968 -6.0675995 ]_[11.83570196  3.40404885  6.40419493  0.05112369  8.23945771 11.08770486
 12.18797902  4.45272898 10.40268188  5.2909262 ] 

Mean Previous Drone Positions [-1.07698987 -1.07698987 -1.07698987 -1.07698987 -1.07698987 -1.07698987
 -1.07698987 -1.07698987 -1.07698987 -1.07698987]_[7.33565481 7.33565481 7.33565481 7.33565481 7.33565481 7.33565481
 7.33565481 7.33565481 7.33565481 7.33565481] 

relative Drone Positions [ 18.9  14.7  10.5   6.3   2.1  -2.1  -6.3 -10.5 -14.7 -18.9]_[-0. -0. -0. -0.  0.  0.  0.  0.  0.  0.] 

current starting Drone Positions [ 17.82301013  13.62301013   9.42301013   5.22301013   1.02301013
  -3.17698987  -7.37698987 -11.57698987 -15.77698987 -19.97698987]_[7.33565481 7.33565481 7.33565481 7.33565481 7.33565481 7.33565481
 7.33565481 7.33565481 7.33565481 7.33565481] 

scanning direction vector [0. 0. 0. 0. 0. 0. 0. 0. 0. 0.]_[2. 2. 2. 2. 2. 2. 2. 2. 2. 2.] 

changing back speed 0.3 

velocity vector [ 4.41406657  3.58340543  1.23603941 -0.09199975  0.7119293   1.77475719
 -1.56744675 -2.87334524 -3.01458906 -4.17281711]_[0.64998585 3.17948179 2.27943796 4.18535934 1.72885913 0.87438498
 0.54430273 2.86487775 1.07989188 2.61341858] 

Moving Straight [  7.52352146   5.26173079   6.53891818   5.43767621  -0.63815824
  -7.31808999  -3.71961413  -4.87251765  -8.74294874 -10.24041661]_[12.48568781  6.58353064  8.68363289  4.23648302  9.96831684 11.96208984
 12.73228176  7.31760673 11.48257376  7.90434478] 

drones next lat [48.33594892 48.33589564 48.33591464 48.33587454 48.33592563 48.33594304
 48.33595025 48.33590145 48.33593861 48.3359063 ] drones next lon [14.32674403 14.32671421 14.3267312  14.32671687 14.32663421 14.32654384
 14.3265923  14.32657739 14.32652468 14.32650489] 
WayPoint_Count 175 

Leader Index 5 

Leader Contour 155.5 

Contour Threshold 175 

Previous Drone Positions [  7.52352146   5.26173079   6.53891818   5.43767621  -0.63815824
  -7.31808999  -3.71961413  -4.87251765  -8.74294874 -10.24041661]_[12.48568781  6.58353064  8.68363289  4.23648302  9.96831684 11.96208984
 12.73228176  7.31760673 11.48257376  7.90434478] 

Mean Previous Drone Positions [-1.07698987 -1.07698987 -1.07698987 -1.07698987 -1.07698987 -1.07698987
 -1.07698987 -1.07698987 -1.07698987 -1.07698987]_[9.33565481 9.33565481 9.33565481 9.33565481 9.33565481 9.33565481
 9.33565481 9.33565481 9.33565481 9.33565481] 

relative Drone Positions [ 18.9  14.7  10.5   6.3   2.1  -2.1  -6.3 -10.5 -14.7 -18.9]_[-0. -0. -0. -0.  0.  0.  0.  0.  0.  0.] 

current starting Drone Positions [ 17.82301013  13.62301013   9.42301013   5.22301013   1.02301013
  -3.17698987  -7.37698987 -11.57698987 -15.77698987 -19.97698987]_[9.33565481 9.33565481 9.33565481 9.33565481 9.33565481 9.33565481
 9.33565481 9.33565481 9.33565481 9.33565481] 

scanning direction vector [0. 0. 0. 0. 0. 0. 0. 0. 0. 0.]_[2. 2. 2. 2. 2. 2. 2. 2. 2. 2.] 

changing back speed 0.3 

velocity vector [ 3.0898466   2.5083838   0.86522758 -0.06439982  0.49835051  1.24233003
 -1.09721272 -2.01134167 -2.11021234 -2.92097198]_[1.0549901  2.82563725 2.19560657 3.52975153 1.81020139 1.21206949
 0.98101191 2.60541442 1.35592431 2.42939301] 

Moving Straight [ 10.61336806   7.77011459   7.40414576   5.37327639  -0.13980773
  -6.07575995  -4.81682685  -6.88385932 -10.85316108 -13.16138859]_[13.54067791  9.40916789 10.87923947  7.76623456 11.77851823 13.17415933
 13.71329367  9.92302115 12.83849807 10.33373779] 

drones next lat [48.33595865 48.33592126 48.33593446 48.33590629 48.33594195 48.33595404
 48.33595899 48.33592473 48.33595064 48.33592793] drones next lon [14.3267856  14.32674772 14.32674261 14.32671558 14.32664072 14.32656046
 14.32657738 14.32654994 14.32649604 14.3264652 ] 
WayPoint_Count 176 

Leader Index 5 

Leader Contour 181.5 

Contour Threshold 175 

Converging Before Rutherford Scattering [  7.83128283   6.4614244    5.88034367   2.89668971  -2.79112181
  -6.90755391  -7.46533947  -5.64894391  -9.813837   -10.58728158]_[12.87419956 10.71758218 10.3207854   7.87643014 12.94607    12.61907482
 13.51237965 12.52258087 13.27282828 10.38157199] 

Minimum Distance Within Rutherford Scattering 4.2 

Converging After Rutherford Scattering [  8.74220381   8.13044439   5.01003481   2.45340144  -1.43727938
  -7.62503508  -7.73784419  -4.52069986 -11.53075046 -11.62881255]_[14.25794136 10.67526559  9.57930702  6.86547211 13.4738121  11.084975
 15.68214109 12.223397   13.94106025  9.26013138] 

drones next lat [48.33596496 48.33593268 48.33592257 48.33589796 48.3359571  48.33593512
 48.33597647 48.33594561 48.33596051 48.33591839] drones next lon [14.32676027 14.32675244 14.32671046 14.32667629 14.32662301 14.32653981
 14.32653774 14.32658156 14.32648677 14.326486  ] 
WayPoint_Count 177 

Leader Index 5 

Leader Contour 120.5 

Contour Threshold 175 

Previous Drone Positions [  8.74220381   8.13044439   5.01003481   2.45340144  -1.43727938
  -7.62503508  -7.73784419  -4.52069986 -11.53075046 -11.62881255]_[14.25794136 10.67526559  9.57930702  6.86547211 13.4738121  11.084975
 15.68214109 12.223397   13.94106025  9.26013138] 

Mean Previous Drone Positions [-2.01443371 -2.01443371 -2.01443371 -2.01443371 -2.01443371 -2.01443371
 -2.01443371 -2.01443371 -2.01443371 -2.01443371]_[11.70435029 11.70435029 11.70435029 11.70435029 11.70435029 11.70435029
 11.70435029 11.70435029 11.70435029 11.70435029] 

relative Drone Positions [ 18.9  14.7  10.5   6.3   2.1  -2.1  -6.3 -10.5 -14.7 -18.9]_[-0. -0. -0. -0.  0.  0.  0.  0.  0.  0.] 

current starting Drone Positions [ 16.88556629  12.68556629   8.48556629   4.28556629   0.08556629
  -4.11443371  -8.31443371 -12.51443371 -16.71443371 -20.91443371]_[11.70435029 11.70435029 11.70435029 11.70435029 11.70435029 11.70435029
 11.70435029 11.70435029 11.70435029 11.70435029] 

scanning direction vector [0. 0. 0. 0. 0. 0. 0. 0. 0. 0.]_[2. 2. 2. 2. 2. 2. 2. 2. 2. 2.] 

changing back speed 0.3 

velocity vector [ 2.44300874  1.36653657  1.04265945  0.54964946  0.4568537   1.05318041
 -0.17297686 -2.39812015 -1.55510497 -2.78568635]_[1.23392268 2.30872541 2.63751298 3.45166345 1.46916146 2.18581259
 0.80666276 1.84428599 1.32898701 2.73326567] 

Moving Straight [ 11.18521256   9.49698096   6.05269425   3.00305089  -0.98042568
  -6.57185467  -7.91082104  -6.91882002 -13.08585544 -14.4144989 ]_[15.49186404 12.983991   12.21682    10.31713557 14.94297356 13.27078758
 16.48880385 14.06768299 15.27004726 11.99339705] 

drones next lat [48.33597625 48.33595356 48.33594638 48.33592905 48.33597035 48.33595487
 48.33598371 48.33596201 48.33597234 48.33594276] drones next lon [14.32679308 14.3267706  14.32672422 14.3266833  14.326629   14.32655376
 14.32653531 14.32654898 14.32646563 14.32644809] 
WayPoint_Count 178 

Leader Index 5 

Leader Contour 169.5 

Contour Threshold 175 

Previous Drone Positions [ 11.18521256   9.49698096   6.05269425   3.00305089  -0.98042568
  -6.57185467  -7.91082104  -6.91882002 -13.08585544 -14.4144989 ]_[15.49186404 12.983991   12.21682    10.31713557 14.94297356 13.27078758
 16.48880385 14.06768299 15.27004726 11.99339705] 

Mean Previous Drone Positions [-2.01443371 -2.01443371 -2.01443371 -2.01443371 -2.01443371 -2.01443371
 -2.01443371 -2.01443371 -2.01443371 -2.01443371]_[13.70435029 13.70435029 13.70435029 13.70435029 13.70435029 13.70435029
 13.70435029 13.70435029 13.70435029 13.70435029] 

relative Drone Positions [ 18.9  14.7  10.5   6.3   2.1  -2.1  -6.3 -10.5 -14.7 -18.9]_[-0. -0. -0. -0.  0.  0.  0.  0.  0.  0.] 

current starting Drone Positions [ 16.88556629  12.68556629   8.48556629   4.28556629   0.08556629
  -4.11443371  -8.31443371 -12.51443371 -16.71443371 -20.91443371]_[13.70435029 13.70435029 13.70435029 13.70435029 13.70435029 13.70435029
 13.70435029 13.70435029 13.70435029 13.70435029] 

scanning direction vector [0. 0. 0. 0. 0. 0. 0. 0. 0. 0.]_[2. 2. 2. 2. 2. 2. 2. 2. 2. 2.] 

changing back speed 0.3 

velocity vector [ 1.71010612  0.9565756   0.72986161  0.38475462  0.31979759  0.73722629
 -0.1210838  -1.67868411 -1.08857348 -1.94998044]_[1.46374588 2.21610779 2.44625909 3.01616442 1.62841302 2.13006881
 1.16466393 1.89100019 1.53029091 2.51328597] 

Moving Straight [ 12.89531868  10.45355656   6.78255587   3.38780551  -0.66062809
  -5.83462838  -8.03190484  -8.59750412 -14.17442892 -16.36447934]_[16.95560991 15.20009878 14.66307909 13.33329998 16.57138658 15.4008564
 17.65346778 15.95868318 16.80033817 14.50668302] 

drones next lat [48.33598955 48.33597357 48.33596845 48.33595622 48.33598503 48.33597409
 48.33599418 48.33597889 48.33598602 48.33596521] drones next lon [14.32681598 14.32678324 14.32673378 14.32668813 14.32663312 14.32656345
 14.32653354 14.32652611 14.32645076 14.32642148] 
WayPoint_Count 179 

Leader Index 6 

Leader Contour 113.0 

Contour Threshold 175 

Previous Drone Positions [ 12.89531868  10.45355656   6.78255587   3.38780551  -0.66062809
  -5.83462838  -8.03190484  -8.59750412 -14.17442892 -16.36447934]_[16.95560991 15.20009878 14.66307909 13.33329998 16.57138658 15.4008564
 17.65346778 15.95868318 16.80033817 14.50668302] 

Mean Previous Drone Positions [-2.01443371 -2.01443371 -2.01443371 -2.01443371 -2.01443371 -2.01443371
 -2.01443371 -2.01443371 -2.01443371 -2.01443371]_[15.70435029 15.70435029 15.70435029 15.70435029 15.70435029 15.70435029
 15.70435029 15.70435029 15.70435029 15.70435029] 

relative Drone Positions [ 18.9  14.7  10.5   6.3   2.1  -2.1  -6.3 -10.5 -14.7 -18.9]_[-0. -0. -0. -0.  0.  0.  0.  0.  0.  0.] 

current starting Drone Positions [ 16.88556629  12.68556629   8.48556629   4.28556629   0.08556629
  -4.11443371  -8.31443371 -12.51443371 -16.71443371 -20.91443371]_[15.70435029 15.70435029 15.70435029 15.70435029 15.70435029 15.70435029
 15.70435029 15.70435029 15.70435029 15.70435029] 

scanning direction vector [0. 0. 0. 0. 0. 0. 0. 0. 0. 0.]_[2. 2. 2. 2. 2. 2. 2. 2. 2. 2.] 

changing back speed 0.3 

velocity vector [ 1.19707428  0.66960292  0.51090313  0.26932823  0.22385831  0.5160584
 -0.08475866 -1.17507888 -0.76200144 -1.36498631]_[1.62462211 2.15127545 2.31238136 2.71131509 1.73988911 2.09104817
 1.41526475 1.92370013 1.67120364 2.35930018] 

Moving Straight [ 14.09239296  11.12315948   7.29345899   3.65713375  -0.43676977
  -5.31856998  -8.1166635   -9.772583   -14.93643036 -17.72946565]_[18.58023203 17.35137424 16.97546045 16.04461507 18.31127569 17.49190456
 19.06873253 17.88238331 18.47154181 16.8659832 ] 

drones next lat [48.33600426 48.33599297 48.33598929 48.33598063 48.3360007  48.33599294
 48.3360069  48.3359961  48.33600099 48.33598633] drones next lon [14.32683194 14.32679202 14.3267404  14.32669144 14.32663594 14.32657017
 14.32653223 14.32651002 14.32644028 14.32640279] 
WayPoint_Count 180 

Leader Index 4 

Leader Contour 147.0 

Contour Threshold 175 

Previous Drone Positions [ 14.09239296  11.12315948   7.29345899   3.65713375  -0.43676977
  -5.31856998  -8.1166635   -9.772583   -14.93643036 -17.72946565]_[18.58023203 17.35137424 16.97546045 16.04461507 18.31127569 17.49190456
 19.06873253 17.88238331 18.47154181 16.8659832 ] 

Mean Previous Drone Positions [-2.01443371 -2.01443371 -2.01443371 -2.01443371 -2.01443371 -2.01443371
 -2.01443371 -2.01443371 -2.01443371 -2.01443371]_[17.70435029 17.70435029 17.70435029 17.70435029 17.70435029 17.70435029
 17.70435029 17.70435029 17.70435029 17.70435029] 

relative Drone Positions [ 18.9  14.7  10.5   6.3   2.1  -2.1  -6.3 -10.5 -14.7 -18.9]_[-0. -0. -0. -0.  0.  0.  0.  0.  0.  0.] 

current starting Drone Positions [ 16.88556629  12.68556629   8.48556629   4.28556629   0.08556629
  -4.11443371  -8.31443371 -12.51443371 -16.71443371 -20.91443371]_[17.70435029 17.70435029 17.70435029 17.70435029 17.70435029 17.70435029
 17.70435029 17.70435029 17.70435029 17.70435029] 

scanning direction vector [0. 0. 0. 0. 0. 0. 0. 0. 0. 0.]_[2. 2. 2. 2. 2. 2. 2. 2. 2. 2.] 

changing back speed 0.3 

velocity vector [ 0.837952    0.46872204  0.35763219  0.18852976  0.15670082  0.36124088
 -0.05933106 -0.82255521 -0.53340101 -0.95549042]_[1.73723548 2.10589282 2.21866695 2.49792056 1.81792238 2.06373372
 1.59068533 1.94659009 1.76984255 2.25151013] 

Moving Straight [ 14.93034496  11.59188152   7.65109118   3.84566351  -0.28006895
  -4.9573291   -8.17599456 -10.59513821 -15.46983136 -18.68495607]_[20.3174675  19.45726705 19.1941274  18.54253564 20.12919807 19.55563828
 20.65941786 19.82897341 20.24138435 19.11749333] 

drones next lat [48.33601996 48.33601196 48.33600928 48.33600312 48.33601706 48.33601153
 48.33602121 48.33601355 48.33601687 48.33600651] drones next lon [14.32684304 14.3267981  14.32674496 14.32669369 14.32663784 14.3265748
 14.32653124 14.3264987  14.32643287 14.32638963] 
WayPoint_Count 181 

Leader Index 5 

Leader Contour 161.5 

Contour Threshold 175 

Previous Drone Positions [ 14.93034496  11.59188152   7.65109118   3.84566351  -0.28006895
  -4.9573291   -8.17599456 -10.59513821 -15.46983136 -18.68495607]_[20.3174675  19.45726705 19.1941274  18.54253564 20.12919807 19.55563828
 20.65941786 19.82897341 20.24138435 19.11749333] 

Mean Previous Drone Positions [-2.01443371 -2.01443371 -2.01443371 -2.01443371 -2.01443371 -2.01443371
 -2.01443371 -2.01443371 -2.01443371 -2.01443371]_[19.70435029 19.70435029 19.70435029 19.70435029 19.70435029 19.70435029
 19.70435029 19.70435029 19.70435029 19.70435029] 

relative Drone Positions [ 18.9  14.7  10.5   6.3   2.1  -2.1  -6.3 -10.5 -14.7 -18.9]_[-0. -0. -0. -0.  0.  0.  0.  0.  0.  0.] 

current starting Drone Positions [ 16.88556629  12.68556629   8.48556629   4.28556629   0.08556629
  -4.11443371  -8.31443371 -12.51443371 -16.71443371 -20.91443371]_[19.70435029 19.70435029 19.70435029 19.70435029 19.70435029 19.70435029
 19.70435029 19.70435029 19.70435029 19.70435029] 

scanning direction vector [0. 0. 0. 0. 0. 0. 0. 0. 0. 0.]_[2. 2. 2. 2. 2. 2. 2. 2. 2. 2.] 

changing back speed 0.3 

velocity vector [ 0.5865664   0.32810543  0.25034253  0.13197083  0.10969057  0.25286862
 -0.04153174 -0.57578865 -0.3733807  -0.66884329]_[1.81606484 2.07412497 2.15306687 2.3485444  1.87254567 2.0446136
 1.71347973 1.96261307 1.83888978 2.17605709] 

Moving Straight [ 15.51691136  11.91998695   7.90143372   3.97763434  -0.17037838
  -4.70446048  -8.21752631 -11.17092686 -15.84321207 -19.35379936]_[22.13353234 21.53139202 21.34719427 20.89108003 22.00174374 21.60025188
 22.37289759 21.79158647 22.08027413 21.29355042] 

drones next lat [48.33603634 48.33603064 48.33602867 48.33602425 48.33603392 48.33602995
 48.33603662 48.33603116 48.33603339 48.33602603] drones next lon [14.32685074 14.32680228 14.32674808 14.32669519 14.32663909 14.32657797
 14.32653047 14.32649069 14.32642762 14.32638035] 
WayPoint_Count 182 

Leader Index 5 

Leader Contour 239.5 

Contour Threshold 175 

Converging Before Rutherford Scattering [ 14.51725952   9.83827663   6.89271392   2.85774684  -1.63666675
  -5.67227021  -5.28942634  -9.180447   -12.99002357 -17.94354426]_[22.0544663  20.54302141 21.2525684  20.56703071 22.67587077 21.85193487
 22.16644435 22.73239751 22.51272143 22.14332304] 

Minimum Distance Within Rutherford Scattering 4.2 

Converging After Rutherford Scattering [ 15.16131989  10.53881486   6.87127797   2.81403275  -0.93957618
  -6.5495306   -4.60623801  -9.65258655 -13.63911105 -18.60478428]_[22.20191336 20.18243068 21.53464473 20.16578318 22.98290672 20.17095267
 23.46844233 23.16429632 22.5185012  22.1099076 ] 

drones next lat [48.33603693 48.3360184  48.33603027 48.33601764 48.33604268 48.33601694
 48.33604676 48.33604363 48.3360375  48.33603343] drones next lon [14.32684593 14.3267838  14.32673416 14.32667958 14.3266286  14.32655324
 14.32657907 14.32651102 14.32645731 14.32639035] 
WayPoint_Count 183 

Leader Index 4 

Leader Contour 224.5 

Contour Threshold 175 

Converging Before Rutherford Scattering [ 13.77741767   8.01112557   5.59282898   2.08674665  -0.87574295
  -4.5955752   -3.60888575  -8.43684012 -12.04542943 -15.6326781 ]_[21.50931069 19.84521955 21.17358429 21.85523823 23.98086729 22.05328552
 23.03529544 22.50168115 21.6772653  21.98442892] 

Minimum Distance Within Rutherford Scattering 4.2 

Converging After Rutherford Scattering [ 14.33274401   8.88765479   5.87114851   2.11986711  -0.21796874
  -5.14762935  -3.65052313  -8.83165247 -12.49142731 -16.59924611]_[21.586997   19.18768508 21.41740524 21.49662667 25.00680367 20.6282855
 24.03672362 22.82135873 21.40010115 22.03418972] 

drones next lat [48.33603133 48.33600932 48.33602914 48.33602955 48.33606095 48.33602117
 48.33605195 48.33604061 48.33602753 48.33603291] drones next lon [14.32683483 14.32676164 14.32672068 14.32667006 14.3266381  14.3265721
 14.3265919  14.32652213 14.32647292 14.32641742] 
WayPoint_Count 184 

Leader Index 5 

Leader Contour 193.5 

Contour Threshold 175 

Converging Before Rutherford Scattering [ 11.36192564   6.18762524   4.15670639  -0.84770806  -2.59974749
  -6.14555687  -3.46098629  -7.53982446 -11.27961062 -13.66684953]_[21.71849539 20.09560997 22.23440835 21.06891603 24.14148129 20.69263351
 22.31639598 20.89393578 21.82027574 22.11082752] 

Minimum Distance Within Rutherford Scattering 4.2 

Converging After Rutherford Scattering [ 12.00478402   6.82356768   4.39421449  -0.05561279  -2.21381661
  -5.65513834  -3.58674711  -8.66215328 -11.69946145 -15.18366266]_[21.80503973 19.37021787 22.87884137 20.2944652  25.88338332 19.37119701
 22.44048181 20.74170907 22.03022091 22.27742325] 

drones next lat [48.33603311 48.3360108  48.33604217 48.33601857 48.33606868 48.33600982
 48.33603759 48.33602191 48.33603326 48.33603521] drones next lon [14.32680339 14.32673377 14.32670058 14.32664085 14.32661106 14.3265654
 14.32659295 14.32652467 14.32648353 14.32643649] 
WayPoint_Count 185 

Leader Index 5 

Leader Contour 185.0 

Contour Threshold 175 

Converging Before Rutherford Scattering [  9.29762548   5.25984148   1.80864345  -2.97290735  -2.15042028
  -5.03042906  -5.64128112  -7.42188857  -9.16730111 -12.57703989]_[22.21980133 20.27018876 22.93654092 19.63897193 24.18088226 20.15205443
 20.43218581 20.72713637 21.93755725 22.41429036] 

Minimum Distance Within Rutherford Scattering 4.2 

Converging After Rutherford Scattering [ 10.05181026   5.73574397   2.37997676  -1.19486866  -2.06006816
  -4.54093854  -5.88246909  -8.92827932 -10.15802102 -13.99804318]_[22.40751509 19.75746326 23.40199752 18.75700068 25.26976668 18.37729434
 21.77144644 19.42284551 23.14253557 22.60174432] 

drones next lat [48.33603837 48.33601419 48.33604672 48.33600465 48.33606317 48.33600097
 48.33603139 48.33601003 48.33604339 48.33603822] drones next lon [14.32677697 14.32671905 14.32667334 14.32662566 14.32661321 14.32658055
 14.32656205 14.32652123 14.3265042  14.32645245] 
WayPoint_Count 186 

Leader Index 5 

Leader Contour 148.5 

Contour Threshold 175 

Previous Drone Positions [ 10.05181026   5.73574397   2.37997676  -1.19486866  -2.06006816
  -4.54093854  -5.88246909  -8.92827932 -10.15802102 -13.99804318]_[22.40751509 19.75746326 23.40199752 18.75700068 25.26976668 18.37729434
 21.77144644 19.42284551 23.14253557 22.60174432] 

Mean Previous Drone Positions [-2.8595157 -2.8595157 -2.8595157 -2.8595157 -2.8595157 -2.8595157
 -2.8595157 -2.8595157 -2.8595157 -2.8595157]_[21.49096094 21.49096094 21.49096094 21.49096094 21.49096094 21.49096094
 21.49096094 21.49096094 21.49096094 21.49096094] 

relative Drone Positions [ 18.9  14.7  10.5   6.3   2.1  -2.1  -6.3 -10.5 -14.7 -18.9]_[-0. -0. -0. -0.  0.  0.  0.  0.  0.  0.] 

current starting Drone Positions [ 16.0404843  11.8404843   7.6404843   3.4404843  -0.7595157  -4.9595157
  -9.1595157 -13.3595157 -17.5595157 -21.7595157]_[21.49096094 21.49096094 21.49096094 21.49096094 21.49096094 21.49096094
 21.49096094 21.49096094 21.49096094 21.49096094] 

scanning direction vector [0. 0. 0. 0. 0. 0. 0. 0. 0. 0.]_[2. 2. 2. 2. 2. 2. 2. 2. 2. 2.] 

changing back speed 0.3 

velocity vector [ 1.79660221  1.8314221   1.57815226  1.39060589  0.39016574 -0.12557315
 -0.98311398 -1.32937091 -2.2204484  -2.32844176]_[1.72503375 2.5200493  1.42668903 2.82018808 0.86635828 2.93409998
 1.91585435 2.62043463 1.50452761 1.66676499] 

Moving Straight [ 11.84841248   7.56716607   3.95812903   0.19573723  -1.66990242
  -4.66651169  -6.86558307 -10.25765024 -12.37846942 -16.32648494]_[24.13254885 22.27751257 24.82868655 21.57718876 26.13612496 21.31139432
 23.68730079 22.04328014 24.64706318 24.26850931] 

drones next lat [48.33605404 48.33603701 48.33605967 48.33603013 48.33607099 48.33602735
 48.33604855 48.33603349 48.33605675 48.33605303] drones next lon [14.32680101 14.32674346 14.32669446 14.32664408 14.32661837 14.32657851
 14.32654856 14.32650299 14.32647406 14.32642084] 
WayPoint_Count 187 

Leader Index 5 

Leader Contour 151.5 

Contour Threshold 175 

Previous Drone Positions [ 11.84841248   7.56716607   3.95812903   0.19573723  -1.66990242
  -4.66651169  -6.86558307 -10.25765024 -12.37846942 -16.32648494]_[24.13254885 22.27751257 24.82868655 21.57718876 26.13612496 21.31139432
 23.68730079 22.04328014 24.64706318 24.26850931] 

Mean Previous Drone Positions [-2.8595157 -2.8595157 -2.8595157 -2.8595157 -2.8595157 -2.8595157
 -2.8595157 -2.8595157 -2.8595157 -2.8595157]_[23.49096094 23.49096094 23.49096094 23.49096094 23.49096094 23.49096094
 23.49096094 23.49096094 23.49096094 23.49096094] 

relative Drone Positions [ 18.9  14.7  10.5   6.3   2.1  -2.1  -6.3 -10.5 -14.7 -18.9]_[-0. -0. -0. -0.  0.  0.  0.  0.  0.  0.] 

current starting Drone Positions [ 16.0404843  11.8404843   7.6404843   3.4404843  -0.7595157  -4.9595157
  -9.1595157 -13.3595157 -17.5595157 -21.7595157]_[23.49096094 23.49096094 23.49096094 23.49096094 23.49096094 23.49096094
 23.49096094 23.49096094 23.49096094 23.49096094] 

scanning direction vector [0. 0. 0. 0. 0. 0. 0. 0. 0. 0.]_[2. 2. 2. 2. 2. 2. 2. 2. 2. 2.] 

changing back speed 0.3 

velocity vector [ 1.25762155  1.28199547  1.10470658  0.97342412  0.27311602 -0.0879012
 -0.68817979 -0.93055964 -1.55431388 -1.62990923]_[1.80752363 2.36403451 1.59868232 2.57413166 1.2064508  2.65386999
 1.94109805 2.43430424 1.65316933 1.76673549] 

Moving Straight [ 13.10603402   8.84916154   5.06283561   1.16916135  -1.3967864
  -4.75441289  -7.55376286 -11.18820987 -13.93278331 -17.95639416]_[25.94007248 24.64154708 26.42736887 24.15132041 27.34257575 23.96526431
 25.62839884 24.47758438 26.30023251 26.0352448 ] 

drones next lat [48.3360704  48.33605838 48.33607414 48.33605336 48.33608187 48.33605122
 48.33606596 48.33605532 48.3360715  48.3360688 ] drones next lon [14.32681776 14.32676048 14.32670918 14.32665691 14.32662191 14.32657701
 14.32653904 14.32649014 14.3264529  14.32639864] 
WayPoint_Count 188 

Leader Index 6 

Leader Contour 140.5 

Contour Threshold 175 

Previous Drone Positions [ 13.10603402   8.84916154   5.06283561   1.16916135  -1.3967864
  -4.75441289  -7.55376286 -11.18820987 -13.93278331 -17.95639416]_[25.94007248 24.64154708 26.42736887 24.15132041 27.34257575 23.96526431
 25.62839884 24.47758438 26.30023251 26.0352448 ] 

Mean Previous Drone Positions [-2.8595157 -2.8595157 -2.8595157 -2.8595157 -2.8595157 -2.8595157
 -2.8595157 -2.8595157 -2.8595157 -2.8595157]_[25.49096094 25.49096094 25.49096094 25.49096094 25.49096094 25.49096094
 25.49096094 25.49096094 25.49096094 25.49096094] 

relative Drone Positions [ 18.9  14.7  10.5   6.3   2.1  -2.1  -6.3 -10.5 -14.7 -18.9]_[-0. -0. -0. -0.  0.  0.  0.  0.  0.  0.] 

current starting Drone Positions [ 16.0404843  11.8404843   7.6404843   3.4404843  -0.7595157  -4.9595157
  -9.1595157 -13.3595157 -17.5595157 -21.7595157]_[25.49096094 25.49096094 25.49096094 25.49096094 25.49096094 25.49096094
 25.49096094 25.49096094 25.49096094 25.49096094] 

scanning direction vector [0. 0. 0. 0. 0. 0. 0. 0. 0. 0.]_[2. 2. 2. 2. 2. 2. 2. 2. 2. 2.] 

changing back speed 0.3 

velocity vector [ 0.88033508  0.89739683  0.77329461  0.68139689  0.19118121 -0.06153084
 -0.48172585 -0.65139175 -1.08801972 -1.14093646]_[1.86526654 2.25482416 1.71907762 2.40189216 1.44451556 2.45770899
 1.95876863 2.30401297 1.75721853 1.83671484] 

Moving Straight [ 13.98636911   9.74655837   5.83613022   1.85055824  -1.20560519
  -4.81594373  -8.03548871 -11.83960162 -15.02080302 -19.09733062]_[27.80533902 26.89637124 28.14644649 26.55321257 28.78709131 26.4229733
 27.58716747 26.78159735 28.05745104 27.87195964] 

drones next lat [48.33608724 48.33607873 48.33608967 48.33607502 48.33609488 48.33607332
 48.33608354 48.336076   48.33608722 48.33608523] drones next lon [14.32682942 14.32677232 14.32671941 14.32666582 14.32662432 14.32657589
 14.32653231 14.32648108 14.32643801 14.32638303] 
WayPoint_Count 189 

Leader Index 4 

Leader Contour 119.0 

Contour Threshold 175 

Previous Drone Positions [ 13.98636911   9.74655837   5.83613022   1.85055824  -1.20560519
  -4.81594373  -8.03548871 -11.83960162 -15.02080302 -19.09733062]_[27.80533902 26.89637124 28.14644649 26.55321257 28.78709131 26.4229733
 27.58716747 26.78159735 28.05745104 27.87195964] 

Mean Previous Drone Positions [-2.8595157 -2.8595157 -2.8595157 -2.8595157 -2.8595157 -2.8595157
 -2.8595157 -2.8595157 -2.8595157 -2.8595157]_[27.49096094 27.49096094 27.49096094 27.49096094 27.49096094 27.49096094
 27.49096094 27.49096094 27.49096094 27.49096094] 

relative Drone Positions [ 18.9  14.7  10.5   6.3   2.1  -2.1  -6.3 -10.5 -14.7 -18.9]_[-0. -0. -0. -0.  0.  0.  0.  0.  0.  0.] 

current starting Drone Positions [ 16.0404843  11.8404843   7.6404843   3.4404843  -0.7595157  -4.9595157
  -9.1595157 -13.3595157 -17.5595157 -21.7595157]_[27.49096094 27.49096094 27.49096094 27.49096094 27.49096094 27.49096094
 27.49096094 27.49096094 27.49096094 27.49096094] 

scanning direction vector [0. 0. 0. 0. 0. 0. 0. 0. 0. 0.]_[2. 2. 2. 2. 2. 2. 2. 2. 2. 2.] 

changing back speed 0.3 

velocity vector [ 0.61623456  0.62817778  0.54130623  0.47697782  0.13382685 -0.04307159
 -0.3372081  -0.45597422 -0.7616138  -0.79865552]_[1.90568658 2.17837691 1.80335434 2.28132451 1.61116089 2.32039629
 1.97113804 2.21280908 1.83005297 1.88570039] 

Moving Straight [ 14.60260367  10.37473615   6.37743644   2.32753606  -1.07177834
  -4.85901532  -8.37269681 -12.29557584 -15.78241683 -19.89598615]_[29.71102559 29.07474815 29.94980083 28.83453708 30.3982522  28.74336959
 29.55830551 28.99440643 29.88750401 29.75766003] 

drones next lat [48.33610444 48.33609838 48.33610594 48.33609558 48.33610938 48.33609419
 48.33610125 48.33609587 48.33610362 48.33610213] drones next lon [14.32683751 14.32678054 14.3267265  14.32667199 14.32662594 14.32657503
 14.32652753 14.32647467 14.32642751 14.32637203] 
WayPoint_Count 190 

Leader Index 4 

Leader Contour 170.0 

Contour Threshold 175 

Previous Drone Positions [ 14.60260367  10.37473615   6.37743644   2.32753606  -1.07177834
  -4.85901532  -8.37269681 -12.29557584 -15.78241683 -19.89598615]_[29.71102559 29.07474815 29.94980083 28.83453708 30.3982522  28.74336959
 29.55830551 28.99440643 29.88750401 29.75766003] 

Mean Previous Drone Positions [-2.8595157 -2.8595157 -2.8595157 -2.8595157 -2.8595157 -2.8595157
 -2.8595157 -2.8595157 -2.8595157 -2.8595157]_[29.49096094 29.49096094 29.49096094 29.49096094 29.49096094 29.49096094
 29.49096094 29.49096094 29.49096094 29.49096094] 

relative Drone Positions [ 18.9  14.7  10.5   6.3   2.1  -2.1  -6.3 -10.5 -14.7 -18.9]_[-0. -0. -0. -0.  0.  0.  0.  0.  0.  0.] 

current starting Drone Positions [ 16.0404843  11.8404843   7.6404843   3.4404843  -0.7595157  -4.9595157
  -9.1595157 -13.3595157 -17.5595157 -21.7595157]_[29.49096094 29.49096094 29.49096094 29.49096094 29.49096094 29.49096094
 29.49096094 29.49096094 29.49096094 29.49096094] 

scanning direction vector [0. 0. 0. 0. 0. 0. 0. 0. 0. 0.]_[2. 2. 2. 2. 2. 2. 2. 2. 2. 2.] 

changing back speed 0.3 

velocity vector [ 0.43136419  0.43972445  0.37891436  0.33388447  0.09367879 -0.03015011
 -0.23604567 -0.31918196 -0.53312966 -0.55905887]_[1.9339806  2.12486384 1.86234804 2.19692716 1.72781262 2.22427741
 1.97979663 2.14896635 1.88103708 1.91999027] 

Moving Straight [ 15.03396786  10.81446059   6.7563508    2.66142053  -0.97809955
  -4.88916543  -8.60874247 -12.6147578  -16.31554649 -20.45504501]_[31.6450062  31.19961199 31.81214886 31.03146424 32.12606482 30.967647
 31.53810214 31.14337278 31.76854109 31.6776503 ] 

drones next lat [48.33612187 48.33611753 48.33612272 48.33611537 48.33612493 48.3361142
 48.33611904 48.33611517 48.3361205  48.33611936] drones next lon [14.3268431  14.32678622 14.32673139 14.32667623 14.326627   14.32657436
 14.32652411 14.3264701  14.3264201  14.32636426] 
WayPoint_Count 191 

Leader Index 4 

Leader Contour 57.0 

Contour Threshold 175 

Previous Drone Positions [ 15.03396786  10.81446059   6.7563508    2.66142053  -0.97809955
  -4.88916543  -8.60874247 -12.6147578  -16.31554649 -20.45504501]_[31.6450062  31.19961199 31.81214886 31.03146424 32.12606482 30.967647
 31.53810214 31.14337278 31.76854109 31.6776503 ] 

Mean Previous Drone Positions [-2.8595157 -2.8595157 -2.8595157 -2.8595157 -2.8595157 -2.8595157
 -2.8595157 -2.8595157 -2.8595157 -2.8595157]_[31.49096094 31.49096094 31.49096094 31.49096094 31.49096094 31.49096094
 31.49096094 31.49096094 31.49096094 31.49096094] 

relative Drone Positions [ 18.9  14.7  10.5   6.3   2.1  -2.1  -6.3 -10.5 -14.7 -18.9]_[-0. -0. -0. -0.  0.  0.  0.  0.  0.  0.] 

current starting Drone Positions [ 16.0404843  11.8404843   7.6404843   3.4404843  -0.7595157  -4.9595157
  -9.1595157 -13.3595157 -17.5595157 -21.7595157]_[31.49096094 31.49096094 31.49096094 31.49096094 31.49096094 31.49096094
 31.49096094 31.49096094 31.49096094 31.49096094] 

scanning direction vector [0. 0. 0. 0. 0. 0. 0. 0. 0. 0.]_[2. 2. 2. 2. 2. 2. 2. 2. 2. 2.] 

changing back speed 0.3 

velocity vector [ 0.30195493  0.30780711  0.26524005  0.23371913  0.06557516 -0.02110508
 -0.16523197 -0.22342737 -0.37319076 -0.39134121]_[1.95378642 2.08740469 1.90364362 2.13784901 1.80946884 2.15699418
 1.98585764 2.10427645 1.91672596 1.94399319] 

Moving Straight [ 15.33592279  11.12226771   7.02159085   2.89513966  -0.91252439
  -4.91027051  -8.77397444 -12.83818517 -16.68873725 -20.84638622]_[33.59879262 33.28701667 33.71579248 33.16931325 33.93553366 33.12464118
 33.52395978 33.24764923 33.68526705 33.6216435 ] 

drones next lat [48.33613947 48.33613633 48.33613987 48.33613462 48.33614122 48.3361336
 48.33613689 48.33613409 48.33613772 48.33613682] drones next lon [14.32684694 14.32679012 14.32673475 14.32667913 14.32662767 14.32657382
 14.32652164 14.32646684 14.32641484 14.32635875] 
WayPoint_Count 192 

Leader Index 4 

Leader Contour 65.0 

Contour Threshold 175 

Previous Drone Positions [ 15.33592279  11.12226771   7.02159085   2.89513966  -0.91252439
  -4.91027051  -8.77397444 -12.83818517 -16.68873725 -20.84638622]_[33.59879262 33.28701667 33.71579248 33.16931325 33.93553366 33.12464118
 33.52395978 33.24764923 33.68526705 33.6216435 ] 

Mean Previous Drone Positions [-2.8595157 -2.8595157 -2.8595157 -2.8595157 -2.8595157 -2.8595157
 -2.8595157 -2.8595157 -2.8595157 -2.8595157]_[33.49096094 33.49096094 33.49096094 33.49096094 33.49096094 33.49096094
 33.49096094 33.49096094 33.49096094 33.49096094] 

relative Drone Positions [ 18.9  14.7  10.5   6.3   2.1  -2.1  -6.3 -10.5 -14.7 -18.9]_[-0. -0. -0. -0.  0.  0.  0.  0.  0.  0.] 

current starting Drone Positions [ 16.0404843  11.8404843   7.6404843   3.4404843  -0.7595157  -4.9595157
  -9.1595157 -13.3595157 -17.5595157 -21.7595157]_[33.49096094 33.49096094 33.49096094 33.49096094 33.49096094 33.49096094
 33.49096094 33.49096094 33.49096094 33.49096094] 

scanning direction vector [0. 0. 0. 0. 0. 0. 0. 0. 0. 0.]_[2. 2. 2. 2. 2. 2. 2. 2. 2. 2.] 

changing back speed 0.3 

velocity vector [ 0.21136845  0.21546498  0.18566804  0.16360339  0.04590261 -0.01477356
 -0.11566238 -0.15639916 -0.26123353 -0.27393884]_[1.9676505  2.06118328 1.93255054 2.09649431 1.86662819 2.10989593
 1.99010035 2.07299351 1.94170817 1.96079523] 

Moving Straight [ 15.54729124  11.33773269   7.20725889   3.05874305  -0.86662178
  -4.92504407  -8.88963682 -12.99458433 -16.94997078 -21.12032506]_[35.56644312 35.34819995 35.64834302 35.26580756 35.80216184 35.23453711
 35.51406013 35.32064274 35.62697521 35.58243873] 

drones next lat [48.33615719 48.33615489 48.33615727 48.3361535  48.33615801 48.33615258
 48.33615479 48.33615272 48.33615516 48.33615443] drones next lon [14.32684956 14.32679279 14.32673702 14.32668109 14.32662807 14.32657337
 14.32651985 14.32646449 14.32641108 14.32635482] 
WayPoint_Count 193 

Leader Index 4 

Leader Contour 77.5 

Contour Threshold 175 

Previous Drone Positions [ 15.54729124  11.33773269   7.20725889   3.05874305  -0.86662178
  -4.92504407  -8.88963682 -12.99458433 -16.94997078 -21.12032506]_[35.56644312 35.34819995 35.64834302 35.26580756 35.80216184 35.23453711
 35.51406013 35.32064274 35.62697521 35.58243873] 

Mean Previous Drone Positions [-2.8595157 -2.8595157 -2.8595157 -2.8595157 -2.8595157 -2.8595157
 -2.8595157 -2.8595157 -2.8595157 -2.8595157]_[35.49096094 35.49096094 35.49096094 35.49096094 35.49096094 35.49096094
 35.49096094 35.49096094 35.49096094 35.49096094] 

relative Drone Positions [ 18.9  14.7  10.5   6.3   2.1  -2.1  -6.3 -10.5 -14.7 -18.9]_[-0. -0. -0. -0.  0.  0.  0.  0.  0.  0.] 

current starting Drone Positions [ 16.0404843  11.8404843   7.6404843   3.4404843  -0.7595157  -4.9595157
  -9.1595157 -13.3595157 -17.5595157 -21.7595157]_[35.49096094 35.49096094 35.49096094 35.49096094 35.49096094 35.49096094
 35.49096094 35.49096094 35.49096094 35.49096094] 

scanning direction vector [0. 0. 0. 0. 0. 0. 0. 0. 0. 0.]_[2. 2. 2. 2. 2. 2. 2. 2. 2. 2.] 

changing back speed 0.3 

velocity vector [ 0.14795792  0.15082549  0.12996762  0.11452237  0.03213183 -0.01034149
 -0.08096366 -0.10947941 -0.18286347 -0.19175719]_[1.97735535 2.0428283  1.95278538 2.06754602 1.90663973 2.07692715
 1.99307024 2.05109546 1.95919572 1.97255666] 

Moving Straight [ 15.69524916  11.48855817   7.33722651   3.17326543  -0.83448996
  -4.93538556  -8.97060048 -13.10406374 -17.13283426 -21.31208225]_[37.54379846 37.39102825 37.6011284  37.33335357 37.70880157 37.31146426
 37.50713037 37.3717382  37.58617093 37.55499539] 

drones next lat [48.33617499 48.33617328 48.33617484 48.3361721  48.33617517 48.33617127
 48.33617271 48.33617116 48.33617278 48.33617216] drones next lon [14.32685132 14.32679458 14.32673854 14.32668239 14.32662827 14.32657299
 14.32651852 14.32646276 14.32640838 14.326352  ] 
WayPoint_Count 194 

Leader Index 4 

Leader Contour 96.0 

Contour Threshold 175 

Previous Drone Positions [ 15.69524916  11.48855817   7.33722651   3.17326543  -0.83448996
  -4.93538556  -8.97060048 -13.10406374 -17.13283426 -21.31208225]_[37.54379846 37.39102825 37.6011284  37.33335357 37.70880157 37.31146426
 37.50713037 37.3717382  37.58617093 37.55499539] 

Mean Previous Drone Positions [-2.8595157 -2.8595157 -2.8595157 -2.8595157 -2.8595157 -2.8595157
 -2.8595157 -2.8595157 -2.8595157 -2.8595157]_[37.49096094 37.49096094 37.49096094 37.49096094 37.49096094 37.49096094
 37.49096094 37.49096094 37.49096094 37.49096094] 

relative Drone Positions [ 18.9  14.7  10.5   6.3   2.1  -2.1  -6.3 -10.5 -14.7 -18.9]_[-0. -0. -0. -0.  0.  0.  0.  0.  0.  0.] 

current starting Drone Positions [ 16.0404843  11.8404843   7.6404843   3.4404843  -0.7595157  -4.9595157
  -9.1595157 -13.3595157 -17.5595157 -21.7595157]_[37.49096094 37.49096094 37.49096094 37.49096094 37.49096094 37.49096094
 37.49096094 37.49096094 37.49096094 37.49096094] 

scanning direction vector [0. 0. 0. 0. 0. 0. 0. 0. 0. 0.]_[2. 2. 2. 2. 2. 2. 2. 2. 2. 2.] 

changing back speed 0.3 

velocity vector [ 0.10357054  0.10557784  0.09097734  0.08016566  0.02249228 -0.00723904
 -0.05667456 -0.07663559 -0.12800443 -0.13423003]_[1.98414874 2.02997981 1.96694976 2.04728221 1.93464781 2.05384901
 1.99514917 2.03576682 1.971437   1.98078966] 

Moving Straight [ 15.7988197   11.59413601   7.42820385   3.25343109  -0.81199768
  -4.9426246   -9.02727505 -13.18069933 -17.26083869 -21.44631229]_[39.52794721 39.42100806 39.56807816 39.38063578 39.64344938 39.36531326
 39.50227954 39.40750502 39.55760794 39.53578506] 

drones next lat [48.33619284 48.33619155 48.33619254 48.33619053 48.33619257 48.33618974
 48.33619065 48.33618947 48.3361905  48.33618997] drones next lon [14.32685248 14.32679577 14.32673954 14.32668323 14.32662835 14.32657265
 14.32651752 14.32646149 14.32640642 14.32634995] 
WayPoint_Count 195 

Leader Index 4 

Leader Contour 113.0 

Contour Threshold 175 

Previous Drone Positions [ 15.7988197   11.59413601   7.42820385   3.25343109  -0.81199768
  -4.9426246   -9.02727505 -13.18069933 -17.26083869 -21.44631229]_[39.52794721 39.42100806 39.56807816 39.38063578 39.64344938 39.36531326
 39.50227954 39.40750502 39.55760794 39.53578506] 

Mean Previous Drone Positions [-2.8595157 -2.8595157 -2.8595157 -2.8595157 -2.8595157 -2.8595157
 -2.8595157 -2.8595157 -2.8595157 -2.8595157]_[39.49096094 39.49096094 39.49096094 39.49096094 39.49096094 39.49096094
 39.49096094 39.49096094 39.49096094 39.49096094] 

relative Drone Positions [ 18.9  14.7  10.5   6.3   2.1  -2.1  -6.3 -10.5 -14.7 -18.9]_[-0. -0. -0. -0.  0.  0.  0.  0.  0.  0.] 

current starting Drone Positions [ 16.0404843  11.8404843   7.6404843   3.4404843  -0.7595157  -4.9595157
  -9.1595157 -13.3595157 -17.5595157 -21.7595157]_[39.49096094 39.49096094 39.49096094 39.49096094 39.49096094 39.49096094
 39.49096094 39.49096094 39.49096094 39.49096094] 

scanning direction vector [0. 0. 0. 0. 0. 0. 0. 0. 0. 0.]_[2. 2. 2. 2. 2. 2. 2. 2. 2. 2.] 

changing back speed 0.3 

velocity vector [ 0.07249938  0.07390449  0.06368414  0.05611596  0.01574459 -0.00506733
 -0.0396722  -0.05364491 -0.0896031  -0.09396102]_[1.98890412 2.02098587 1.97686483 2.03309755 1.95425347 2.0376943
 1.99660442 2.02503678 1.9800059  1.98655277] 

Moving Straight [ 15.87131908  11.6680405    7.49188798   3.30954705  -0.79625309
  -4.94769193  -9.06694724 -13.23434424 -17.35044179 -21.54027331]_[41.51685133 41.44199392 41.544943   41.41373333 41.59770285 41.40300757
 41.49888396 41.4325418  41.53761384 41.52233782] 

drones next lat [48.33621074 48.33620974 48.33621033 48.33620882 48.33621015 48.33620807
 48.33620861 48.33620769 48.33620831 48.33620784] drones next lon [14.32685323 14.32679652 14.32674016 14.32668375 14.32662833 14.32657234
 14.32651675 14.32646053 14.32640498 14.32634845] 
